Job_ID,Job_Title,Company,Company_Size,Country,Experience_Level,Education_Required,Salary_USD,Required_Skills,Remote_Type,Posted_Month,Applicants,Job_Description
10001,ML Engineer,DataSphere,Medium,India,Mid,Bachelor's,65867,"Machine Learning, Python, PyTorch, TensorFlow, AWS",Hybrid,Feb,174,Deploy and optimize machine learning models in production.
10002,Business Analyst,NextGen AI,Startup,UK,Mid,Bachelor's,59659,"Tableau, Excel, SQL, Power BI",Hybrid,Mar,233,Gather requirements and improve business processes through data insights.
10003,ML Engineer,ByteWorks,Startup,Canada,Entry,Bachelor's,96237,"Python, PyTorch, TensorFlow, AWS",Remote,Dec,431,Deploy and optimize machine learning models in production.
10004,Data Scientist,DataSphere,Medium,Germany,Entry,Bachelor's,97584,"Python, PyTorch, TensorFlow, SQL, Machine Learning",Hybrid,Apr,402,Build predictive models and perform advanced analytics.
10005,AI Engineer,DataSphere,Medium,Germany,Entry,Bachelor's,124037,"PyTorch, Python, Machine Learning, AWS, TensorFlow",Hybrid,Aug,285,Build AI systems using deep learning and generative AI technologies.
10006,Data Scientist,Insight Corp,Enterprise,Singapore,Mid,Master's,117307,"Machine Learning, Python, PyTorch",Remote,May,225,Build predictive models and perform advanced analytics.
10007,Data Analyst,NextGen AI,Startup,UK,Senior,Master's,94495,"DAX, Power BI, SQL, Tableau",Hybrid,Apr,104,Analyze business data and create reports and dashboards.
10008,ML Engineer,Insight Corp,Enterprise,Singapore,Mid,Bachelor's,163103,"Machine Learning, AWS, Python",Remote,Feb,142,Deploy and optimize machine learning models in production.
10009,Business Analyst,InnoSoft,Enterprise,Australia,Mid,Master's,49683,"Power BI, Tableau, Excel, SQL",Hybrid,Nov,148,Gather requirements and improve business processes through data insights.
10010,BI Developer,DataSphere,Medium,Canada,Mid,Master's,84718,"DAX, Excel, SQL, Power BI",On-site,Nov,50,Develop interactive dashboards and business intelligence solutions.
10011,Data Engineer,NextGen AI,Startup,USA,Entry,Master's,96174,"Spark, SQL, Python, AWS",On-site,May,423,Design and maintain data pipelines and data warehouses.
10012,Business Analyst,TechNova,Startup,USA,Senior,Master's,72257,"SQL, Excel, Tableau",Hybrid,May,71,Gather requirements and improve business processes through data insights.
10013,Data Engineer,ByteWorks,Startup,USA,Senior,Master's,162184,"Spark, SQL, AWS, Python",Remote,Apr,232,Design and maintain data pipelines and data warehouses.
10014,Data Analyst,CloudMatrix,Medium,India,Mid,Master's,33795,"DAX, Python, SQL, Tableau, Excel",Remote,Feb,278,Analyze business data and create reports and dashboards.
10015,Data Engineer,NextGen AI,Startup,Canada,Mid,Bachelor's,109522,"AWS, Python, SQL, Spark",Remote,Feb,188,Design and maintain data pipelines and data warehouses.
10016,Data Analyst,ByteWorks,Startup,Canada,Mid,Bachelor's,80331,"DAX, Python, Tableau, SQL, Excel",Remote,Apr,236,Analyze business data and create reports and dashboards.
10017,Business Analyst,NextGen AI,Startup,UK,Mid,Bachelor's,76104,"Excel, SQL, Tableau",Remote,Nov,96,Gather requirements and improve business processes through data insights.
10018,Data Engineer,TechNova,Startup,India,Senior,PhD,76307,"AWS, Python, Spark",Hybrid,Jan,194,Design and maintain data pipelines and data warehouses.
10019,Data Scientist,Insight Corp,Enterprise,Australia,Mid,Bachelor's,120811,"PyTorch, SQL, Python, TensorFlow, Machine Learning",Hybrid,Jan,158,Build predictive models and perform advanced analytics.
10020,Data Engineer,TechNova,Startup,Singapore,Entry,Bachelor's,77493,"SQL, Python, Spark, AWS",Hybrid,Oct,421,Design and maintain data pipelines and data warehouses.
10021,Data Analyst,NextGen AI,Startup,Germany,Entry,Bachelor's,55021,"DAX, Tableau, Excel, SQL",Hybrid,Nov,308,Analyze business data and create reports and dashboards.
10022,ML Engineer,CloudMatrix,Medium,USA,Entry,Bachelor's,102154,"Python, AWS, PyTorch",Hybrid,Feb,397,Deploy and optimize machine learning models in production.
10023,Data Engineer,NextGen AI,Startup,UK,Entry,Bachelor's,108670,"AWS, Spark, SQL",Hybrid,Nov,229,Design and maintain data pipelines and data warehouses.
10024,AI Engineer,Insight Corp,Enterprise,Singapore,Entry,Master's,102220,"Machine Learning, TensorFlow, AWS, PyTorch, Python",On-site,Apr,246,Build AI systems using deep learning and generative AI technologies.
10025,ML Engineer,Insight Corp,Enterprise,UK,Mid,Master's,103115,"Python, Machine Learning, TensorFlow, AWS",Hybrid,Mar,73,Deploy and optimize machine learning models in production.
10026,ML Engineer,Analytica,Enterprise,UK,Mid,Bachelor's,178333,"TensorFlow, Python, Machine Learning, AWS, PyTorch",Remote,Jan,52,Deploy and optimize machine learning models in production.
10027,BI Developer,CloudMatrix,Medium,Australia,Senior,Master's,75764,"SQL, Power BI, DAX",Remote,Apr,141,Develop interactive dashboards and business intelligence solutions.
10028,AI Engineer,InnoSoft,Enterprise,Australia,Senior,Master's,207417,"AWS, TensorFlow, Machine Learning, Python",Remote,Jul,56,Build AI systems using deep learning and generative AI technologies.
10029,AI Engineer,TechNova,Startup,Australia,Mid,Bachelor's,130677,"TensorFlow, Python, PyTorch",Remote,Jul,167,Build AI systems using deep learning and generative AI technologies.
10030,BI Developer,Insight Corp,Enterprise,Australia,Entry,Bachelor's,61462,"DAX, SQL, Excel, Power BI",Hybrid,Oct,369,Develop interactive dashboards and business intelligence solutions.
10031,BI Developer,TechNova,Startup,India,Mid,Bachelor's,40867,"SQL, Power BI, Excel, DAX",Remote,Dec,386,Develop interactive dashboards and business intelligence solutions.
10032,Data Scientist,TechNova,Startup,UK,Senior,PhD,137988,"TensorFlow, PyTorch, SQL, Python, Machine Learning",Hybrid,Nov,143,Build predictive models and perform advanced analytics.
10033,Data Scientist,CloudMatrix,Medium,Germany,Mid,Master's,97518,"Machine Learning, TensorFlow, PyTorch, Python",Hybrid,May,99,Build predictive models and perform advanced analytics.
10034,Business Analyst,ByteWorks,Startup,Australia,Mid,Bachelor's,68757,"SQL, Power BI, Tableau, Excel",Hybrid,May,169,Gather requirements and improve business processes through data insights.
10035,Data Engineer,CloudMatrix,Medium,India,Senior,Master's,76164,"SQL, Python, Spark",Remote,Aug,311,Design and maintain data pipelines and data warehouses.
10036,Data Engineer,DataSphere,Medium,Germany,Mid,Bachelor's,113045,"AWS, Python, Spark, SQL",Hybrid,Jul,233,Design and maintain data pipelines and data warehouses.
10037,Business Analyst,InnoSoft,Enterprise,Australia,Senior,PhD,106479,"Excel, SQL, Tableau",Remote,Nov,168,Gather requirements and improve business processes through data insights.
10038,Data Engineer,CloudMatrix,Medium,Australia,Senior,PhD,203273,"AWS, Python, SQL, Spark",On-site,Apr,159,Design and maintain data pipelines and data warehouses.
10039,AI Engineer,Insight Corp,Enterprise,Australia,Mid,Master's,172706,"Python, PyTorch, Machine Learning, TensorFlow",Remote,Jun,210,Build AI systems using deep learning and generative AI technologies.
10040,Data Engineer,DataSphere,Medium,USA,Entry,Master's,125205,"AWS, SQL, Spark",Hybrid,Jul,366,Design and maintain data pipelines and data warehouses.
10041,Data Analyst,NextGen AI,Startup,Australia,Mid,Master's,52065,"Python, Excel, Tableau, SQL",Hybrid,Sep,245,Analyze business data and create reports and dashboards.
10042,ML Engineer,NextGen AI,Startup,Germany,Entry,Master's,127912,"AWS, TensorFlow, Machine Learning, Python, PyTorch",Hybrid,Oct,281,Deploy and optimize machine learning models in production.
10043,Data Engineer,TechNova,Startup,India,Mid,Master's,52192,"Spark, Python, SQL, AWS",Remote,Jul,241,Design and maintain data pipelines and data warehouses.
10044,BI Developer,ByteWorks,Startup,Canada,Senior,Master's,109917,"DAX, SQL, Excel",Hybrid,Jan,54,Develop interactive dashboards and business intelligence solutions.
10045,Business Analyst,NextGen AI,Startup,Australia,Entry,Master's,44987,"SQL, Tableau, Power BI",Hybrid,Mar,243,Gather requirements and improve business processes through data insights.
10046,Data Engineer,DataSphere,Medium,Australia,Senior,Master's,166705,"AWS, SQL, Python, Spark",Hybrid,Feb,77,Design and maintain data pipelines and data warehouses.
10047,ML Engineer,Insight Corp,Enterprise,Australia,Mid,Bachelor's,113474,"Machine Learning, AWS, PyTorch, TensorFlow",On-site,Sep,194,Deploy and optimize machine learning models in production.
10048,ML Engineer,CloudMatrix,Medium,India,Senior,PhD,107460,"AWS, TensorFlow, Machine Learning, Python, PyTorch",On-site,Aug,182,Deploy and optimize machine learning models in production.
10049,Data Scientist,Insight Corp,Enterprise,Canada,Senior,Master's,110648,"SQL, PyTorch, Machine Learning",On-site,Aug,121,Build predictive models and perform advanced analytics.
10050,AI Engineer,CloudMatrix,Medium,USA,Mid,Bachelor's,170633,"PyTorch, Python, Machine Learning, AWS, TensorFlow",Remote,Dec,116,Build AI systems using deep learning and generative AI technologies.
10051,Data Scientist,Analytica,Enterprise,UK,Mid,Master's,148952,"Python, PyTorch, Machine Learning, SQL",Hybrid,Dec,215,Build predictive models and perform advanced analytics.
10052,Business Analyst,Insight Corp,Enterprise,Singapore,Mid,Master's,84330,"Power BI, SQL, Tableau, Excel",Hybrid,May,191,Gather requirements and improve business processes through data insights.
10053,Business Analyst,DataSphere,Medium,Singapore,Entry,Master's,45443,"SQL, Excel, Power BI, Tableau",On-site,Dec,477,Gather requirements and improve business processes through data insights.
10054,Data Engineer,Insight Corp,Enterprise,India,Senior,Master's,81956,"SQL, AWS, Python",Remote,Sep,204,Design and maintain data pipelines and data warehouses.
10055,BI Developer,InnoSoft,Enterprise,Singapore,Senior,PhD,124898,"DAX, Power BI, Excel, SQL",On-site,Mar,76,Develop interactive dashboards and business intelligence solutions.
10056,Data Analyst,Insight Corp,Enterprise,Australia,Mid,Bachelor's,55442,"DAX, Python, SQL, Tableau, Power BI",Hybrid,Apr,152,Analyze business data and create reports and dashboards.
10057,Data Analyst,ByteWorks,Startup,UK,Mid,Bachelor's,67263,"Power BI, Excel, DAX, SQL",Hybrid,Oct,248,Analyze business data and create reports and dashboards.
10058,ML Engineer,DataSphere,Medium,Australia,Entry,Bachelor's,101393,"Machine Learning, Python, AWS",Remote,Jul,237,Deploy and optimize machine learning models in production.
10059,Data Scientist,Analytica,Enterprise,Canada,Entry,Master's,91597,"Python, Machine Learning, SQL, PyTorch",Hybrid,Feb,402,Build predictive models and perform advanced analytics.
10060,Data Engineer,NextGen AI,Startup,Singapore,Entry,Master's,104325,"Spark, SQL, Python, AWS",Remote,Dec,204,Design and maintain data pipelines and data warehouses.
10061,Data Scientist,Insight Corp,Enterprise,UK,Mid,Bachelor's,143299,"TensorFlow, PyTorch, Python, SQL",Hybrid,Nov,70,Build predictive models and perform advanced analytics.
10062,AI Engineer,TechNova,Startup,Australia,Mid,Bachelor's,140990,"AWS, Machine Learning, TensorFlow",Remote,Oct,197,Build AI systems using deep learning and generative AI technologies.
10063,Data Scientist,Analytica,Enterprise,India,Mid,Master's,69481,"TensorFlow, SQL, PyTorch",Hybrid,May,226,Build predictive models and perform advanced analytics.
10064,ML Engineer,ByteWorks,Startup,Australia,Mid,Master's,101035,"PyTorch, Python, TensorFlow, AWS",Remote,Jul,166,Deploy and optimize machine learning models in production.
10065,Data Analyst,NextGen AI,Startup,UK,Entry,Master's,69902,"Excel, Tableau, SQL",On-site,Aug,423,Analyze business data and create reports and dashboards.
10066,ML Engineer,Analytica,Enterprise,India,Entry,Bachelor's,52364,"AWS, Python, Machine Learning, PyTorch, TensorFlow",Hybrid,Nov,460,Deploy and optimize machine learning models in production.
10067,AI Engineer,InnoSoft,Enterprise,Germany,Senior,Master's,184685,"AWS, Machine Learning, Python, TensorFlow",Hybrid,Jul,180,Build AI systems using deep learning and generative AI technologies.
10068,Business Analyst,InnoSoft,Enterprise,Australia,Entry,Master's,60473,"Power BI, Tableau, SQL",Remote,Mar,366,Gather requirements and improve business processes through data insights.
10069,Data Scientist,Analytica,Enterprise,Canada,Entry,Master's,101524,"Machine Learning, SQL, Python, PyTorch, TensorFlow",On-site,Dec,348,Build predictive models and perform advanced analytics.
10070,Data Scientist,ByteWorks,Startup,Germany,Senior,PhD,129507,"PyTorch, TensorFlow, Python",On-site,Feb,176,Build predictive models and perform advanced analytics.
10071,Data Engineer,Analytica,Enterprise,India,Mid,Master's,72414,"Spark, AWS, SQL, Python",Remote,Nov,286,Design and maintain data pipelines and data warehouses.
10072,AI Engineer,ByteWorks,Startup,Canada,Mid,Bachelor's,163578,"TensorFlow, PyTorch, Python",Remote,Jul,188,Build AI systems using deep learning and generative AI technologies.
10073,Data Analyst,DataSphere,Medium,Germany,Entry,Master's,58162,"Excel, DAX, Tableau",Remote,Mar,168,Analyze business data and create reports and dashboards.
10074,Business Analyst,ByteWorks,Startup,UK,Mid,Bachelor's,58275,"Tableau, Power BI, Excel, SQL",Remote,Apr,93,Gather requirements and improve business processes through data insights.
10075,Data Scientist,Insight Corp,Enterprise,Germany,Entry,Master's,64107,"Python, SQL, Machine Learning",Hybrid,Nov,342,Build predictive models and perform advanced analytics.
10076,Data Scientist,Insight Corp,Enterprise,Germany,Senior,PhD,138399,"Machine Learning, SQL, TensorFlow",On-site,Oct,148,Build predictive models and perform advanced analytics.
10077,BI Developer,Insight Corp,Enterprise,India,Senior,Master's,54676,"SQL, DAX, Power BI, Excel",Hybrid,Oct,171,Develop interactive dashboards and business intelligence solutions.
10078,AI Engineer,CloudMatrix,Medium,USA,Mid,Master's,153562,"TensorFlow, Python, PyTorch, AWS, Machine Learning",On-site,Jan,223,Build AI systems using deep learning and generative AI technologies.
10079,Data Engineer,CloudMatrix,Medium,Singapore,Entry,Bachelor's,107996,"Spark, AWS, SQL",Remote,May,339,Design and maintain data pipelines and data warehouses.
10080,AI Engineer,Analytica,Enterprise,Australia,Entry,Master's,120956,"TensorFlow, AWS, PyTorch",On-site,Feb,298,Build AI systems using deep learning and generative AI technologies.
10081,AI Engineer,ByteWorks,Startup,India,Entry,Bachelor's,47789,"Machine Learning, AWS, PyTorch, TensorFlow",Hybrid,Nov,496,Build AI systems using deep learning and generative AI technologies.
10082,Business Analyst,Analytica,Enterprise,India,Mid,Bachelor's,34591,"Tableau, Power BI, SQL, Excel",Hybrid,Mar,284,Gather requirements and improve business processes through data insights.
10083,Data Analyst,TechNova,Startup,Canada,Senior,Master's,71549,"SQL, Power BI, Tableau, DAX, Excel",Remote,Jul,74,Analyze business data and create reports and dashboards.
10084,ML Engineer,DataSphere,Medium,Australia,Mid,Master's,155803,"TensorFlow, AWS, Machine Learning, Python",Remote,Feb,121,Deploy and optimize machine learning models in production.
10085,ML Engineer,CloudMatrix,Medium,UK,Senior,Master's,190097,"Python, AWS, Machine Learning",Hybrid,Nov,65,Deploy and optimize machine learning models in production.
10086,ML Engineer,TechNova,Startup,India,Mid,Bachelor's,65770,"Machine Learning, TensorFlow, PyTorch",Hybrid,Apr,232,Deploy and optimize machine learning models in production.
10087,BI Developer,InnoSoft,Enterprise,Australia,Senior,Master's,72266,"Power BI, DAX, Excel",On-site,Feb,120,Develop interactive dashboards and business intelligence solutions.
10088,ML Engineer,TechNova,Startup,USA,Entry,Bachelor's,116186,"Python, TensorFlow, PyTorch, AWS",Remote,Dec,382,Deploy and optimize machine learning models in production.
10089,Data Analyst,Analytica,Enterprise,Germany,Mid,Master's,88464,"SQL, Tableau, Python, Excel, DAX",Remote,Nov,201,Analyze business data and create reports and dashboards.
10090,Data Analyst,TechNova,Startup,Germany,Senior,Master's,105027,"Power BI, Python, Tableau, SQL, DAX",Remote,Mar,225,Analyze business data and create reports and dashboards.
10091,BI Developer,CloudMatrix,Medium,Germany,Senior,PhD,122068,"Excel, SQL, DAX, Power BI",Hybrid,Aug,125,Develop interactive dashboards and business intelligence solutions.
10092,Business Analyst,ByteWorks,Startup,Canada,Senior,Master's,89938,"Tableau, SQL, Power BI, Excel",Hybrid,Nov,156,Gather requirements and improve business processes through data insights.
10093,Data Scientist,DataSphere,Medium,India,Senior,Master's,59197,"Machine Learning, Python, TensorFlow, PyTorch",Hybrid,Jul,222,Build predictive models and perform advanced analytics.
10094,BI Developer,ByteWorks,Startup,Australia,Senior,PhD,76854,"SQL, DAX, Excel, Power BI",Hybrid,Apr,123,Develop interactive dashboards and business intelligence solutions.
10095,AI Engineer,DataSphere,Medium,Canada,Senior,Master's,187919,"TensorFlow, AWS, PyTorch, Python, Machine Learning",On-site,Mar,79,Build AI systems using deep learning and generative AI technologies.
10096,BI Developer,Insight Corp,Enterprise,Canada,Entry,Bachelor's,52604,"Power BI, DAX, SQL",Hybrid,Dec,330,Develop interactive dashboards and business intelligence solutions.
10097,Data Engineer,NextGen AI,Startup,Germany,Mid,Bachelor's,134641,"Spark, AWS, Python, SQL",Hybrid,Mar,90,Design and maintain data pipelines and data warehouses.
10098,AI Engineer,TechNova,Startup,Singapore,Entry,Master's,140675,"AWS, PyTorch, Python, Machine Learning",Hybrid,Jul,427,Build AI systems using deep learning and generative AI technologies.
10099,Data Analyst,Insight Corp,Enterprise,Singapore,Mid,Bachelor's,91308,"SQL, Power BI, Python",Hybrid,Apr,184,Analyze business data and create reports and dashboards.
10100,BI Developer,NextGen AI,Startup,Australia,Entry,Bachelor's,60070,"Excel, SQL, DAX, Power BI",Remote,Sep,307,Develop interactive dashboards and business intelligence solutions.
10101,Data Engineer,CloudMatrix,Medium,India,Entry,Master's,36244,"AWS, Spark, SQL, Python",On-site,Feb,373,Design and maintain data pipelines and data warehouses.
10102,Data Scientist,TechNova,Startup,Canada,Entry,Master's,110759,"Machine Learning, SQL, TensorFlow",Remote,Sep,418,Build predictive models and perform advanced analytics.
10103,Data Analyst,ByteWorks,Startup,Australia,Entry,Master's,60525,"Tableau, Python, SQL",On-site,Jun,291,Analyze business data and create reports and dashboards.
10104,ML Engineer,InnoSoft,Enterprise,USA,Entry,Master's,118550,"Python, TensorFlow, PyTorch, AWS, Machine Learning",Hybrid,Nov,244,Deploy and optimize machine learning models in production.
10105,Data Engineer,CloudMatrix,Medium,Australia,Senior,Master's,167667,"AWS, Spark, SQL, Python",Hybrid,Jun,88,Design and maintain data pipelines and data warehouses.
10106,Data Engineer,DataSphere,Medium,Canada,Mid,Master's,84924,"Python, Spark, AWS, SQL",Hybrid,Oct,64,Design and maintain data pipelines and data warehouses.
10107,Data Engineer,TechNova,Startup,Germany,Senior,PhD,143527,"SQL, Python, AWS, Spark",Hybrid,Dec,132,Design and maintain data pipelines and data warehouses.
10108,Data Analyst,InnoSoft,Enterprise,India,Entry,Master's,33159,"Excel, DAX, Power BI, SQL",Hybrid,Nov,512,Analyze business data and create reports and dashboards.
10109,Data Engineer,TechNova,Startup,Australia,Mid,Master's,133720,"AWS, SQL, Spark, Python",Remote,Feb,66,Design and maintain data pipelines and data warehouses.
10110,Data Engineer,InnoSoft,Enterprise,Canada,Entry,Master's,107417,"Spark, Python, AWS, SQL",Remote,Jan,204,Design and maintain data pipelines and data warehouses.
10111,BI Developer,Insight Corp,Enterprise,USA,Senior,PhD,115832,"Power BI, SQL, DAX",Hybrid,Feb,246,Develop interactive dashboards and business intelligence solutions.
10112,Data Engineer,TechNova,Startup,Singapore,Entry,Bachelor's,87567,"SQL, Spark, AWS",Remote,Jul,398,Design and maintain data pipelines and data warehouses.
10113,BI Developer,NextGen AI,Startup,Germany,Mid,Master's,89347,"Excel, SQL, Power BI, DAX",Hybrid,May,109,Develop interactive dashboards and business intelligence solutions.
10114,AI Engineer,ByteWorks,Startup,UK,Mid,Master's,125146,"PyTorch, Python, Machine Learning",On-site,Jun,101,Build AI systems using deep learning and generative AI technologies.
10115,Data Engineer,DataSphere,Medium,Singapore,Senior,PhD,138838,"Spark, SQL, Python",Remote,Feb,122,Design and maintain data pipelines and data warehouses.
10116,Business Analyst,Analytica,Enterprise,Canada,Senior,Master's,91378,"SQL, Tableau, Excel, Power BI",Hybrid,Jan,63,Gather requirements and improve business processes through data insights.
10117,BI Developer,DataSphere,Medium,Australia,Mid,Master's,80969,"Excel, DAX, SQL, Power BI",Remote,Oct,87,Develop interactive dashboards and business intelligence solutions.
10118,Data Analyst,DataSphere,Medium,India,Entry,Bachelor's,24659,"SQL, Excel, Python, Power BI",Remote,Jul,529,Analyze business data and create reports and dashboards.
10119,ML Engineer,Analytica,Enterprise,India,Entry,Master's,67730,"TensorFlow, Machine Learning, AWS, PyTorch, Python",Hybrid,Apr,491,Deploy and optimize machine learning models in production.
10120,Data Engineer,ByteWorks,Startup,USA,Mid,Bachelor's,107776,"Python, SQL, Spark",On-site,Nov,184,Design and maintain data pipelines and data warehouses.
10121,Data Scientist,CloudMatrix,Medium,Canada,Mid,Master's,124105,"Python, TensorFlow, PyTorch, SQL, Machine Learning",Remote,Nov,67,Build predictive models and perform advanced analytics.
10122,Business Analyst,Analytica,Enterprise,Singapore,Mid,Bachelor's,61684,"Excel, SQL, Tableau, Power BI",Remote,Jan,84,Gather requirements and improve business processes through data insights.
10123,BI Developer,Insight Corp,Enterprise,UK,Entry,Master's,77029,"Power BI, Excel, DAX, SQL",Remote,May,335,Develop interactive dashboards and business intelligence solutions.
10124,Data Analyst,CloudMatrix,Medium,Germany,Senior,PhD,106297,"Power BI, DAX, Excel",Remote,Feb,148,Analyze business data and create reports and dashboards.
10125,ML Engineer,ByteWorks,Startup,India,Mid,Master's,61116,"PyTorch, Machine Learning, TensorFlow",Remote,Oct,276,Deploy and optimize machine learning models in production.
10126,ML Engineer,ByteWorks,Startup,USA,Mid,Bachelor's,163846,"Machine Learning, AWS, TensorFlow, Python",Remote,Nov,164,Deploy and optimize machine learning models in production.
10127,ML Engineer,ByteWorks,Startup,Canada,Mid,Master's,112592,"AWS, Python, Machine Learning, PyTorch, TensorFlow",Remote,Jun,57,Deploy and optimize machine learning models in production.
10128,Data Scientist,TechNova,Startup,UK,Entry,Master's,116074,"PyTorch, Machine Learning, TensorFlow",Hybrid,Jul,339,Build predictive models and perform advanced analytics.
10129,BI Developer,Insight Corp,Enterprise,USA,Senior,PhD,82716,"Excel, DAX, SQL, Power BI",Remote,Dec,238,Develop interactive dashboards and business intelligence solutions.
10130,Data Scientist,NextGen AI,Startup,UK,Entry,Master's,120943,"SQL, Machine Learning, TensorFlow",Remote,Feb,232,Build predictive models and perform advanced analytics.
10131,AI Engineer,CloudMatrix,Medium,Singapore,Entry,Bachelor's,93585,"TensorFlow, Machine Learning, AWS, Python",Remote,Apr,428,Build AI systems using deep learning and generative AI technologies.
10132,AI Engineer,InnoSoft,Enterprise,USA,Mid,Bachelor's,116806,"AWS, TensorFlow, PyTorch, Python",Hybrid,May,142,Build AI systems using deep learning and generative AI technologies.
10133,Data Scientist,Analytica,Enterprise,UK,Mid,Bachelor's,139123,"Python, SQL, Machine Learning, TensorFlow",Remote,Sep,197,Build predictive models and perform advanced analytics.
10134,ML Engineer,InnoSoft,Enterprise,Australia,Senior,Master's,204053,"Python, TensorFlow, AWS",On-site,Mar,178,Deploy and optimize machine learning models in production.
10135,BI Developer,NextGen AI,Startup,Canada,Senior,PhD,114248,"Power BI, DAX, Excel, SQL",On-site,Oct,122,Develop interactive dashboards and business intelligence solutions.
10136,Data Engineer,DataSphere,Medium,UK,Mid,Bachelor's,107111,"Spark, AWS, Python, SQL",Hybrid,Jan,93,Design and maintain data pipelines and data warehouses.
10137,ML Engineer,Insight Corp,Enterprise,Singapore,Entry,Bachelor's,151991,"Machine Learning, PyTorch, AWS, TensorFlow, Python",Hybrid,Nov,263,Deploy and optimize machine learning models in production.
10138,Data Scientist,Insight Corp,Enterprise,Germany,Entry,Master's,70066,"Machine Learning, TensorFlow, SQL, Python",Hybrid,Dec,302,Build predictive models and perform advanced analytics.
10139,BI Developer,CloudMatrix,Medium,Germany,Entry,Master's,66854,"Excel, SQL, Power BI",Remote,Apr,424,Develop interactive dashboards and business intelligence solutions.
10140,Business Analyst,DataSphere,Medium,India,Entry,Bachelor's,29328,"Power BI, Tableau, SQL",On-site,Mar,495,Gather requirements and improve business processes through data insights.
10141,Data Scientist,Analytica,Enterprise,Germany,Senior,PhD,194675,"PyTorch, SQL, Python, TensorFlow",Remote,Jan,55,Build predictive models and perform advanced analytics.
10142,Data Analyst,Insight Corp,Enterprise,Germany,Mid,Master's,85320,"Power BI, SQL, Excel",Hybrid,Jul,123,Analyze business data and create reports and dashboards.
10143,BI Developer,TechNova,Startup,Germany,Entry,Master's,78137,"Excel, DAX, Power BI",Hybrid,Oct,291,Develop interactive dashboards and business intelligence solutions.
10144,ML Engineer,DataSphere,Medium,USA,Senior,PhD,218606,"Machine Learning, PyTorch, Python, AWS",On-site,Sep,145,Deploy and optimize machine learning models in production.
10145,Data Analyst,TechNova,Startup,India,Entry,Master's,30071,"SQL, Excel, Tableau, Python, DAX",Remote,Oct,511,Analyze business data and create reports and dashboards.
10146,BI Developer,Analytica,Enterprise,Singapore,Mid,Master's,96332,"SQL, Power BI, DAX, Excel",Hybrid,May,54,Develop interactive dashboards and business intelligence solutions.
10147,ML Engineer,NextGen AI,Startup,Singapore,Entry,Bachelor's,140574,"AWS, TensorFlow, PyTorch, Python, Machine Learning",Hybrid,Apr,327,Deploy and optimize machine learning models in production.
10148,Data Analyst,Analytica,Enterprise,Canada,Mid,Bachelor's,76566,"Tableau, Power BI, Python, Excel, DAX",Remote,Sep,226,Analyze business data and create reports and dashboards.
10149,BI Developer,Analytica,Enterprise,UK,Entry,Bachelor's,55214,"DAX, Excel, Power BI, SQL",Remote,May,403,Develop interactive dashboards and business intelligence solutions.
10150,Data Engineer,Insight Corp,Enterprise,USA,Senior,PhD,182412,"AWS, SQL, Spark",Remote,Sep,247,Design and maintain data pipelines and data warehouses.
10151,AI Engineer,Insight Corp,Enterprise,Canada,Entry,Bachelor's,137017,"PyTorch, Python, TensorFlow",On-site,Jun,348,Build AI systems using deep learning and generative AI technologies.
10152,Data Scientist,Insight Corp,Enterprise,Singapore,Mid,Bachelor's,114575,"TensorFlow, Machine Learning, Python, PyTorch, SQL",Remote,Nov,187,Build predictive models and perform advanced analytics.
10153,Data Engineer,NextGen AI,Startup,Singapore,Entry,Master's,83726,"SQL, Python, Spark",Hybrid,Nov,339,Design and maintain data pipelines and data warehouses.
10154,Data Scientist,Analytica,Enterprise,Singapore,Entry,Bachelor's,102266,"PyTorch, Machine Learning, TensorFlow",Hybrid,Mar,305,Build predictive models and perform advanced analytics.
10155,Data Scientist,InnoSoft,Enterprise,India,Senior,PhD,87864,"Python, PyTorch, Machine Learning, SQL",On-site,May,249,Build predictive models and perform advanced analytics.
10156,Data Scientist,Analytica,Enterprise,USA,Senior,PhD,210150,"TensorFlow, Machine Learning, PyTorch",Remote,Nov,119,Build predictive models and perform advanced analytics.
10157,BI Developer,InnoSoft,Enterprise,India,Mid,Bachelor's,39000,"Excel, Power BI, DAX",On-site,Jul,331,Develop interactive dashboards and business intelligence solutions.
10158,ML Engineer,DataSphere,Medium,USA,Senior,PhD,236128,"PyTorch, AWS, Python",On-site,May,132,Deploy and optimize machine learning models in production.
10159,BI Developer,Insight Corp,Enterprise,UK,Mid,Master's,57092,"Power BI, SQL, DAX, Excel",Hybrid,Mar,116,Develop interactive dashboards and business intelligence solutions.
10160,Data Scientist,Insight Corp,Enterprise,Singapore,Entry,Master's,103237,"SQL, Machine Learning, PyTorch",Remote,Jul,300,Build predictive models and perform advanced analytics.
10161,ML Engineer,Analytica,Enterprise,Australia,Mid,Bachelor's,127830,"Python, AWS, PyTorch, TensorFlow, Machine Learning",Remote,Jan,245,Deploy and optimize machine learning models in production.
10162,AI Engineer,NextGen AI,Startup,UK,Mid,Bachelor's,125511,"Python, TensorFlow, PyTorch, AWS",On-site,Sep,133,Build AI systems using deep learning and generative AI technologies.
10163,Data Scientist,TechNova,Startup,Germany,Entry,Bachelor's,112005,"TensorFlow, Python, Machine Learning, PyTorch",Remote,Dec,410,Build predictive models and perform advanced analytics.
10164,Business Analyst,DataSphere,Medium,India,Mid,Master's,24850,"Tableau, Excel, SQL",On-site,Mar,245,Gather requirements and improve business processes through data insights.
10165,AI Engineer,InnoSoft,Enterprise,Australia,Mid,Bachelor's,163234,"AWS, Machine Learning, TensorFlow, Python",On-site,Nov,145,Build AI systems using deep learning and generative AI technologies.
10166,AI Engineer,CloudMatrix,Medium,India,Entry,Master's,72188,"Python, Machine Learning, TensorFlow",Hybrid,Nov,451,Build AI systems using deep learning and generative AI technologies.
10167,ML Engineer,ByteWorks,Startup,UK,Entry,Bachelor's,103591,"TensorFlow, Python, AWS, Machine Learning",Remote,Apr,330,Deploy and optimize machine learning models in production.
10168,Business Analyst,DataSphere,Medium,India,Mid,Master's,38957,"SQL, Power BI, Excel",Hybrid,Aug,339,Gather requirements and improve business processes through data insights.
10169,Business Analyst,NextGen AI,Startup,Australia,Senior,Master's,62926,"SQL, Power BI, Tableau, Excel",Hybrid,May,85,Gather requirements and improve business processes through data insights.
10170,Business Analyst,NextGen AI,Startup,Germany,Entry,Master's,39594,"Tableau, Excel, SQL, Power BI",Hybrid,Dec,336,Gather requirements and improve business processes through data insights.
10171,Data Scientist,ByteWorks,Startup,USA,Entry,Bachelor's,94101,"TensorFlow, Machine Learning, SQL",Hybrid,Sep,480,Build predictive models and perform advanced analytics.
10172,Data Scientist,ByteWorks,Startup,UK,Mid,Bachelor's,136023,"Python, SQL, Machine Learning, PyTorch",Remote,Jan,112,Build predictive models and perform advanced analytics.
10173,BI Developer,ByteWorks,Startup,Singapore,Mid,Master's,62451,"Power BI, Excel, SQL, DAX",Remote,Jan,68,Develop interactive dashboards and business intelligence solutions.
10174,Business Analyst,NextGen AI,Startup,Singapore,Entry,Master's,67816,"Power BI, SQL, Tableau",Hybrid,Sep,264,Gather requirements and improve business processes through data insights.
10175,ML Engineer,CloudMatrix,Medium,Canada,Entry,Master's,129382,"AWS, PyTorch, Python, TensorFlow, Machine Learning",Remote,Jan,396,Deploy and optimize machine learning models in production.
10176,Data Engineer,NextGen AI,Startup,Singapore,Entry,Bachelor's,103721,"Spark, Python, AWS, SQL",Hybrid,Jul,440,Design and maintain data pipelines and data warehouses.
10177,Data Engineer,NextGen AI,Startup,Germany,Mid,Bachelor's,134150,"AWS, SQL, Python, Spark",On-site,Mar,115,Design and maintain data pipelines and data warehouses.
10178,ML Engineer,Analytica,Enterprise,USA,Senior,PhD,249692,"Python, Machine Learning, PyTorch, AWS, TensorFlow",On-site,Mar,214,Deploy and optimize machine learning models in production.
10179,AI Engineer,NextGen AI,Startup,India,Mid,Master's,51298,"Machine Learning, AWS, PyTorch",Hybrid,Jan,219,Build AI systems using deep learning and generative AI technologies.
10180,Data Analyst,ByteWorks,Startup,India,Entry,Bachelor's,28352,"DAX, Power BI, SQL, Python, Excel",Hybrid,Apr,412,Analyze business data and create reports and dashboards.
10181,Business Analyst,Insight Corp,Enterprise,Australia,Entry,Bachelor's,59409,"SQL, Power BI, Excel, Tableau",On-site,Nov,265,Gather requirements and improve business processes through data insights.
10182,AI Engineer,TechNova,Startup,India,Mid,Master's,78432,"TensorFlow, Python, Machine Learning",Remote,Nov,301,Build AI systems using deep learning and generative AI technologies.
10183,AI Engineer,CloudMatrix,Medium,UK,Senior,Master's,147598,"TensorFlow, AWS, Machine Learning",On-site,Feb,185,Build AI systems using deep learning and generative AI technologies.
10184,ML Engineer,Insight Corp,Enterprise,UK,Mid,Master's,100476,"Python, TensorFlow, PyTorch, Machine Learning",On-site,Feb,95,Deploy and optimize machine learning models in production.
10185,BI Developer,InnoSoft,Enterprise,UK,Entry,Bachelor's,67952,"Power BI, DAX, SQL, Excel",Remote,Feb,461,Develop interactive dashboards and business intelligence solutions.
10186,Data Scientist,NextGen AI,Startup,Australia,Entry,Master's,109796,"SQL, PyTorch, Python, Machine Learning",Remote,Jul,431,Build predictive models and perform advanced analytics.
10187,Business Analyst,ByteWorks,Startup,India,Mid,Master's,33388,"SQL, Tableau, Excel, Power BI",Remote,Jun,254,Gather requirements and improve business processes through data insights.
10188,Data Analyst,DataSphere,Medium,India,Senior,PhD,53385,"Python, SQL, Power BI",Remote,Sep,289,Analyze business data and create reports and dashboards.
10189,Data Engineer,ByteWorks,Startup,India,Entry,Master's,54624,"AWS, Python, SQL, Spark",Hybrid,Feb,440,Design and maintain data pipelines and data warehouses.
10190,ML Engineer,NextGen AI,Startup,UK,Mid,Bachelor's,151765,"PyTorch, AWS, Python, Machine Learning",Remote,Jul,93,Deploy and optimize machine learning models in production.
10191,BI Developer,ByteWorks,Startup,Canada,Mid,Master's,58481,"Excel, DAX, SQL",Remote,Feb,142,Develop interactive dashboards and business intelligence solutions.
10192,Business Analyst,Insight Corp,Enterprise,India,Senior,PhD,44475,"Tableau, SQL, Power BI, Excel",On-site,Jun,306,Gather requirements and improve business processes through data insights.
10193,Data Engineer,NextGen AI,Startup,Germany,Entry,Master's,114478,"AWS, Spark, Python, SQL",Hybrid,May,305,Design and maintain data pipelines and data warehouses.
10194,AI Engineer,ByteWorks,Startup,Canada,Entry,Master's,139319,"Python, AWS, PyTorch, Machine Learning, TensorFlow",Remote,Dec,340,Build AI systems using deep learning and generative AI technologies.
10195,Data Analyst,ByteWorks,Startup,Singapore,Mid,Bachelor's,77004,"DAX, Power BI, Tableau",Remote,Aug,111,Analyze business data and create reports and dashboards.
10196,Data Engineer,Analytica,Enterprise,UK,Mid,Bachelor's,159077,"Spark, AWS, Python",Hybrid,Apr,227,Design and maintain data pipelines and data warehouses.
10197,ML Engineer,CloudMatrix,Medium,USA,Mid,Bachelor's,113507,"AWS, PyTorch, TensorFlow, Python, Machine Learning",On-site,May,194,Deploy and optimize machine learning models in production.
10198,Business Analyst,NextGen AI,Startup,Germany,Entry,Bachelor's,63312,"Power BI, Excel, SQL",Hybrid,May,497,Gather requirements and improve business processes through data insights.
10199,Data Scientist,DataSphere,Medium,India,Senior,PhD,63769,"PyTorch, SQL, Machine Learning",Remote,Feb,228,Build predictive models and perform advanced analytics.
10200,Data Scientist,Analytica,Enterprise,Canada,Entry,Bachelor's,64477,"Python, Machine Learning, TensorFlow, PyTorch",Remote,Sep,360,Build predictive models and perform advanced analytics.
10201,Business Analyst,CloudMatrix,Medium,UK,Mid,Bachelor's,79066,"SQL, Excel, Tableau, Power BI",On-site,Dec,109,Gather requirements and improve business processes through data insights.
10202,Data Engineer,NextGen AI,Startup,Germany,Mid,Bachelor's,141710,"Spark, AWS, Python",Hybrid,Sep,51,Design and maintain data pipelines and data warehouses.
10203,Business Analyst,CloudMatrix,Medium,Canada,Entry,Bachelor's,40347,"Power BI, Tableau, SQL, Excel",Hybrid,Jun,342,Gather requirements and improve business processes through data insights.
10204,BI Developer,Analytica,Enterprise,UK,Entry,Bachelor's,62543,"SQL, Excel, Power BI, DAX",Hybrid,Jun,328,Develop interactive dashboards and business intelligence solutions.
10205,ML Engineer,InnoSoft,Enterprise,UK,Entry,Master's,92763,"Machine Learning, TensorFlow, PyTorch, Python",Hybrid,May,395,Deploy and optimize machine learning models in production.
10206,Business Analyst,InnoSoft,Enterprise,Canada,Senior,PhD,59177,"SQL, Excel, Tableau, Power BI",On-site,Nov,141,Gather requirements and improve business processes through data insights.
10207,Data Scientist,ByteWorks,Startup,Singapore,Senior,PhD,203762,"Machine Learning, TensorFlow, Python",Remote,Apr,92,Build predictive models and perform advanced analytics.
10208,Data Engineer,Insight Corp,Enterprise,USA,Mid,Master's,174901,"Python, SQL, Spark, AWS",Hybrid,Sep,190,Design and maintain data pipelines and data warehouses.
10209,Business Analyst,ByteWorks,Startup,India,Mid,Bachelor's,31624,"Excel, SQL, Tableau, Power BI",Hybrid,Dec,180,Gather requirements and improve business processes through data insights.
10210,Data Engineer,CloudMatrix,Medium,Australia,Mid,Master's,147510,"SQL, Python, AWS",Hybrid,Oct,92,Design and maintain data pipelines and data warehouses.
10211,Data Engineer,InnoSoft,Enterprise,Canada,Senior,PhD,154164,"Python, AWS, SQL, Spark",Hybrid,Nov,124,Design and maintain data pipelines and data warehouses.
10212,Business Analyst,InnoSoft,Enterprise,USA,Entry,Master's,61108,"Power BI, Tableau, SQL, Excel",Hybrid,Feb,313,Gather requirements and improve business processes through data insights.
10213,ML Engineer,DataSphere,Medium,Germany,Mid,Bachelor's,136650,"AWS, Machine Learning, TensorFlow, Python",On-site,Dec,227,Deploy and optimize machine learning models in production.
10214,Data Scientist,CloudMatrix,Medium,Australia,Entry,Bachelor's,109916,"TensorFlow, PyTorch, Machine Learning, SQL",On-site,Oct,314,Build predictive models and perform advanced analytics.
10215,AI Engineer,Analytica,Enterprise,Australia,Entry,Master's,86710,"Python, Machine Learning, AWS, TensorFlow",Hybrid,Jan,186,Build AI systems using deep learning and generative AI technologies.
10216,Data Scientist,NextGen AI,Startup,Singapore,Senior,PhD,166540,"Python, TensorFlow, Machine Learning, PyTorch",On-site,Nov,90,Build predictive models and perform advanced analytics.
10217,ML Engineer,InnoSoft,Enterprise,India,Entry,Bachelor's,56269,"Python, Machine Learning, AWS, TensorFlow, PyTorch",Hybrid,Oct,498,Deploy and optimize machine learning models in production.
10218,Business Analyst,Analytica,Enterprise,India,Entry,Bachelor's,28132,"SQL, Tableau, Excel",Remote,Feb,426,Gather requirements and improve business processes through data insights.
10219,BI Developer,CloudMatrix,Medium,Canada,Entry,Master's,49916,"SQL, DAX, Excel, Power BI",Remote,Dec,350,Develop interactive dashboards and business intelligence solutions.
10220,Business Analyst,InnoSoft,Enterprise,Germany,Mid,Master's,77616,"SQL, Excel, Tableau",Remote,Jul,105,Gather requirements and improve business processes through data insights.
10221,BI Developer,InnoSoft,Enterprise,USA,Entry,Bachelor's,55521,"DAX, Excel, SQL, Power BI",Hybrid,Sep,354,Develop interactive dashboards and business intelligence solutions.
10222,Data Engineer,NextGen AI,Startup,Singapore,Entry,Bachelor's,78044,"SQL, AWS, Python",Hybrid,Jun,411,Design and maintain data pipelines and data warehouses.
10223,BI Developer,InnoSoft,Enterprise,Germany,Senior,Master's,125638,"Power BI, Excel, SQL, DAX",Hybrid,Jan,157,Develop interactive dashboards and business intelligence solutions.
10224,BI Developer,NextGen AI,Startup,India,Senior,Master's,54778,"Excel, Power BI, DAX, SQL",Hybrid,May,265,Develop interactive dashboards and business intelligence solutions.
10225,Data Analyst,Insight Corp,Enterprise,India,Mid,Bachelor's,32802,"DAX, Python, Excel, Power BI, SQL",Remote,Jan,207,Analyze business data and create reports and dashboards.
10226,Business Analyst,DataSphere,Medium,Germany,Entry,Master's,39245,"SQL, Power BI, Excel, Tableau",Remote,Jun,273,Gather requirements and improve business processes through data insights.
10227,Data Engineer,Insight Corp,Enterprise,USA,Entry,Bachelor's,110227,"Spark, SQL, AWS",On-site,May,367,Design and maintain data pipelines and data warehouses.
10228,ML Engineer,DataSphere,Medium,Germany,Mid,Bachelor's,148727,"TensorFlow, PyTorch, Python, Machine Learning, AWS",Hybrid,Apr,64,Deploy and optimize machine learning models in production.
10229,ML Engineer,TechNova,Startup,India,Senior,Master's,62359,"TensorFlow, Machine Learning, Python, AWS",Hybrid,Jun,167,Deploy and optimize machine learning models in production.
10230,Business Analyst,ByteWorks,Startup,Singapore,Entry,Master's,42848,"Excel, Tableau, Power BI, SQL",Remote,Feb,391,Gather requirements and improve business processes through data insights.
10231,Data Scientist,Insight Corp,Enterprise,Australia,Senior,PhD,162574,"TensorFlow, Machine Learning, SQL",Hybrid,Dec,72,Build predictive models and perform advanced analytics.
10232,Data Engineer,NextGen AI,Startup,Germany,Entry,Bachelor's,125698,"SQL, Python, Spark, AWS",Hybrid,Apr,397,Design and maintain data pipelines and data warehouses.
10233,Data Engineer,CloudMatrix,Medium,Singapore,Senior,Master's,115910,"AWS, Spark, SQL, Python",Remote,Sep,135,Design and maintain data pipelines and data warehouses.
10234,Business Analyst,ByteWorks,Startup,Germany,Senior,PhD,71035,"SQL, Power BI, Tableau",Remote,Aug,232,Gather requirements and improve business processes through data insights.
10235,ML Engineer,DataSphere,Medium,UK,Entry,Master's,92249,"Python, AWS, PyTorch, Machine Learning, TensorFlow",Remote,May,413,Deploy and optimize machine learning models in production.
10236,AI Engineer,CloudMatrix,Medium,Australia,Entry,Bachelor's,119485,"TensorFlow, Machine Learning, PyTorch",Remote,Mar,346,Build AI systems using deep learning and generative AI technologies.
10237,Data Analyst,InnoSoft,Enterprise,Germany,Mid,Master's,80596,"Power BI, Excel, DAX",Hybrid,Feb,80,Analyze business data and create reports and dashboards.
10238,Data Analyst,InnoSoft,Enterprise,Australia,Mid,Master's,53598,"SQL, Python, DAX, Power BI",On-site,Sep,105,Analyze business data and create reports and dashboards.
10239,Data Analyst,Insight Corp,Enterprise,Canada,Senior,PhD,76695,"Tableau, DAX, SQL, Python",On-site,Feb,57,Analyze business data and create reports and dashboards.
10240,AI Engineer,InnoSoft,Enterprise,India,Entry,Bachelor's,53610,"Python, PyTorch, Machine Learning, AWS, TensorFlow",Hybrid,Nov,334,Build AI systems using deep learning and generative AI technologies.
10241,Data Scientist,InnoSoft,Enterprise,India,Senior,PhD,81688,"Machine Learning, SQL, TensorFlow",On-site,Aug,136,Build predictive models and perform advanced analytics.
10242,Data Analyst,ByteWorks,Startup,Singapore,Mid,Bachelor's,80982,"Excel, Power BI, SQL, Python",On-site,Nov,104,Analyze business data and create reports and dashboards.
10243,BI Developer,Analytica,Enterprise,Germany,Senior,Master's,117205,"Power BI, Excel, SQL, DAX",Remote,Jul,65,Develop interactive dashboards and business intelligence solutions.
10244,AI Engineer,CloudMatrix,Medium,Germany,Mid,Master's,172717,"PyTorch, AWS, TensorFlow, Python, Machine Learning",On-site,Oct,138,Build AI systems using deep learning and generative AI technologies.
10245,Business Analyst,TechNova,Startup,Australia,Mid,Bachelor's,49318,"SQL, Excel, Power BI, Tableau",Hybrid,May,170,Gather requirements and improve business processes through data insights.
10246,Data Engineer,TechNova,Startup,Australia,Senior,PhD,149411,"Spark, Python, AWS, SQL",On-site,Dec,197,Design and maintain data pipelines and data warehouses.
10247,ML Engineer,CloudMatrix,Medium,UK,Entry,Master's,117985,"AWS, PyTorch, Python",Remote,Jan,439,Deploy and optimize machine learning models in production.
10248,Data Analyst,TechNova,Startup,USA,Mid,Bachelor's,57882,"Tableau, SQL, DAX, Power BI",Hybrid,Jun,184,Analyze business data and create reports and dashboards.
10249,Data Analyst,TechNova,Startup,USA,Mid,Bachelor's,67853,"Excel, Python, DAX, Power BI, SQL",Remote,Jun,248,Analyze business data and create reports and dashboards.
10250,BI Developer,CloudMatrix,Medium,USA,Senior,Master's,125808,"DAX, SQL, Power BI, Excel",On-site,Jul,213,Develop interactive dashboards and business intelligence solutions.
10251,BI Developer,Insight Corp,Enterprise,USA,Entry,Bachelor's,50117,"SQL, Excel, Power BI, DAX",Hybrid,Aug,475,Develop interactive dashboards and business intelligence solutions.
10252,Business Analyst,CloudMatrix,Medium,Singapore,Entry,Master's,59591,"Power BI, SQL, Excel",Hybrid,Apr,273,Gather requirements and improve business processes through data insights.
10253,Business Analyst,DataSphere,Medium,Canada,Entry,Master's,40018,"Tableau, Excel, SQL, Power BI",Remote,Jun,334,Gather requirements and improve business processes through data insights.
10254,Data Engineer,ByteWorks,Startup,India,Senior,PhD,75288,"Spark, Python, SQL",Remote,Feb,198,Design and maintain data pipelines and data warehouses.
10255,Data Analyst,CloudMatrix,Medium,USA,Senior,Master's,88872,"Excel, Tableau, Power BI",Remote,Jul,237,Analyze business data and create reports and dashboards.
10256,ML Engineer,InnoSoft,Enterprise,UK,Senior,PhD,152051,"TensorFlow, AWS, PyTorch",Remote,Nov,63,Deploy and optimize machine learning models in production.
10257,BI Developer,Insight Corp,Enterprise,USA,Entry,Master's,75749,"SQL, Power BI, Excel",On-site,Feb,436,Develop interactive dashboards and business intelligence solutions.
10258,BI Developer,Analytica,Enterprise,USA,Entry,Master's,63562,"SQL, Power BI, DAX, Excel",On-site,Nov,267,Develop interactive dashboards and business intelligence solutions.
10259,BI Developer,DataSphere,Medium,Singapore,Mid,Master's,73762,"Power BI, Excel, SQL, DAX",On-site,Aug,144,Develop interactive dashboards and business intelligence solutions.
10260,BI Developer,NextGen AI,Startup,Australia,Entry,Master's,48635,"Excel, DAX, SQL, Power BI",Remote,Sep,212,Develop interactive dashboards and business intelligence solutions.
10261,Data Scientist,Analytica,Enterprise,UK,Senior,Master's,190690,"Python, Machine Learning, PyTorch, SQL, TensorFlow",Remote,Apr,126,Build predictive models and perform advanced analytics.
10262,AI Engineer,NextGen AI,Startup,USA,Entry,Master's,100271,"TensorFlow, PyTorch, Machine Learning, Python, AWS",Remote,Sep,435,Build AI systems using deep learning and generative AI technologies.
10263,Data Scientist,CloudMatrix,Medium,Australia,Entry,Bachelor's,117045,"Python, SQL, PyTorch, TensorFlow",Hybrid,Feb,303,Build predictive models and perform advanced analytics.
10264,Data Engineer,DataSphere,Medium,Australia,Entry,Master's,108063,"AWS, Python, Spark, SQL",Hybrid,Mar,322,Design and maintain data pipelines and data warehouses.
10265,Data Engineer,ByteWorks,Startup,India,Entry,Master's,53302,"Spark, Python, SQL, AWS",Hybrid,May,442,Design and maintain data pipelines and data warehouses.
10266,AI Engineer,Analytica,Enterprise,Australia,Mid,Bachelor's,115732,"AWS, PyTorch, TensorFlow, Machine Learning, Python",Remote,Aug,108,Build AI systems using deep learning and generative AI technologies.
10267,Business Analyst,ByteWorks,Startup,Singapore,Mid,Bachelor's,87695,"SQL, Excel, Tableau, Power BI",On-site,Sep,145,Gather requirements and improve business processes through data insights.
10268,Data Engineer,TechNova,Startup,USA,Entry,Master's,101309,"Spark, AWS, Python",Remote,Jun,227,Design and maintain data pipelines and data warehouses.
10269,AI Engineer,Analytica,Enterprise,UK,Entry,Master's,95612,"Machine Learning, AWS, Python, TensorFlow",Remote,Jun,331,Build AI systems using deep learning and generative AI technologies.
10270,Business Analyst,Insight Corp,Enterprise,Singapore,Senior,Master's,69802,"SQL, Power BI, Excel",Remote,Nov,122,Gather requirements and improve business processes through data insights.
10271,Business Analyst,NextGen AI,Startup,Canada,Mid,Bachelor's,78240,"Excel, SQL, Tableau, Power BI",On-site,Apr,55,Gather requirements and improve business processes through data insights.
10272,BI Developer,Insight Corp,Enterprise,Singapore,Senior,PhD,103431,"Excel, Power BI, SQL, DAX",On-site,Nov,158,Develop interactive dashboards and business intelligence solutions.
10273,Data Engineer,ByteWorks,Startup,UK,Entry,Bachelor's,127840,"Spark, SQL, Python, AWS",Hybrid,Jun,414,Design and maintain data pipelines and data warehouses.
10274,BI Developer,CloudMatrix,Medium,Australia,Entry,Master's,62622,"SQL, DAX, Power BI",Hybrid,Nov,236,Develop interactive dashboards and business intelligence solutions.
10275,Business Analyst,TechNova,Startup,Singapore,Mid,Master's,70504,"Tableau, Power BI, Excel, SQL",On-site,Dec,116,Gather requirements and improve business processes through data insights.
10276,ML Engineer,NextGen AI,Startup,Singapore,Mid,Master's,174984,"TensorFlow, Machine Learning, AWS, Python",Hybrid,Mar,221,Deploy and optimize machine learning models in production.
10277,ML Engineer,Insight Corp,Enterprise,Singapore,Senior,PhD,165672,"Python, TensorFlow, AWS, Machine Learning, PyTorch",On-site,Jun,224,Deploy and optimize machine learning models in production.
10278,BI Developer,Insight Corp,Enterprise,UK,Entry,Master's,51946,"SQL, Power BI, Excel, DAX",On-site,Sep,283,Develop interactive dashboards and business intelligence solutions.
10279,BI Developer,ByteWorks,Startup,India,Senior,Master's,43114,"Excel, SQL, Power BI, DAX",Remote,Aug,160,Develop interactive dashboards and business intelligence solutions.
10280,BI Developer,InnoSoft,Enterprise,Canada,Mid,Bachelor's,53452,"Power BI, Excel, SQL",Remote,Oct,165,Develop interactive dashboards and business intelligence solutions.
10281,Data Scientist,ByteWorks,Startup,Germany,Mid,Bachelor's,149144,"Machine Learning, TensorFlow, Python, PyTorch, SQL",Remote,Nov,148,Build predictive models and perform advanced analytics.
10282,Data Analyst,NextGen AI,Startup,USA,Mid,Bachelor's,84458,"Tableau, DAX, Excel, Python",Remote,Jan,129,Analyze business data and create reports and dashboards.
10283,BI Developer,Insight Corp,Enterprise,Germany,Mid,Bachelor's,100218,"Power BI, Excel, DAX, SQL",Remote,Mar,184,Develop interactive dashboards and business intelligence solutions.
10284,AI Engineer,ByteWorks,Startup,India,Entry,Master's,48238,"PyTorch, Python, TensorFlow",Hybrid,Sep,334,Build AI systems using deep learning and generative AI technologies.
10285,Data Engineer,TechNova,Startup,UK,Senior,PhD,128404,"Python, SQL, Spark",On-site,Feb,217,Design and maintain data pipelines and data warehouses.
10286,Data Engineer,Insight Corp,Enterprise,Germany,Mid,Master's,114675,"Spark, SQL, Python",Hybrid,Oct,227,Design and maintain data pipelines and data warehouses.
10287,Data Engineer,InnoSoft,Enterprise,Germany,Senior,PhD,127801,"Spark, Python, AWS",Hybrid,Apr,180,Design and maintain data pipelines and data warehouses.
10288,Data Engineer,NextGen AI,Startup,Australia,Entry,Master's,129212,"SQL, Python, AWS, Spark",Hybrid,Jun,292,Design and maintain data pipelines and data warehouses.
10289,Business Analyst,TechNova,Startup,India,Mid,Master's,26570,"Excel, Power BI, Tableau",Hybrid,Nov,331,Gather requirements and improve business processes through data insights.
10290,Business Analyst,Analytica,Enterprise,Canada,Entry,Bachelor's,36789,"Power BI, Tableau, SQL, Excel",On-site,Feb,219,Gather requirements and improve business processes through data insights.
10291,AI Engineer,TechNova,Startup,India,Senior,Master's,80891,"PyTorch, Python, TensorFlow, Machine Learning, AWS",On-site,Jul,229,Build AI systems using deep learning and generative AI technologies.
10292,Data Scientist,Analytica,Enterprise,Canada,Senior,Master's,180450,"Python, Machine Learning, TensorFlow",Hybrid,Mar,157,Build predictive models and perform advanced analytics.
10293,Data Analyst,ByteWorks,Startup,UK,Mid,Master's,82929,"Tableau, Python, SQL, Power BI",Hybrid,Feb,96,Analyze business data and create reports and dashboards.
10294,Data Scientist,Analytica,Enterprise,India,Entry,Master's,50034,"PyTorch, Machine Learning, TensorFlow, SQL, Python",Hybrid,Nov,435,Build predictive models and perform advanced analytics.
10295,ML Engineer,NextGen AI,Startup,Germany,Entry,Master's,121901,"Python, Machine Learning, PyTorch, AWS, TensorFlow",On-site,Mar,330,Deploy and optimize machine learning models in production.
10296,Data Analyst,Analytica,Enterprise,Canada,Entry,Master's,53744,"Power BI, DAX, SQL, Python, Tableau",Remote,Oct,291,Analyze business data and create reports and dashboards.
10297,Data Scientist,DataSphere,Medium,Australia,Mid,Bachelor's,125354,"Python, PyTorch, Machine Learning, TensorFlow, SQL",On-site,Feb,80,Build predictive models and perform advanced analytics.
10298,AI Engineer,Insight Corp,Enterprise,UK,Mid,Master's,168520,"TensorFlow, AWS, Machine Learning",Hybrid,Dec,137,Build AI systems using deep learning and generative AI technologies.
10299,ML Engineer,CloudMatrix,Medium,Singapore,Mid,Master's,116103,"PyTorch, Machine Learning, AWS",Hybrid,Sep,244,Deploy and optimize machine learning models in production.
10300,Data Engineer,CloudMatrix,Medium,Singapore,Entry,Bachelor's,91690,"AWS, Python, SQL, Spark",On-site,Feb,311,Design and maintain data pipelines and data warehouses.
10301,AI Engineer,ByteWorks,Startup,USA,Mid,Bachelor's,143723,"Python, Machine Learning, TensorFlow, PyTorch",Remote,Aug,233,Build AI systems using deep learning and generative AI technologies.
10302,Data Analyst,TechNova,Startup,UK,Senior,Master's,110374,"DAX, Tableau, SQL",On-site,Feb,180,Analyze business data and create reports and dashboards.
10303,Data Scientist,CloudMatrix,Medium,UK,Senior,PhD,179820,"TensorFlow, SQL, Machine Learning",On-site,Aug,205,Build predictive models and perform advanced analytics.
10304,AI Engineer,InnoSoft,Enterprise,USA,Mid,Master's,196433,"PyTorch, TensorFlow, Python, Machine Learning, AWS",On-site,Nov,126,Build AI systems using deep learning and generative AI technologies.
10305,Business Analyst,InnoSoft,Enterprise,UK,Mid,Master's,68767,"Tableau, Power BI, SQL, Excel",Remote,Jan,231,Gather requirements and improve business processes through data insights.
10306,Data Engineer,DataSphere,Medium,India,Entry,Bachelor's,36879,"Spark, AWS, SQL",Remote,Jan,410,Design and maintain data pipelines and data warehouses.
10307,ML Engineer,Insight Corp,Enterprise,USA,Mid,Master's,111542,"Machine Learning, TensorFlow, PyTorch",On-site,Apr,141,Deploy and optimize machine learning models in production.
10308,Data Engineer,Insight Corp,Enterprise,Singapore,Mid,Master's,148454,"Spark, AWS, Python, SQL",Hybrid,Apr,149,Design and maintain data pipelines and data warehouses.
10309,Data Engineer,Analytica,Enterprise,Australia,Entry,Master's,110880,"SQL, Spark, Python, AWS",Hybrid,Mar,493,Design and maintain data pipelines and data warehouses.
10310,ML Engineer,DataSphere,Medium,USA,Senior,PhD,243760,"PyTorch, Machine Learning, Python, AWS",Hybrid,Jan,80,Deploy and optimize machine learning models in production.
10311,BI Developer,Analytica,Enterprise,Singapore,Senior,PhD,79977,"SQL, DAX, Power BI, Excel",On-site,Feb,89,Develop interactive dashboards and business intelligence solutions.
10312,AI Engineer,CloudMatrix,Medium,UK,Entry,Master's,102690,"AWS, Machine Learning, Python",On-site,Apr,300,Build AI systems using deep learning and generative AI technologies.
10313,Business Analyst,CloudMatrix,Medium,Canada,Entry,Bachelor's,46168,"Excel, Tableau, SQL, Power BI",Hybrid,Nov,477,Gather requirements and improve business processes through data insights.
10314,Data Engineer,NextGen AI,Startup,India,Mid,Master's,65849,"Spark, Python, SQL, AWS",Hybrid,Jan,211,Design and maintain data pipelines and data warehouses.
10315,BI Developer,NextGen AI,Startup,Canada,Mid,Bachelor's,59806,"SQL, DAX, Excel, Power BI",On-site,Nov,92,Develop interactive dashboards and business intelligence solutions.
10316,Data Scientist,DataSphere,Medium,USA,Mid,Master's,158808,"Machine Learning, Python, PyTorch",On-site,Jan,215,Build predictive models and perform advanced analytics.
10317,Data Analyst,DataSphere,Medium,India,Entry,Master's,27679,"Power BI, DAX, Tableau, Excel",On-site,Jul,433,Analyze business data and create reports and dashboards.
10318,BI Developer,TechNova,Startup,Germany,Mid,Master's,95681,"SQL, DAX, Excel, Power BI",Hybrid,Sep,51,Develop interactive dashboards and business intelligence solutions.
10319,Data Analyst,Insight Corp,Enterprise,Australia,Mid,Bachelor's,57002,"Power BI, DAX, Python, SQL",On-site,Sep,122,Analyze business data and create reports and dashboards.
10320,Business Analyst,InnoSoft,Enterprise,Singapore,Entry,Bachelor's,56364,"Power BI, Excel, Tableau, SQL",Remote,Jan,348,Gather requirements and improve business processes through data insights.
10321,Data Engineer,ByteWorks,Startup,UK,Mid,Bachelor's,96926,"Spark, Python, SQL, AWS",Remote,Mar,128,Design and maintain data pipelines and data warehouses.
10322,Business Analyst,Insight Corp,Enterprise,USA,Entry,Bachelor's,43564,"Excel, SQL, Tableau, Power BI",Hybrid,Apr,482,Gather requirements and improve business processes through data insights.
10323,ML Engineer,Analytica,Enterprise,Canada,Entry,Master's,98379,"PyTorch, AWS, TensorFlow",Hybrid,Oct,247,Deploy and optimize machine learning models in production.
10324,ML Engineer,Insight Corp,Enterprise,Singapore,Mid,Bachelor's,188964,"AWS, TensorFlow, Python, Machine Learning",Hybrid,Apr,195,Deploy and optimize machine learning models in production.
10325,ML Engineer,ByteWorks,Startup,Canada,Senior,PhD,139540,"AWS, Machine Learning, TensorFlow, PyTorch",Hybrid,Sep,223,Deploy and optimize machine learning models in production.
10326,Data Analyst,InnoSoft,Enterprise,Singapore,Mid,Bachelor's,75275,"Excel, Python, Tableau",On-site,Sep,85,Analyze business data and create reports and dashboards.
10327,ML Engineer,TechNova,Startup,Australia,Mid,Master's,155363,"Machine Learning, PyTorch, AWS",Hybrid,Nov,246,Deploy and optimize machine learning models in production.
10328,AI Engineer,InnoSoft,Enterprise,Canada,Entry,Bachelor's,142188,"Machine Learning, Python, TensorFlow, PyTorch, AWS",Remote,Oct,411,Build AI systems using deep learning and generative AI technologies.
10329,ML Engineer,InnoSoft,Enterprise,Australia,Mid,Master's,161422,"TensorFlow, AWS, Machine Learning, Python, PyTorch",Remote,Apr,90,Deploy and optimize machine learning models in production.
10330,Data Analyst,Insight Corp,Enterprise,Canada,Entry,Master's,49768,"Python, DAX, Excel, Tableau",Hybrid,Dec,374,Analyze business data and create reports and dashboards.
10331,BI Developer,InnoSoft,Enterprise,Germany,Mid,Master's,83182,"DAX, Power BI, SQL",Hybrid,Jun,200,Develop interactive dashboards and business intelligence solutions.
10332,AI Engineer,CloudMatrix,Medium,Germany,Mid,Bachelor's,190344,"AWS, TensorFlow, Python",Hybrid,Sep,51,Build AI systems using deep learning and generative AI technologies.
10333,ML Engineer,Insight Corp,Enterprise,USA,Entry,Master's,105625,"PyTorch, Python, TensorFlow, Machine Learning",Hybrid,Apr,272,Deploy and optimize machine learning models in production.
10334,Data Engineer,InnoSoft,Enterprise,Singapore,Senior,Master's,118471,"SQL, Python, Spark, AWS",Remote,Mar,112,Design and maintain data pipelines and data warehouses.
10335,BI Developer,InnoSoft,Enterprise,UK,Senior,PhD,128561,"DAX, SQL, Excel, Power BI",Hybrid,Aug,194,Develop interactive dashboards and business intelligence solutions.
10336,Business Analyst,NextGen AI,Startup,Australia,Mid,Master's,55521,"Power BI, Excel, SQL",On-site,Oct,199,Gather requirements and improve business processes through data insights.
10337,Data Engineer,DataSphere,Medium,USA,Entry,Master's,92329,"AWS, Python, Spark, SQL",Remote,Oct,181,Design and maintain data pipelines and data warehouses.
10338,Data Engineer,TechNova,Startup,Australia,Mid,Master's,101703,"Python, Spark, SQL",Hybrid,Jun,73,Design and maintain data pipelines and data warehouses.
10339,AI Engineer,TechNova,Startup,Singapore,Mid,Master's,142593,"PyTorch, Python, TensorFlow, AWS",On-site,Aug,173,Build AI systems using deep learning and generative AI technologies.
10340,AI Engineer,NextGen AI,Startup,Australia,Entry,Bachelor's,151577,"Python, Machine Learning, PyTorch",Remote,Jul,393,Build AI systems using deep learning and generative AI technologies.
10341,ML Engineer,NextGen AI,Startup,Singapore,Senior,PhD,210653,"Machine Learning, PyTorch, TensorFlow, AWS",Remote,Oct,142,Deploy and optimize machine learning models in production.
10342,BI Developer,ByteWorks,Startup,Australia,Entry,Master's,77563,"Excel, Power BI, DAX, SQL",Hybrid,Dec,492,Develop interactive dashboards and business intelligence solutions.
10343,Business Analyst,DataSphere,Medium,Singapore,Entry,Bachelor's,48072,"Excel, Tableau, SQL, Power BI",Hybrid,Mar,229,Gather requirements and improve business processes through data insights.
10344,Data Scientist,ByteWorks,Startup,India,Entry,Bachelor's,44580,"SQL, TensorFlow, PyTorch, Python",Remote,Nov,391,Build predictive models and perform advanced analytics.
10345,Data Scientist,Analytica,Enterprise,India,Entry,Master's,62061,"PyTorch, Machine Learning, TensorFlow, Python, SQL",On-site,Apr,326,Build predictive models and perform advanced analytics.
10346,ML Engineer,TechNova,Startup,USA,Entry,Bachelor's,121167,"AWS, TensorFlow, PyTorch, Python",Hybrid,Feb,451,Deploy and optimize machine learning models in production.
10347,Data Engineer,Insight Corp,Enterprise,Singapore,Senior,PhD,183350,"SQL, Spark, Python, AWS",On-site,Oct,138,Design and maintain data pipelines and data warehouses.
10348,Data Analyst,Insight Corp,Enterprise,USA,Mid,Master's,64971,"Excel, Python, DAX, Power BI",Remote,Dec,193,Analyze business data and create reports and dashboards.
10349,Data Scientist,ByteWorks,Startup,UK,Mid,Master's,114621,"SQL, Python, Machine Learning, PyTorch",Remote,Feb,243,Build predictive models and perform advanced analytics.
10350,Data Scientist,NextGen AI,Startup,Singapore,Mid,Master's,132267,"PyTorch, Python, TensorFlow, Machine Learning, SQL",On-site,Feb,155,Build predictive models and perform advanced analytics.
10351,Data Scientist,CloudMatrix,Medium,India,Mid,Bachelor's,52534,"TensorFlow, Machine Learning, PyTorch, Python, SQL",Hybrid,Apr,261,Build predictive models and perform advanced analytics.
10352,ML Engineer,NextGen AI,Startup,Australia,Entry,Master's,103537,"TensorFlow, Python, AWS, PyTorch",On-site,Oct,264,Deploy and optimize machine learning models in production.
10353,Data Analyst,TechNova,Startup,Australia,Mid,Master's,73879,"Excel, Power BI, SQL, DAX, Tableau",On-site,Apr,176,Analyze business data and create reports and dashboards.
10354,AI Engineer,InnoSoft,Enterprise,India,Mid,Master's,81824,"AWS, TensorFlow, Machine Learning, Python",Remote,Jun,291,Build AI systems using deep learning and generative AI technologies.
10355,ML Engineer,TechNova,Startup,India,Mid,Master's,75786,"PyTorch, TensorFlow, Machine Learning, AWS, Python",Remote,Aug,260,Deploy and optimize machine learning models in production.
10356,Data Engineer,CloudMatrix,Medium,Canada,Entry,Bachelor's,110981,"Spark, SQL, AWS, Python",Hybrid,Oct,310,Design and maintain data pipelines and data warehouses.
10357,Business Analyst,NextGen AI,Startup,Australia,Entry,Bachelor's,51921,"SQL, Excel, Power BI, Tableau",Hybrid,Mar,352,Gather requirements and improve business processes through data insights.
10358,Data Scientist,Analytica,Enterprise,USA,Senior,PhD,220424,"TensorFlow, PyTorch, SQL, Python",Hybrid,Feb,186,Build predictive models and perform advanced analytics.
10359,ML Engineer,InnoSoft,Enterprise,India,Entry,Master's,53248,"PyTorch, Machine Learning, AWS, TensorFlow",Hybrid,Jan,402,Deploy and optimize machine learning models in production.
10360,Data Scientist,DataSphere,Medium,Canada,Senior,PhD,130664,"PyTorch, Machine Learning, SQL, TensorFlow, Python",Hybrid,Dec,197,Build predictive models and perform advanced analytics.
10361,Data Scientist,DataSphere,Medium,Germany,Mid,Master's,147132,"TensorFlow, SQL, PyTorch",On-site,Feb,211,Build predictive models and perform advanced analytics.
10362,Data Analyst,InnoSoft,Enterprise,Canada,Entry,Master's,55901,"DAX, Power BI, Excel, SQL, Tableau",Hybrid,Jul,391,Analyze business data and create reports and dashboards.
10363,Business Analyst,InnoSoft,Enterprise,Australia,Entry,Bachelor's,49838,"Excel, Tableau, Power BI, SQL",On-site,Feb,383,Gather requirements and improve business processes through data insights.
10364,Data Analyst,Analytica,Enterprise,UK,Entry,Bachelor's,63916,"SQL, Python, Power BI, DAX, Tableau",Remote,Dec,305,Analyze business data and create reports and dashboards.
10365,BI Developer,Analytica,Enterprise,Singapore,Entry,Master's,80294,"DAX, Power BI, Excel, SQL",Remote,Mar,200,Develop interactive dashboards and business intelligence solutions.
10366,ML Engineer,InnoSoft,Enterprise,UK,Mid,Bachelor's,178787,"Machine Learning, PyTorch, TensorFlow, AWS, Python",Hybrid,Aug,161,Deploy and optimize machine learning models in production.
10367,BI Developer,CloudMatrix,Medium,Germany,Entry,Bachelor's,62904,"DAX, Power BI, Excel",Hybrid,Dec,152,Develop interactive dashboards and business intelligence solutions.
10368,Data Scientist,Analytica,Enterprise,Canada,Entry,Bachelor's,107455,"TensorFlow, Machine Learning, SQL, PyTorch, Python",On-site,Mar,283,Build predictive models and perform advanced analytics.
10369,ML Engineer,ByteWorks,Startup,Australia,Entry,Bachelor's,107522,"Machine Learning, PyTorch, TensorFlow, AWS, Python",Hybrid,Feb,278,Deploy and optimize machine learning models in production.
10370,Business Analyst,InnoSoft,Enterprise,Canada,Entry,Bachelor's,59364,"Tableau, Excel, SQL, Power BI",Remote,Jan,423,Gather requirements and improve business processes through data insights.
10371,Data Engineer,TechNova,Startup,USA,Senior,Master's,179163,"Python, AWS, Spark, SQL",Remote,Aug,118,Design and maintain data pipelines and data warehouses.
10372,Business Analyst,CloudMatrix,Medium,Germany,Entry,Bachelor's,65395,"Power BI, Excel, Tableau",Hybrid,May,363,Gather requirements and improve business processes through data insights.
10373,AI Engineer,ByteWorks,Startup,India,Mid,Master's,64014,"Python, TensorFlow, AWS",On-site,Apr,181,Build AI systems using deep learning and generative AI technologies.
10374,ML Engineer,TechNova,Startup,USA,Mid,Master's,121643,"AWS, Machine Learning, PyTorch",Hybrid,Jun,183,Deploy and optimize machine learning models in production.
10375,Business Analyst,TechNova,Startup,Singapore,Senior,Master's,112691,"Power BI, Excel, SQL, Tableau",Remote,Feb,81,Gather requirements and improve business processes through data insights.
10376,Business Analyst,ByteWorks,Startup,Canada,Entry,Bachelor's,49379,"Excel, Tableau, SQL",Hybrid,Jun,329,Gather requirements and improve business processes through data insights.
10377,AI Engineer,DataSphere,Medium,USA,Entry,Bachelor's,101980,"Python, Machine Learning, TensorFlow, AWS, PyTorch",On-site,Aug,411,Build AI systems using deep learning and generative AI technologies.
10378,Business Analyst,CloudMatrix,Medium,UK,Mid,Master's,70606,"Tableau, SQL, Excel",Hybrid,Jan,162,Gather requirements and improve business processes through data insights.
10379,Data Scientist,Analytica,Enterprise,UK,Entry,Bachelor's,120813,"TensorFlow, SQL, Machine Learning, Python",Remote,Sep,343,Build predictive models and perform advanced analytics.
10380,Business Analyst,Analytica,Enterprise,Canada,Senior,PhD,87120,"Tableau, Power BI, Excel, SQL",Remote,Oct,166,Gather requirements and improve business processes through data insights.
10381,Business Analyst,CloudMatrix,Medium,Singapore,Entry,Master's,62124,"SQL, Power BI, Tableau, Excel",Hybrid,Nov,332,Gather requirements and improve business processes through data insights.
10382,BI Developer,DataSphere,Medium,India,Mid,Bachelor's,30582,"Power BI, SQL, Excel",Remote,Feb,127,Develop interactive dashboards and business intelligence solutions.
10383,Data Analyst,ByteWorks,Startup,Singapore,Mid,Bachelor's,73355,"DAX, Python, Tableau, Power BI, SQL",Hybrid,Aug,62,Analyze business data and create reports and dashboards.
10384,AI Engineer,TechNova,Startup,Canada,Mid,Bachelor's,153551,"Machine Learning, PyTorch, AWS",On-site,Dec,144,Build AI systems using deep learning and generative AI technologies.
10385,Data Analyst,Insight Corp,Enterprise,India,Senior,Master's,56911,"Power BI, SQL, Tableau, Excel, Python",Hybrid,Sep,136,Analyze business data and create reports and dashboards.
10386,ML Engineer,ByteWorks,Startup,Singapore,Entry,Master's,125322,"Python, TensorFlow, Machine Learning, AWS",Hybrid,Nov,439,Deploy and optimize machine learning models in production.
10387,Business Analyst,Analytica,Enterprise,Canada,Senior,Master's,83335,"Tableau, Power BI, SQL, Excel",Hybrid,Jul,145,Gather requirements and improve business processes through data insights.
10388,AI Engineer,Insight Corp,Enterprise,Canada,Senior,Master's,202169,"PyTorch, Python, Machine Learning",Remote,May,151,Build AI systems using deep learning and generative AI technologies.
10389,Data Analyst,Insight Corp,Enterprise,USA,Entry,Master's,65637,"Tableau, DAX, SQL, Python, Excel",On-site,Jun,225,Analyze business data and create reports and dashboards.
10390,Business Analyst,InnoSoft,Enterprise,Canada,Entry,Bachelor's,47917,"Tableau, Power BI, Excel",On-site,Dec,274,Gather requirements and improve business processes through data insights.
10391,BI Developer,Analytica,Enterprise,USA,Mid,Bachelor's,109703,"SQL, DAX, Power BI, Excel",Hybrid,Jun,74,Develop interactive dashboards and business intelligence solutions.
10392,BI Developer,ByteWorks,Startup,Germany,Senior,PhD,83374,"SQL, DAX, Power BI, Excel",Remote,Sep,247,Develop interactive dashboards and business intelligence solutions.
10393,Data Analyst,CloudMatrix,Medium,UK,Mid,Bachelor's,74721,"Python, Power BI, Tableau",Hybrid,Apr,178,Analyze business data and create reports and dashboards.
10394,Data Scientist,Insight Corp,Enterprise,Australia,Entry,Master's,78593,"Python, SQL, Machine Learning, PyTorch, TensorFlow",Hybrid,Dec,257,Build predictive models and perform advanced analytics.
10395,Business Analyst,InnoSoft,Enterprise,Germany,Mid,Master's,80968,"SQL, Excel, Power BI",Hybrid,Jul,151,Gather requirements and improve business processes through data insights.
10396,BI Developer,DataSphere,Medium,India,Mid,Master's,43738,"SQL, Power BI, Excel, DAX",Remote,Oct,237,Develop interactive dashboards and business intelligence solutions.
10397,Business Analyst,Analytica,Enterprise,India,Senior,Master's,39816,"Excel, Tableau, Power BI, SQL",Hybrid,May,238,Gather requirements and improve business processes through data insights.
10398,Data Analyst,CloudMatrix,Medium,Singapore,Senior,PhD,98793,"SQL, Tableau, DAX, Python",Hybrid,Sep,165,Analyze business data and create reports and dashboards.
10399,Data Scientist,InnoSoft,Enterprise,Singapore,Mid,Master's,85986,"PyTorch, Python, Machine Learning, SQL, TensorFlow",Hybrid,Apr,146,Build predictive models and perform advanced analytics.
10400,AI Engineer,Insight Corp,Enterprise,India,Mid,Bachelor's,51239,"PyTorch, Python, AWS, TensorFlow, Machine Learning",Hybrid,Jul,166,Build AI systems using deep learning and generative AI technologies.
10401,Data Engineer,DataSphere,Medium,Canada,Mid,Bachelor's,153714,"AWS, Spark, Python, SQL",Remote,Sep,72,Design and maintain data pipelines and data warehouses.
10402,BI Developer,CloudMatrix,Medium,Germany,Entry,Master's,54260,"DAX, SQL, Power BI, Excel",Hybrid,Jul,242,Develop interactive dashboards and business intelligence solutions.
10403,AI Engineer,TechNova,Startup,UK,Senior,Master's,172176,"TensorFlow, Python, PyTorch, Machine Learning",Remote,Jul,88,Build AI systems using deep learning and generative AI technologies.
10404,Business Analyst,InnoSoft,Enterprise,Germany,Senior,Master's,88675,"SQL, Power BI, Excel",Hybrid,May,164,Gather requirements and improve business processes through data insights.
10405,ML Engineer,InnoSoft,Enterprise,Germany,Senior,Master's,149796,"PyTorch, Python, Machine Learning",On-site,Mar,217,Deploy and optimize machine learning models in production.
10406,BI Developer,InnoSoft,Enterprise,Singapore,Entry,Bachelor's,67340,"DAX, SQL, Excel, Power BI",Remote,Mar,360,Develop interactive dashboards and business intelligence solutions.
10407,Data Analyst,Insight Corp,Enterprise,UK,Mid,Bachelor's,67649,"Python, Excel, DAX, Tableau, SQL",Remote,Sep,202,Analyze business data and create reports and dashboards.
10408,AI Engineer,Analytica,Enterprise,Singapore,Mid,Bachelor's,135510,"TensorFlow, Machine Learning, Python",Hybrid,Jul,149,Build AI systems using deep learning and generative AI technologies.
10409,AI Engineer,TechNova,Startup,Canada,Senior,PhD,162071,"TensorFlow, Python, AWS",Hybrid,Oct,240,Build AI systems using deep learning and generative AI technologies.
10410,Data Scientist,CloudMatrix,Medium,Australia,Mid,Master's,115139,"PyTorch, SQL, TensorFlow",Hybrid,Jul,159,Build predictive models and perform advanced analytics.
10411,Data Engineer,TechNova,Startup,UK,Entry,Bachelor's,121397,"Python, Spark, SQL, AWS",Hybrid,May,222,Design and maintain data pipelines and data warehouses.
10412,Data Scientist,ByteWorks,Startup,Canada,Mid,Master's,114192,"PyTorch, Python, TensorFlow, SQL",Remote,Nov,168,Build predictive models and perform advanced analytics.
10413,Data Scientist,DataSphere,Medium,Singapore,Mid,Master's,111104,"PyTorch, Machine Learning, SQL, TensorFlow, Python",Hybrid,Jan,249,Build predictive models and perform advanced analytics.
10414,Business Analyst,Analytica,Enterprise,UK,Senior,Master's,76655,"SQL, Power BI, Excel, Tableau",Remote,Dec,166,Gather requirements and improve business processes through data insights.
10415,Data Scientist,CloudMatrix,Medium,India,Mid,Bachelor's,67692,"SQL, PyTorch, Python",Hybrid,Jun,351,Build predictive models and perform advanced analytics.
10416,Data Engineer,InnoSoft,Enterprise,USA,Senior,Master's,157510,"Spark, SQL, AWS, Python",Hybrid,Feb,246,Design and maintain data pipelines and data warehouses.
10417,Business Analyst,NextGen AI,Startup,India,Mid,Bachelor's,31830,"Excel, Power BI, SQL, Tableau",Hybrid,Oct,161,Gather requirements and improve business processes through data insights.
10418,ML Engineer,Analytica,Enterprise,Germany,Mid,Bachelor's,107332,"Machine Learning, PyTorch, AWS",Hybrid,Jan,203,Deploy and optimize machine learning models in production.
10419,Business Analyst,InnoSoft,Enterprise,India,Mid,Bachelor's,23853,"Power BI, SQL, Excel, Tableau",Hybrid,Jul,141,Gather requirements and improve business processes through data insights.
10420,Business Analyst,InnoSoft,Enterprise,Singapore,Entry,Master's,49045,"Excel, SQL, Power BI",Hybrid,Jul,414,Gather requirements and improve business processes through data insights.
10421,AI Engineer,DataSphere,Medium,Australia,Mid,Master's,182419,"Python, PyTorch, TensorFlow",Remote,Sep,66,Build AI systems using deep learning and generative AI technologies.
10422,Business Analyst,NextGen AI,Startup,UK,Entry,Master's,67198,"Power BI, SQL, Tableau, Excel",Hybrid,Mar,295,Gather requirements and improve business processes through data insights.
10423,Data Engineer,Analytica,Enterprise,UK,Mid,Bachelor's,157768,"SQL, Spark, AWS, Python",On-site,Feb,176,Design and maintain data pipelines and data warehouses.
10424,Data Analyst,Analytica,Enterprise,Singapore,Mid,Bachelor's,69572,"Python, Excel, Tableau, Power BI",On-site,Jan,207,Analyze business data and create reports and dashboards.
10425,ML Engineer,NextGen AI,Startup,Singapore,Entry,Master's,89196,"Python, Machine Learning, PyTorch, TensorFlow",Hybrid,Jul,304,Deploy and optimize machine learning models in production.
10426,ML Engineer,TechNova,Startup,Australia,Entry,Master's,115488,"TensorFlow, AWS, Python",On-site,Sep,358,Deploy and optimize machine learning models in production.
10427,BI Developer,Analytica,Enterprise,Australia,Senior,PhD,77286,"DAX, Excel, SQL, Power BI",Remote,Jun,183,Develop interactive dashboards and business intelligence solutions.
10428,Data Analyst,InnoSoft,Enterprise,Canada,Senior,Master's,91427,"Tableau, DAX, Power BI",Hybrid,Oct,146,Analyze business data and create reports and dashboards.
10429,Data Analyst,Insight Corp,Enterprise,Singapore,Senior,Master's,71549,"SQL, Excel, Power BI, DAX",Hybrid,Sep,119,Analyze business data and create reports and dashboards.
10430,BI Developer,InnoSoft,Enterprise,India,Entry,Bachelor's,23602,"Excel, DAX, SQL",Hybrid,Jun,461,Develop interactive dashboards and business intelligence solutions.
10431,Data Scientist,Insight Corp,Enterprise,Australia,Entry,Bachelor's,74590,"SQL, PyTorch, TensorFlow",Remote,Jan,315,Build predictive models and perform advanced analytics.
10432,BI Developer,TechNova,Startup,Singapore,Senior,Master's,84673,"SQL, DAX, Power BI",Hybrid,Oct,135,Develop interactive dashboards and business intelligence solutions.
10433,AI Engineer,Insight Corp,Enterprise,Singapore,Senior,PhD,200728,"Machine Learning, PyTorch, TensorFlow, Python",Remote,Mar,101,Build AI systems using deep learning and generative AI technologies.
10434,Business Analyst,Insight Corp,Enterprise,India,Entry,Bachelor's,33160,"Power BI, Excel, SQL, Tableau",Hybrid,Feb,347,Gather requirements and improve business processes through data insights.
10435,BI Developer,CloudMatrix,Medium,UK,Mid,Bachelor's,65839,"SQL, Excel, Power BI, DAX",Hybrid,Jul,57,Develop interactive dashboards and business intelligence solutions.
10436,Data Scientist,InnoSoft,Enterprise,Singapore,Mid,Bachelor's,152517,"Machine Learning, Python, PyTorch, SQL",Hybrid,Dec,207,Build predictive models and perform advanced analytics.
10437,Data Scientist,DataSphere,Medium,Germany,Entry,Master's,117900,"PyTorch, TensorFlow, Machine Learning",On-site,Mar,329,Build predictive models and perform advanced analytics.
10438,ML Engineer,CloudMatrix,Medium,Australia,Senior,PhD,183696,"AWS, Python, TensorFlow",Hybrid,Aug,166,Deploy and optimize machine learning models in production.
10439,AI Engineer,InnoSoft,Enterprise,Canada,Mid,Bachelor's,179801,"AWS, Python, TensorFlow",Remote,May,197,Build AI systems using deep learning and generative AI technologies.
10440,Data Engineer,Analytica,Enterprise,Germany,Mid,Master's,119553,"AWS, SQL, Python",Remote,Apr,208,Design and maintain data pipelines and data warehouses.
10441,AI Engineer,ByteWorks,Startup,Australia,Senior,PhD,236656,"TensorFlow, Python, PyTorch",Hybrid,Feb,137,Build AI systems using deep learning and generative AI technologies.
10442,Data Engineer,Analytica,Enterprise,Canada,Mid,Master's,141689,"Python, Spark, AWS, SQL",Remote,Aug,95,Design and maintain data pipelines and data warehouses.
10443,ML Engineer,TechNova,Startup,India,Entry,Master's,46443,"AWS, PyTorch, TensorFlow",Remote,Apr,444,Deploy and optimize machine learning models in production.
10444,Business Analyst,CloudMatrix,Medium,Canada,Mid,Bachelor's,63705,"Excel, Power BI, Tableau, SQL",Hybrid,May,161,Gather requirements and improve business processes through data insights.
10445,Data Analyst,CloudMatrix,Medium,UK,Senior,PhD,64879,"Python, Excel, DAX, Power BI",Hybrid,Dec,230,Analyze business data and create reports and dashboards.
10446,Data Engineer,ByteWorks,Startup,Singapore,Entry,Bachelor's,118914,"SQL, AWS, Python",Hybrid,Sep,350,Design and maintain data pipelines and data warehouses.
10447,Data Scientist,CloudMatrix,Medium,Australia,Mid,Master's,121286,"Python, PyTorch, SQL",Remote,Nov,221,Build predictive models and perform advanced analytics.
10448,Data Scientist,InnoSoft,Enterprise,India,Entry,Bachelor's,56028,"SQL, PyTorch, Machine Learning, TensorFlow, Python",Remote,Jul,503,Build predictive models and perform advanced analytics.
10449,Data Engineer,TechNova,Startup,UK,Mid,Master's,119284,"Spark, Python, AWS, SQL",Hybrid,Feb,232,Design and maintain data pipelines and data warehouses.
10450,Data Engineer,Analytica,Enterprise,Singapore,Entry,Bachelor's,136797,"Python, AWS, SQL",Hybrid,Nov,413,Design and maintain data pipelines and data warehouses.
10451,ML Engineer,Insight Corp,Enterprise,UK,Entry,Master's,117026,"AWS, PyTorch, TensorFlow, Machine Learning, Python",Hybrid,Mar,288,Deploy and optimize machine learning models in production.
10452,Data Analyst,Insight Corp,Enterprise,Singapore,Mid,Bachelor's,73705,"SQL, Tableau, Python, Excel, DAX",Hybrid,May,65,Analyze business data and create reports and dashboards.
10453,Data Scientist,DataSphere,Medium,USA,Mid,Bachelor's,133022,"TensorFlow, PyTorch, Python, SQL",Remote,Oct,114,Build predictive models and perform advanced analytics.
10454,ML Engineer,InnoSoft,Enterprise,Singapore,Mid,Bachelor's,128236,"AWS, TensorFlow, PyTorch",On-site,Jun,116,Deploy and optimize machine learning models in production.
10455,Data Analyst,InnoSoft,Enterprise,UK,Senior,Master's,79346,"Power BI, SQL, DAX, Excel",On-site,Apr,176,Analyze business data and create reports and dashboards.
10456,Data Engineer,CloudMatrix,Medium,India,Mid,Master's,50739,"Spark, SQL, Python, AWS",Hybrid,Aug,134,Design and maintain data pipelines and data warehouses.
10457,BI Developer,InnoSoft,Enterprise,UK,Senior,Master's,73118,"Excel, DAX, Power BI, SQL",On-site,Sep,123,Develop interactive dashboards and business intelligence solutions.
10458,ML Engineer,CloudMatrix,Medium,Australia,Mid,Bachelor's,135819,"PyTorch, AWS, TensorFlow",Remote,Dec,135,Deploy and optimize machine learning models in production.
10459,ML Engineer,NextGen AI,Startup,UK,Entry,Bachelor's,97723,"Python, Machine Learning, TensorFlow",Remote,Sep,370,Deploy and optimize machine learning models in production.
10460,Data Analyst,Analytica,Enterprise,Canada,Entry,Bachelor's,54031,"Python, DAX, SQL, Excel, Tableau",Remote,Feb,263,Analyze business data and create reports and dashboards.
10461,AI Engineer,InnoSoft,Enterprise,Germany,Mid,Master's,184719,"TensorFlow, PyTorch, Machine Learning, AWS, Python",On-site,May,97,Build AI systems using deep learning and generative AI technologies.
10462,AI Engineer,ByteWorks,Startup,Singapore,Senior,PhD,201231,"PyTorch, Python, TensorFlow",Remote,Jun,115,Build AI systems using deep learning and generative AI technologies.
10463,Data Analyst,Insight Corp,Enterprise,Australia,Entry,Master's,66485,"Tableau, Power BI, SQL",On-site,Feb,292,Analyze business data and create reports and dashboards.
10464,Business Analyst,ByteWorks,Startup,USA,Mid,Master's,58703,"Excel, Tableau, Power BI",Hybrid,Aug,163,Gather requirements and improve business processes through data insights.
10465,Data Analyst,Analytica,Enterprise,USA,Mid,Bachelor's,56320,"SQL, Excel, Power BI, Tableau",Hybrid,Sep,59,Analyze business data and create reports and dashboards.
10466,ML Engineer,Analytica,Enterprise,Germany,Mid,Master's,105961,"AWS, Python, PyTorch, TensorFlow",Remote,Nov,188,Deploy and optimize machine learning models in production.
10467,BI Developer,ByteWorks,Startup,India,Mid,Bachelor's,31466,"SQL, Power BI, DAX, Excel",On-site,Sep,261,Develop interactive dashboards and business intelligence solutions.
10468,Data Analyst,ByteWorks,Startup,Singapore,Entry,Bachelor's,67036,"Power BI, SQL, Tableau, Python, Excel",Hybrid,Dec,268,Analyze business data and create reports and dashboards.
10469,Data Engineer,NextGen AI,Startup,Germany,Entry,Master's,103800,"Python, AWS, SQL, Spark",On-site,Dec,413,Design and maintain data pipelines and data warehouses.
10470,Data Analyst,ByteWorks,Startup,India,Entry,Master's,35677,"Python, DAX, SQL",Hybrid,Nov,473,Analyze business data and create reports and dashboards.
10471,Data Analyst,Analytica,Enterprise,UK,Entry,Bachelor's,48198,"Python, Power BI, SQL, Excel",Hybrid,Feb,197,Analyze business data and create reports and dashboards.
10472,Data Analyst,Analytica,Enterprise,UK,Mid,Bachelor's,66886,"Excel, Power BI, DAX, Python",On-site,Jun,66,Analyze business data and create reports and dashboards.
10473,AI Engineer,NextGen AI,Startup,Australia,Entry,Master's,101460,"AWS, TensorFlow, PyTorch",Remote,Sep,251,Build AI systems using deep learning and generative AI technologies.
10474,Business Analyst,Analytica,Enterprise,USA,Senior,Master's,68267,"Tableau, Excel, Power BI, SQL",Remote,Jan,84,Gather requirements and improve business processes through data insights.
10475,Data Analyst,InnoSoft,Enterprise,India,Mid,Master's,35771,"DAX, SQL, Tableau, Python",On-site,Sep,294,Analyze business data and create reports and dashboards.
10476,Data Scientist,ByteWorks,Startup,USA,Senior,PhD,119889,"PyTorch, Python, TensorFlow, Machine Learning",Remote,Jul,202,Build predictive models and perform advanced analytics.
10477,Data Analyst,NextGen AI,Startup,USA,Entry,Master's,79747,"Tableau, SQL, Power BI, Excel, Python",On-site,Jan,266,Analyze business data and create reports and dashboards.
10478,Business Analyst,DataSphere,Medium,Australia,Entry,Master's,63981,"Excel, Power BI, SQL",Remote,Apr,322,Gather requirements and improve business processes through data insights.
10479,Data Scientist,Insight Corp,Enterprise,Canada,Mid,Bachelor's,137481,"PyTorch, Machine Learning, Python",Remote,Aug,61,Build predictive models and perform advanced analytics.
10480,Data Engineer,DataSphere,Medium,India,Senior,PhD,95978,"Spark, Python, AWS",Remote,Apr,325,Design and maintain data pipelines and data warehouses.
10481,Data Analyst,NextGen AI,Startup,Singapore,Mid,Bachelor's,68998,"Power BI, Tableau, DAX",On-site,Jul,146,Analyze business data and create reports and dashboards.
10482,Business Analyst,NextGen AI,Startup,UK,Mid,Bachelor's,73557,"SQL, Power BI, Tableau, Excel",Remote,Jun,145,Gather requirements and improve business processes through data insights.
10483,Business Analyst,TechNova,Startup,Singapore,Mid,Bachelor's,69336,"Tableau, SQL, Excel, Power BI",Remote,May,84,Gather requirements and improve business processes through data insights.
10484,Data Engineer,InnoSoft,Enterprise,Australia,Mid,Bachelor's,109432,"Python, SQL, Spark",On-site,Oct,197,Design and maintain data pipelines and data warehouses.
10485,Data Scientist,Analytica,Enterprise,Canada,Entry,Bachelor's,107196,"PyTorch, Machine Learning, TensorFlow, Python",Remote,Jul,401,Build predictive models and perform advanced analytics.
10486,Data Analyst,TechNova,Startup,Germany,Mid,Bachelor's,87799,"Power BI, Python, DAX, SQL",Hybrid,Feb,58,Analyze business data and create reports and dashboards.
10487,Data Engineer,TechNova,Startup,Singapore,Mid,Master's,122994,"Python, AWS, SQL",Hybrid,Mar,83,Design and maintain data pipelines and data warehouses.
10488,ML Engineer,Analytica,Enterprise,Australia,Mid,Master's,99223,"AWS, TensorFlow, Machine Learning",Hybrid,Dec,166,Deploy and optimize machine learning models in production.
10489,ML Engineer,TechNova,Startup,Australia,Mid,Bachelor's,152376,"PyTorch, AWS, TensorFlow",Remote,Nov,226,Deploy and optimize machine learning models in production.
10490,Data Analyst,CloudMatrix,Medium,Singapore,Senior,PhD,119674,"Python, Power BI, Excel",Hybrid,Oct,222,Analyze business data and create reports and dashboards.
10491,Data Analyst,CloudMatrix,Medium,Canada,Entry,Master's,41982,"SQL, Tableau, Python, Excel",Remote,Dec,345,Analyze business data and create reports and dashboards.
10492,AI Engineer,NextGen AI,Startup,Australia,Mid,Bachelor's,134491,"Machine Learning, AWS, TensorFlow, Python",Hybrid,Jun,132,Build AI systems using deep learning and generative AI technologies.
10493,BI Developer,Analytica,Enterprise,Germany,Mid,Bachelor's,65296,"DAX, Power BI, Excel, SQL",Hybrid,Aug,170,Develop interactive dashboards and business intelligence solutions.
10494,Data Analyst,DataSphere,Medium,Germany,Senior,Master's,92013,"Python, SQL, Power BI, DAX",Remote,Sep,69,Analyze business data and create reports and dashboards.
10495,ML Engineer,TechNova,Startup,Canada,Mid,Bachelor's,165713,"AWS, Python, TensorFlow, Machine Learning",Hybrid,Jan,83,Deploy and optimize machine learning models in production.
10496,AI Engineer,NextGen AI,Startup,Australia,Senior,PhD,192994,"PyTorch, AWS, Machine Learning, TensorFlow, Python",Hybrid,Oct,155,Build AI systems using deep learning and generative AI technologies.
10497,Business Analyst,Insight Corp,Enterprise,USA,Mid,Master's,68577,"Excel, Tableau, SQL, Power BI",Hybrid,Mar,173,Gather requirements and improve business processes through data insights.
10498,Data Engineer,InnoSoft,Enterprise,Singapore,Mid,Bachelor's,117433,"SQL, Python, Spark, AWS",On-site,Jun,94,Design and maintain data pipelines and data warehouses.
10499,Data Engineer,InnoSoft,Enterprise,Germany,Entry,Master's,89263,"Spark, SQL, Python, AWS",Hybrid,Sep,345,Design and maintain data pipelines and data warehouses.
10500,Business Analyst,Insight Corp,Enterprise,India,Senior,PhD,47889,"Power BI, Excel, Tableau, SQL",Remote,Aug,325,Gather requirements and improve business processes through data insights.
10501,BI Developer,InnoSoft,Enterprise,Australia,Mid,Master's,88844,"Excel, SQL, DAX, Power BI",Hybrid,Jan,136,Develop interactive dashboards and business intelligence solutions.
10502,Data Scientist,NextGen AI,Startup,Germany,Entry,Bachelor's,101499,"TensorFlow, Machine Learning, Python",Hybrid,Sep,213,Build predictive models and perform advanced analytics.
10503,AI Engineer,Analytica,Enterprise,Singapore,Mid,Master's,120474,"PyTorch, Python, Machine Learning, TensorFlow",Hybrid,Mar,181,Build AI systems using deep learning and generative AI technologies.
10504,ML Engineer,ByteWorks,Startup,Canada,Entry,Master's,73607,"Machine Learning, Python, AWS, TensorFlow",Hybrid,Aug,310,Deploy and optimize machine learning models in production.
10505,BI Developer,InnoSoft,Enterprise,Australia,Mid,Master's,87498,"SQL, Excel, DAX",On-site,Aug,236,Develop interactive dashboards and business intelligence solutions.
10506,AI Engineer,CloudMatrix,Medium,India,Senior,Master's,120543,"PyTorch, AWS, Python, TensorFlow",Remote,Apr,341,Build AI systems using deep learning and generative AI technologies.
10507,Business Analyst,ByteWorks,Startup,Canada,Mid,Bachelor's,45439,"Tableau, Power BI, SQL, Excel",On-site,Jan,127,Gather requirements and improve business processes through data insights.
10508,Business Analyst,Insight Corp,Enterprise,Canada,Senior,Master's,96516,"Tableau, Excel, SQL, Power BI",Hybrid,Feb,81,Gather requirements and improve business processes through data insights.
10509,AI Engineer,Insight Corp,Enterprise,Germany,Senior,PhD,142192,"AWS, Machine Learning, TensorFlow, PyTorch, Python",Hybrid,Sep,203,Build AI systems using deep learning and generative AI technologies.
10510,ML Engineer,TechNova,Startup,Australia,Entry,Master's,83402,"TensorFlow, PyTorch, Python, AWS, Machine Learning",Hybrid,Jul,268,Deploy and optimize machine learning models in production.
10511,ML Engineer,CloudMatrix,Medium,India,Entry,Master's,69487,"TensorFlow, Python, PyTorch, AWS, Machine Learning",Remote,Nov,447,Deploy and optimize machine learning models in production.
10512,AI Engineer,Insight Corp,Enterprise,Canada,Mid,Master's,146110,"TensorFlow, Python, AWS, Machine Learning",Hybrid,Aug,74,Build AI systems using deep learning and generative AI technologies.
10513,Data Scientist,CloudMatrix,Medium,USA,Entry,Bachelor's,90257,"PyTorch, Python, Machine Learning, TensorFlow, SQL",On-site,Mar,334,Build predictive models and perform advanced analytics.
10514,Data Analyst,Analytica,Enterprise,Canada,Entry,Bachelor's,58446,"Tableau, Excel, SQL, DAX, Power BI",On-site,Dec,298,Analyze business data and create reports and dashboards.
10515,AI Engineer,DataSphere,Medium,USA,Entry,Bachelor's,108659,"TensorFlow, Python, Machine Learning",Remote,Feb,384,Build AI systems using deep learning and generative AI technologies.
10516,Data Analyst,Analytica,Enterprise,Australia,Mid,Master's,65101,"Tableau, DAX, Python, SQL, Power BI",Remote,Jan,77,Analyze business data and create reports and dashboards.
10517,Data Analyst,Insight Corp,Enterprise,Singapore,Entry,Master's,48757,"Tableau, SQL, DAX",On-site,Jan,381,Analyze business data and create reports and dashboards.
10518,Data Analyst,InnoSoft,Enterprise,Australia,Mid,Bachelor's,71075,"Tableau, DAX, SQL",Remote,Feb,198,Analyze business data and create reports and dashboards.
10519,AI Engineer,TechNova,Startup,UK,Entry,Bachelor's,103595,"Python, Machine Learning, AWS, TensorFlow, PyTorch",On-site,Aug,265,Build AI systems using deep learning and generative AI technologies.
10520,ML Engineer,DataSphere,Medium,USA,Senior,Master's,215609,"AWS, Python, TensorFlow",Remote,Aug,158,Deploy and optimize machine learning models in production.
10521,Data Analyst,InnoSoft,Enterprise,Germany,Mid,Master's,71878,"Excel, Power BI, Python",Hybrid,May,192,Analyze business data and create reports and dashboards.
10522,Data Scientist,Insight Corp,Enterprise,Singapore,Senior,PhD,194848,"SQL, Machine Learning, Python, PyTorch",Hybrid,Mar,107,Build predictive models and perform advanced analytics.
10523,Data Analyst,Analytica,Enterprise,Singapore,Entry,Bachelor's,70022,"Power BI, Tableau, Python, Excel",Remote,Feb,304,Analyze business data and create reports and dashboards.
10524,BI Developer,NextGen AI,Startup,Canada,Entry,Master's,65020,"Excel, Power BI, DAX, SQL",On-site,Aug,240,Develop interactive dashboards and business intelligence solutions.
10525,ML Engineer,ByteWorks,Startup,Germany,Mid,Bachelor's,117355,"PyTorch, AWS, TensorFlow",Hybrid,Nov,246,Deploy and optimize machine learning models in production.
10526,Business Analyst,TechNova,Startup,India,Mid,Bachelor's,25014,"Tableau, Power BI, SQL",Remote,May,313,Gather requirements and improve business processes through data insights.
10527,Data Engineer,DataSphere,Medium,Australia,Entry,Master's,128835,"Spark, AWS, SQL",On-site,Sep,472,Design and maintain data pipelines and data warehouses.
10528,BI Developer,CloudMatrix,Medium,Australia,Senior,PhD,123585,"Excel, SQL, Power BI",On-site,Jun,54,Develop interactive dashboards and business intelligence solutions.
10529,AI Engineer,ByteWorks,Startup,Germany,Mid,Master's,106094,"TensorFlow, AWS, Machine Learning, Python",Hybrid,Dec,95,Build AI systems using deep learning and generative AI technologies.
10530,Data Scientist,Analytica,Enterprise,Australia,Entry,Master's,120867,"SQL, PyTorch, TensorFlow, Python, Machine Learning",Hybrid,May,459,Build predictive models and perform advanced analytics.
10531,Data Scientist,ByteWorks,Startup,UK,Mid,Master's,120691,"Python, Machine Learning, SQL, TensorFlow, PyTorch",Remote,Jul,132,Build predictive models and perform advanced analytics.
10532,Data Analyst,ByteWorks,Startup,Canada,Senior,Master's,97914,"SQL, DAX, Excel",Remote,Dec,139,Analyze business data and create reports and dashboards.
10533,Data Analyst,Insight Corp,Enterprise,India,Entry,Bachelor's,20830,"Tableau, DAX, Power BI, SQL",Hybrid,Dec,424,Analyze business data and create reports and dashboards.
10534,Data Scientist,TechNova,Startup,Canada,Entry,Master's,102983,"Python, Machine Learning, SQL, TensorFlow",Remote,Mar,378,Build predictive models and perform advanced analytics.
10535,Data Engineer,Insight Corp,Enterprise,Canada,Senior,Master's,137963,"SQL, AWS, Spark",Hybrid,May,177,Design and maintain data pipelines and data warehouses.
10536,Data Engineer,ByteWorks,Startup,Australia,Entry,Bachelor's,78347,"Spark, Python, SQL, AWS",Remote,Jun,481,Design and maintain data pipelines and data warehouses.
10537,AI Engineer,DataSphere,Medium,Singapore,Senior,PhD,237338,"PyTorch, TensorFlow, AWS, Machine Learning, Python",Hybrid,Nov,126,Build AI systems using deep learning and generative AI technologies.
10538,AI Engineer,InnoSoft,Enterprise,India,Mid,Bachelor's,88684,"AWS, PyTorch, Machine Learning, TensorFlow, Python",Hybrid,Jun,220,Build AI systems using deep learning and generative AI technologies.
10539,Data Scientist,InnoSoft,Enterprise,USA,Entry,Master's,109357,"Machine Learning, SQL, PyTorch",Remote,Nov,366,Build predictive models and perform advanced analytics.
10540,Business Analyst,Insight Corp,Enterprise,Singapore,Mid,Master's,79085,"Excel, Tableau, SQL",Remote,Aug,111,Gather requirements and improve business processes through data insights.
10541,Data Engineer,ByteWorks,Startup,Germany,Mid,Bachelor's,89831,"Python, SQL, Spark",Remote,Nov,101,Design and maintain data pipelines and data warehouses.
10542,AI Engineer,TechNova,Startup,Singapore,Mid,Master's,109973,"PyTorch, Machine Learning, Python",On-site,Jun,64,Build AI systems using deep learning and generative AI technologies.
10543,ML Engineer,DataSphere,Medium,Germany,Senior,Master's,148929,"Machine Learning, Python, PyTorch, TensorFlow, AWS",Remote,Apr,110,Deploy and optimize machine learning models in production.
10544,Data Engineer,DataSphere,Medium,Australia,Senior,Master's,170150,"SQL, AWS, Python, Spark",Hybrid,Mar,199,Design and maintain data pipelines and data warehouses.
10545,Business Analyst,Insight Corp,Enterprise,Germany,Mid,Bachelor's,49123,"Excel, SQL, Power BI, Tableau",Hybrid,May,175,Gather requirements and improve business processes through data insights.
10546,AI Engineer,InnoSoft,Enterprise,Canada,Mid,Master's,146837,"Python, Machine Learning, PyTorch, AWS, TensorFlow",Remote,May,128,Build AI systems using deep learning and generative AI technologies.
10547,ML Engineer,CloudMatrix,Medium,Australia,Mid,Bachelor's,174499,"Python, AWS, TensorFlow, PyTorch",On-site,Apr,110,Deploy and optimize machine learning models in production.
10548,BI Developer,NextGen AI,Startup,Australia,Senior,PhD,113414,"Excel, SQL, Power BI, DAX",Remote,Aug,211,Develop interactive dashboards and business intelligence solutions.
10549,ML Engineer,ByteWorks,Startup,Australia,Entry,Bachelor's,126324,"Python, PyTorch, TensorFlow, AWS, Machine Learning",Hybrid,Jan,216,Deploy and optimize machine learning models in production.
10550,ML Engineer,InnoSoft,Enterprise,Singapore,Mid,Bachelor's,122118,"PyTorch, Machine Learning, AWS, Python, TensorFlow",Hybrid,Apr,50,Deploy and optimize machine learning models in production.
10551,Data Engineer,InnoSoft,Enterprise,Australia,Mid,Master's,144877,"SQL, AWS, Python, Spark",Hybrid,Apr,131,Design and maintain data pipelines and data warehouses.
10552,Data Analyst,ByteWorks,Startup,Canada,Entry,Bachelor's,59268,"Tableau, DAX, SQL",Remote,Aug,353,Analyze business data and create reports and dashboards.
10553,Business Analyst,Insight Corp,Enterprise,Singapore,Senior,Master's,65758,"Power BI, Excel, Tableau, SQL",Hybrid,Oct,152,Gather requirements and improve business processes through data insights.
10554,Data Analyst,TechNova,Startup,Singapore,Mid,Master's,88746,"DAX, SQL, Tableau",Hybrid,May,222,Analyze business data and create reports and dashboards.
10555,ML Engineer,Analytica,Enterprise,Germany,Entry,Bachelor's,100872,"TensorFlow, AWS, Python, Machine Learning",On-site,Jan,358,Deploy and optimize machine learning models in production.
10556,BI Developer,Insight Corp,Enterprise,USA,Mid,Bachelor's,82841,"Excel, SQL, DAX, Power BI",Hybrid,Jun,144,Develop interactive dashboards and business intelligence solutions.
10557,ML Engineer,ByteWorks,Startup,Singapore,Entry,Bachelor's,128501,"Python, Machine Learning, PyTorch, AWS",Hybrid,Jun,439,Deploy and optimize machine learning models in production.
10558,Business Analyst,Analytica,Enterprise,Canada,Senior,Master's,58455,"Tableau, SQL, Power BI, Excel",Remote,Sep,51,Gather requirements and improve business processes through data insights.
10559,Data Analyst,InnoSoft,Enterprise,Canada,Entry,Master's,65703,"DAX, Tableau, Power BI, Python",Remote,Feb,355,Analyze business data and create reports and dashboards.
10560,BI Developer,TechNova,Startup,USA,Mid,Master's,85518,"DAX, Power BI, Excel, SQL",Hybrid,Mar,241,Develop interactive dashboards and business intelligence solutions.
10561,BI Developer,Analytica,Enterprise,Australia,Senior,Master's,124439,"SQL, Excel, DAX, Power BI",Hybrid,Mar,218,Develop interactive dashboards and business intelligence solutions.
10562,Data Analyst,Analytica,Enterprise,Canada,Entry,Master's,64271,"Python, Power BI, Excel, Tableau",On-site,Aug,290,Analyze business data and create reports and dashboards.
10563,Data Scientist,DataSphere,Medium,Australia,Mid,Master's,100580,"TensorFlow, Machine Learning, Python",Remote,Oct,81,Build predictive models and perform advanced analytics.
10564,ML Engineer,NextGen AI,Startup,UK,Senior,PhD,123177,"AWS, Python, Machine Learning",On-site,Nov,184,Deploy and optimize machine learning models in production.
10565,Data Analyst,CloudMatrix,Medium,India,Entry,Bachelor's,23847,"Excel, SQL, Python",On-site,Aug,470,Analyze business data and create reports and dashboards.
10566,AI Engineer,Analytica,Enterprise,Germany,Mid,Bachelor's,140962,"Python, AWS, TensorFlow, Machine Learning",Hybrid,Jan,202,Build AI systems using deep learning and generative AI technologies.
10567,AI Engineer,Insight Corp,Enterprise,Canada,Mid,Bachelor's,105473,"Python, AWS, TensorFlow, Machine Learning",On-site,Jul,190,Build AI systems using deep learning and generative AI technologies.
10568,Data Analyst,TechNova,Startup,Australia,Entry,Master's,63414,"SQL, Python, Excel, DAX, Power BI",Remote,Nov,452,Analyze business data and create reports and dashboards.
10569,Data Engineer,InnoSoft,Enterprise,Canada,Mid,Bachelor's,130860,"AWS, SQL, Spark, Python",Remote,Jul,181,Design and maintain data pipelines and data warehouses.
10570,AI Engineer,CloudMatrix,Medium,UK,Entry,Master's,131254,"TensorFlow, Machine Learning, AWS, Python",Hybrid,Aug,183,Build AI systems using deep learning and generative AI technologies.
10571,Data Scientist,DataSphere,Medium,Australia,Mid,Bachelor's,100662,"Machine Learning, SQL, PyTorch, Python",Hybrid,Jan,82,Build predictive models and perform advanced analytics.
10572,Data Engineer,DataSphere,Medium,UK,Mid,Bachelor's,98307,"Spark, SQL, AWS, Python",Hybrid,Feb,168,Design and maintain data pipelines and data warehouses.
10573,ML Engineer,Analytica,Enterprise,USA,Mid,Master's,170631,"PyTorch, Machine Learning, AWS, TensorFlow, Python",Remote,Jun,61,Deploy and optimize machine learning models in production.
10574,AI Engineer,InnoSoft,Enterprise,USA,Entry,Bachelor's,169174,"Python, AWS, Machine Learning",Hybrid,Mar,243,Build AI systems using deep learning and generative AI technologies.
10575,ML Engineer,Analytica,Enterprise,Germany,Mid,Bachelor's,167394,"PyTorch, AWS, TensorFlow, Python, Machine Learning",Hybrid,Jan,127,Deploy and optimize machine learning models in production.
10576,Business Analyst,DataSphere,Medium,Australia,Entry,Bachelor's,47101,"SQL, Tableau, Excel",Hybrid,May,209,Gather requirements and improve business processes through data insights.
10577,AI Engineer,Analytica,Enterprise,USA,Mid,Bachelor's,116073,"AWS, Machine Learning, TensorFlow",Remote,Aug,79,Build AI systems using deep learning and generative AI technologies.
10578,Data Engineer,NextGen AI,Startup,USA,Entry,Bachelor's,126345,"AWS, SQL, Spark, Python",Remote,Aug,248,Design and maintain data pipelines and data warehouses.
10579,Data Scientist,Analytica,Enterprise,UK,Mid,Master's,150693,"Python, SQL, TensorFlow, Machine Learning, PyTorch",Hybrid,Nov,109,Build predictive models and perform advanced analytics.
10580,Data Scientist,Analytica,Enterprise,India,Mid,Master's,64941,"TensorFlow, Machine Learning, SQL",Hybrid,Aug,303,Build predictive models and perform advanced analytics.
10581,Business Analyst,NextGen AI,Startup,UK,Senior,PhD,89605,"Tableau, Excel, SQL, Power BI",On-site,Nov,204,Gather requirements and improve business processes through data insights.
10582,ML Engineer,CloudMatrix,Medium,Australia,Mid,Bachelor's,119516,"Python, AWS, Machine Learning, PyTorch, TensorFlow",Remote,Oct,209,Deploy and optimize machine learning models in production.
10583,Data Scientist,DataSphere,Medium,Australia,Mid,Bachelor's,151552,"Python, PyTorch, Machine Learning, TensorFlow, SQL",Remote,Mar,127,Build predictive models and perform advanced analytics.
10584,AI Engineer,TechNova,Startup,Australia,Entry,Master's,131797,"AWS, PyTorch, TensorFlow",Remote,Jan,237,Build AI systems using deep learning and generative AI technologies.
10585,AI Engineer,Insight Corp,Enterprise,USA,Senior,Master's,252083,"Python, AWS, TensorFlow, Machine Learning, PyTorch",Hybrid,Sep,204,Build AI systems using deep learning and generative AI technologies.
10586,Data Analyst,DataSphere,Medium,USA,Mid,Bachelor's,73075,"DAX, Power BI, Tableau, Excel",Remote,Mar,142,Analyze business data and create reports and dashboards.
10587,ML Engineer,CloudMatrix,Medium,Canada,Senior,PhD,137521,"Python, TensorFlow, AWS, PyTorch",Hybrid,Sep,101,Deploy and optimize machine learning models in production.
10588,Business Analyst,DataSphere,Medium,Canada,Entry,Master's,57118,"Tableau, Excel, Power BI, SQL",Remote,Jul,304,Gather requirements and improve business processes through data insights.
10589,Data Scientist,CloudMatrix,Medium,India,Mid,Bachelor's,40107,"TensorFlow, PyTorch, Machine Learning",On-site,Jul,349,Build predictive models and perform advanced analytics.
10590,Data Analyst,ByteWorks,Startup,Australia,Entry,Master's,49402,"DAX, Tableau, Excel, SQL, Power BI",On-site,Dec,311,Analyze business data and create reports and dashboards.
10591,ML Engineer,CloudMatrix,Medium,Canada,Entry,Master's,103420,"TensorFlow, AWS, PyTorch, Machine Learning",Hybrid,Apr,322,Deploy and optimize machine learning models in production.
10592,BI Developer,DataSphere,Medium,India,Mid,Master's,42501,"DAX, SQL, Excel",Hybrid,Sep,377,Develop interactive dashboards and business intelligence solutions.
10593,BI Developer,InnoSoft,Enterprise,India,Entry,Master's,38423,"Excel, DAX, SQL, Power BI",On-site,May,447,Develop interactive dashboards and business intelligence solutions.
10594,ML Engineer,CloudMatrix,Medium,India,Entry,Master's,45607,"PyTorch, TensorFlow, Machine Learning, Python",Hybrid,May,463,Deploy and optimize machine learning models in production.
10595,BI Developer,InnoSoft,Enterprise,Singapore,Entry,Bachelor's,62916,"DAX, Power BI, SQL",Hybrid,Dec,259,Develop interactive dashboards and business intelligence solutions.
10596,Data Scientist,ByteWorks,Startup,India,Entry,Master's,56560,"PyTorch, SQL, TensorFlow, Machine Learning",Hybrid,Oct,381,Build predictive models and perform advanced analytics.
10597,Data Scientist,ByteWorks,Startup,Germany,Mid,Master's,150935,"Machine Learning, PyTorch, SQL",On-site,Mar,237,Build predictive models and perform advanced analytics.
10598,ML Engineer,DataSphere,Medium,Singapore,Entry,Master's,139690,"Python, AWS, Machine Learning, PyTorch",On-site,Oct,198,Deploy and optimize machine learning models in production.
10599,BI Developer,TechNova,Startup,UK,Entry,Bachelor's,66909,"SQL, Excel, DAX, Power BI",Remote,May,323,Develop interactive dashboards and business intelligence solutions.
10600,BI Developer,NextGen AI,Startup,USA,Senior,PhD,131252,"SQL, Excel, Power BI, DAX",Remote,Oct,50,Develop interactive dashboards and business intelligence solutions.
10601,Data Scientist,CloudMatrix,Medium,Australia,Entry,Bachelor's,78666,"SQL, PyTorch, Python, Machine Learning",Hybrid,Oct,380,Build predictive models and perform advanced analytics.
10602,ML Engineer,ByteWorks,Startup,Germany,Entry,Bachelor's,123142,"AWS, PyTorch, Machine Learning, Python, TensorFlow",Remote,Oct,374,Deploy and optimize machine learning models in production.
10603,ML Engineer,Insight Corp,Enterprise,UK,Mid,Bachelor's,178104,"Machine Learning, Python, PyTorch, AWS, TensorFlow",Remote,Feb,71,Deploy and optimize machine learning models in production.
10604,ML Engineer,InnoSoft,Enterprise,India,Entry,Bachelor's,50388,"Machine Learning, PyTorch, TensorFlow, Python, AWS",Remote,Jun,466,Deploy and optimize machine learning models in production.
10605,Data Scientist,InnoSoft,Enterprise,Germany,Entry,Bachelor's,125273,"Python, Machine Learning, SQL",Remote,Mar,328,Build predictive models and perform advanced analytics.
10606,BI Developer,DataSphere,Medium,USA,Entry,Master's,76691,"Power BI, SQL, DAX, Excel",Remote,Feb,366,Develop interactive dashboards and business intelligence solutions.
10607,BI Developer,InnoSoft,Enterprise,Germany,Senior,Master's,96340,"SQL, Excel, DAX",On-site,Aug,146,Develop interactive dashboards and business intelligence solutions.
10608,Data Engineer,ByteWorks,Startup,India,Entry,Bachelor's,52525,"AWS, Spark, Python",Remote,May,511,Design and maintain data pipelines and data warehouses.
10609,Data Engineer,DataSphere,Medium,USA,Mid,Master's,114322,"Python, Spark, AWS, SQL",Hybrid,Sep,127,Design and maintain data pipelines and data warehouses.
10610,Business Analyst,NextGen AI,Startup,UK,Senior,Master's,100231,"Power BI, Tableau, Excel, SQL",Remote,Aug,60,Gather requirements and improve business processes through data insights.
10611,BI Developer,Insight Corp,Enterprise,Australia,Mid,Master's,82158,"DAX, SQL, Excel, Power BI",Remote,Feb,211,Develop interactive dashboards and business intelligence solutions.
10612,Data Scientist,DataSphere,Medium,Australia,Entry,Master's,95966,"TensorFlow, PyTorch, SQL, Machine Learning",Hybrid,Apr,313,Build predictive models and perform advanced analytics.
10613,ML Engineer,CloudMatrix,Medium,Canada,Entry,Bachelor's,108843,"Machine Learning, AWS, Python",Hybrid,Nov,188,Deploy and optimize machine learning models in production.
10614,Business Analyst,ByteWorks,Startup,UK,Senior,PhD,103744,"Excel, Power BI, Tableau",Hybrid,Nov,245,Gather requirements and improve business processes through data insights.
10615,Data Analyst,CloudMatrix,Medium,Australia,Entry,Master's,61613,"Python, DAX, Power BI, SQL, Tableau",On-site,Jan,294,Analyze business data and create reports and dashboards.
10616,Business Analyst,TechNova,Startup,Australia,Entry,Master's,57105,"Power BI, Tableau, Excel, SQL",On-site,Jun,222,Gather requirements and improve business processes through data insights.
10617,Data Analyst,Insight Corp,Enterprise,Germany,Senior,Master's,84530,"Power BI, Python, Excel, DAX, SQL",Remote,Sep,51,Analyze business data and create reports and dashboards.
10618,Business Analyst,InnoSoft,Enterprise,India,Mid,Master's,24897,"Power BI, Excel, Tableau",On-site,Nov,165,Gather requirements and improve business processes through data insights.
10619,Data Engineer,Analytica,Enterprise,India,Senior,PhD,58893,"Spark, Python, SQL, AWS",On-site,Sep,237,Design and maintain data pipelines and data warehouses.
10620,AI Engineer,TechNova,Startup,Singapore,Entry,Bachelor's,120107,"AWS, TensorFlow, Machine Learning",Hybrid,Oct,393,Build AI systems using deep learning and generative AI technologies.
10621,AI Engineer,TechNova,Startup,Singapore,Entry,Bachelor's,138272,"PyTorch, Python, Machine Learning, AWS",Remote,Aug,232,Build AI systems using deep learning and generative AI technologies.
10622,Data Scientist,TechNova,Startup,UK,Mid,Bachelor's,128044,"Machine Learning, TensorFlow, Python, PyTorch",Remote,Feb,114,Build predictive models and perform advanced analytics.
10623,AI Engineer,Analytica,Enterprise,Australia,Entry,Bachelor's,133665,"Python, AWS, TensorFlow",Remote,Mar,329,Build AI systems using deep learning and generative AI technologies.
10624,Data Analyst,Analytica,Enterprise,India,Entry,Bachelor's,32985,"Excel, Power BI, Tableau",Remote,Oct,328,Analyze business data and create reports and dashboards.
10625,AI Engineer,ByteWorks,Startup,USA,Senior,PhD,146224,"Machine Learning, Python, TensorFlow, AWS",Hybrid,Sep,166,Build AI systems using deep learning and generative AI technologies.
10626,BI Developer,NextGen AI,Startup,India,Entry,Master's,40052,"Power BI, DAX, Excel",On-site,Jul,474,Develop interactive dashboards and business intelligence solutions.
10627,Data Scientist,Analytica,Enterprise,USA,Entry,Bachelor's,75776,"PyTorch, TensorFlow, Machine Learning, Python",Remote,Aug,197,Build predictive models and perform advanced analytics.
10628,BI Developer,CloudMatrix,Medium,Canada,Entry,Master's,42949,"SQL, Excel, DAX",Hybrid,Jun,432,Develop interactive dashboards and business intelligence solutions.
10629,Business Analyst,NextGen AI,Startup,Singapore,Senior,PhD,67612,"Tableau, Power BI, SQL, Excel",Remote,Jul,137,Gather requirements and improve business processes through data insights.
10630,BI Developer,InnoSoft,Enterprise,India,Mid,Bachelor's,29680,"Power BI, DAX, SQL, Excel",On-site,Apr,254,Develop interactive dashboards and business intelligence solutions.
10631,Data Scientist,CloudMatrix,Medium,Australia,Mid,Master's,109024,"TensorFlow, Python, SQL",Remote,Jan,152,Build predictive models and perform advanced analytics.
10632,Data Engineer,DataSphere,Medium,USA,Entry,Master's,100480,"Python, AWS, Spark, SQL",On-site,Mar,460,Design and maintain data pipelines and data warehouses.
10633,Business Analyst,Insight Corp,Enterprise,Singapore,Entry,Bachelor's,53313,"Excel, Tableau, Power BI, SQL",Remote,Jun,245,Gather requirements and improve business processes through data insights.
10634,Business Analyst,Insight Corp,Enterprise,Germany,Entry,Bachelor's,57961,"Tableau, Power BI, Excel, SQL",On-site,Mar,362,Gather requirements and improve business processes through data insights.
10635,AI Engineer,NextGen AI,Startup,USA,Mid,Bachelor's,173817,"TensorFlow, Python, PyTorch, AWS, Machine Learning",Hybrid,Jun,131,Build AI systems using deep learning and generative AI technologies.
10636,Business Analyst,TechNova,Startup,Singapore,Mid,Bachelor's,57340,"SQL, Power BI, Excel, Tableau",On-site,Mar,180,Gather requirements and improve business processes through data insights.
10637,Data Engineer,ByteWorks,Startup,Australia,Senior,PhD,204099,"SQL, AWS, Spark, Python",Hybrid,Aug,145,Design and maintain data pipelines and data warehouses.
10638,BI Developer,ByteWorks,Startup,Singapore,Senior,PhD,134171,"Power BI, Excel, SQL",Remote,Apr,216,Develop interactive dashboards and business intelligence solutions.
10639,BI Developer,ByteWorks,Startup,Germany,Mid,Master's,83831,"SQL, Power BI, DAX",Hybrid,Apr,115,Develop interactive dashboards and business intelligence solutions.
10640,Data Engineer,TechNova,Startup,Germany,Mid,Master's,133975,"AWS, SQL, Spark, Python",Hybrid,Jul,159,Design and maintain data pipelines and data warehouses.
10641,Data Analyst,InnoSoft,Enterprise,Germany,Entry,Bachelor's,44975,"Tableau, DAX, Python, SQL, Power BI",Remote,Feb,262,Analyze business data and create reports and dashboards.
10642,Data Analyst,CloudMatrix,Medium,India,Mid,Bachelor's,37616,"DAX, Excel, SQL, Tableau",Remote,Dec,236,Analyze business data and create reports and dashboards.
10643,ML Engineer,Insight Corp,Enterprise,India,Mid,Master's,68592,"Machine Learning, Python, TensorFlow, AWS",On-site,Apr,288,Deploy and optimize machine learning models in production.
10644,Business Analyst,NextGen AI,Startup,Germany,Entry,Master's,63647,"Power BI, Excel, SQL",Remote,Apr,452,Gather requirements and improve business processes through data insights.
10645,Data Scientist,Analytica,Enterprise,Australia,Mid,Master's,134001,"TensorFlow, Python, Machine Learning",Hybrid,Jun,85,Build predictive models and perform advanced analytics.
10646,Business Analyst,ByteWorks,Startup,Germany,Mid,Bachelor's,74739,"Power BI, SQL, Excel, Tableau",On-site,Mar,245,Gather requirements and improve business processes through data insights.
10647,BI Developer,ByteWorks,Startup,Germany,Entry,Bachelor's,68040,"SQL, Power BI, DAX, Excel",Hybrid,Mar,302,Develop interactive dashboards and business intelligence solutions.
10648,Data Analyst,InnoSoft,Enterprise,India,Senior,Master's,55455,"Excel, SQL, Tableau, Power BI",Remote,Aug,129,Analyze business data and create reports and dashboards.
10649,Data Analyst,CloudMatrix,Medium,UK,Entry,Master's,59773,"SQL, Tableau, Power BI",Remote,Dec,355,Analyze business data and create reports and dashboards.
10650,Data Analyst,ByteWorks,Startup,Australia,Entry,Master's,52631,"Power BI, SQL, Excel, DAX, Python",On-site,May,339,Analyze business data and create reports and dashboards.
10651,Business Analyst,TechNova,Startup,USA,Mid,Master's,82705,"Power BI, Tableau, SQL, Excel",On-site,Oct,204,Gather requirements and improve business processes through data insights.
10652,Data Analyst,DataSphere,Medium,Canada,Mid,Bachelor's,79585,"Excel, Power BI, SQL, Tableau, Python",Hybrid,Oct,138,Analyze business data and create reports and dashboards.
10653,ML Engineer,ByteWorks,Startup,Germany,Entry,Bachelor's,98139,"Python, TensorFlow, Machine Learning, AWS, PyTorch",Remote,Dec,473,Deploy and optimize machine learning models in production.
10654,ML Engineer,NextGen AI,Startup,Germany,Mid,Master's,177141,"Python, PyTorch, TensorFlow",On-site,Mar,81,Deploy and optimize machine learning models in production.
10655,BI Developer,NextGen AI,Startup,UK,Entry,Bachelor's,46575,"Excel, SQL, Power BI, DAX",Hybrid,May,286,Develop interactive dashboards and business intelligence solutions.
10656,Data Analyst,InnoSoft,Enterprise,Canada,Mid,Bachelor's,80138,"Tableau, SQL, Power BI",Hybrid,Aug,174,Analyze business data and create reports and dashboards.
10657,AI Engineer,Insight Corp,Enterprise,Australia,Entry,Bachelor's,83130,"Machine Learning, AWS, Python",Remote,Nov,330,Build AI systems using deep learning and generative AI technologies.
10658,AI Engineer,TechNova,Startup,Singapore,Entry,Bachelor's,140369,"Machine Learning, TensorFlow, AWS",Remote,Nov,286,Build AI systems using deep learning and generative AI technologies.
10659,AI Engineer,DataSphere,Medium,Germany,Mid,Master's,166718,"AWS, TensorFlow, Python",Hybrid,Apr,63,Build AI systems using deep learning and generative AI technologies.
10660,Business Analyst,DataSphere,Medium,India,Mid,Bachelor's,23036,"SQL, Excel, Power BI",Hybrid,Jan,210,Gather requirements and improve business processes through data insights.
10661,Data Scientist,DataSphere,Medium,Australia,Entry,Bachelor's,85359,"SQL, Python, PyTorch, TensorFlow",On-site,Jun,362,Build predictive models and perform advanced analytics.
10662,BI Developer,InnoSoft,Enterprise,India,Mid,Master's,39782,"SQL, DAX, Power BI",Remote,Jan,152,Develop interactive dashboards and business intelligence solutions.
10663,Data Analyst,NextGen AI,Startup,Germany,Entry,Master's,69966,"SQL, Excel, Python, Tableau, DAX",On-site,Nov,313,Analyze business data and create reports and dashboards.
10664,AI Engineer,InnoSoft,Enterprise,Canada,Entry,Bachelor's,111924,"Machine Learning, AWS, TensorFlow",Remote,Sep,443,Build AI systems using deep learning and generative AI technologies.
10665,Data Engineer,TechNova,Startup,USA,Entry,Master's,91260,"Python, AWS, Spark",Hybrid,Aug,289,Design and maintain data pipelines and data warehouses.
10666,BI Developer,NextGen AI,Startup,USA,Entry,Master's,52484,"Power BI, Excel, DAX, SQL",Hybrid,Nov,323,Develop interactive dashboards and business intelligence solutions.
10667,AI Engineer,Insight Corp,Enterprise,Australia,Entry,Master's,120078,"TensorFlow, Machine Learning, PyTorch",Remote,Sep,299,Build AI systems using deep learning and generative AI technologies.
10668,BI Developer,InnoSoft,Enterprise,Germany,Mid,Bachelor's,61013,"SQL, DAX, Excel",Remote,Mar,175,Develop interactive dashboards and business intelligence solutions.
10669,Data Analyst,InnoSoft,Enterprise,UK,Mid,Bachelor's,65692,"DAX, Power BI, Excel, Python",Hybrid,Apr,110,Analyze business data and create reports and dashboards.
10670,Data Scientist,InnoSoft,Enterprise,UK,Entry,Master's,96660,"TensorFlow, SQL, Python",On-site,Jul,411,Build predictive models and perform advanced analytics.
10671,Data Scientist,InnoSoft,Enterprise,Germany,Mid,Master's,153257,"SQL, Python, Machine Learning",Hybrid,Feb,206,Build predictive models and perform advanced analytics.
10672,AI Engineer,Insight Corp,Enterprise,UK,Mid,Master's,182770,"AWS, PyTorch, TensorFlow, Machine Learning",Remote,Sep,236,Build AI systems using deep learning and generative AI technologies.
10673,Data Engineer,Analytica,Enterprise,India,Entry,Master's,61427,"Spark, SQL, AWS, Python",Remote,Dec,313,Design and maintain data pipelines and data warehouses.
10674,BI Developer,ByteWorks,Startup,Germany,Entry,Bachelor's,79699,"Excel, DAX, SQL",On-site,Jul,272,Develop interactive dashboards and business intelligence solutions.
10675,BI Developer,CloudMatrix,Medium,UK,Mid,Master's,83395,"Excel, DAX, SQL, Power BI",Remote,Jan,228,Develop interactive dashboards and business intelligence solutions.
10676,AI Engineer,CloudMatrix,Medium,Singapore,Mid,Bachelor's,111272,"PyTorch, AWS, Machine Learning",Hybrid,May,228,Build AI systems using deep learning and generative AI technologies.
10677,Business Analyst,InnoSoft,Enterprise,India,Entry,Master's,20722,"SQL, Tableau, Excel",Hybrid,May,512,Gather requirements and improve business processes through data insights.
10678,ML Engineer,Insight Corp,Enterprise,UK,Senior,Master's,194647,"Python, Machine Learning, PyTorch, TensorFlow",Remote,May,200,Deploy and optimize machine learning models in production.
10679,ML Engineer,NextGen AI,Startup,Singapore,Entry,Master's,119113,"Python, Machine Learning, PyTorch",On-site,Sep,194,Deploy and optimize machine learning models in production.
10680,Data Scientist,Insight Corp,Enterprise,Singapore,Mid,Bachelor's,110581,"Machine Learning, SQL, Python",Remote,Aug,145,Build predictive models and perform advanced analytics.
10681,Data Engineer,NextGen AI,Startup,USA,Entry,Bachelor's,98950,"AWS, Spark, Python, SQL",Remote,May,393,Design and maintain data pipelines and data warehouses.
10682,Data Analyst,ByteWorks,Startup,India,Entry,Bachelor's,30340,"Python, DAX, Tableau, SQL, Power BI",Hybrid,Feb,386,Analyze business data and create reports and dashboards.
10683,Business Analyst,TechNova,Startup,Germany,Mid,Master's,64598,"Tableau, SQL, Power BI, Excel",Hybrid,Apr,174,Gather requirements and improve business processes through data insights.
10684,BI Developer,ByteWorks,Startup,Germany,Mid,Bachelor's,82498,"Excel, DAX, Power BI",On-site,Jan,134,Develop interactive dashboards and business intelligence solutions.
10685,Data Engineer,DataSphere,Medium,Australia,Mid,Bachelor's,121023,"AWS, Spark, SQL, Python",Hybrid,Nov,144,Design and maintain data pipelines and data warehouses.
10686,AI Engineer,CloudMatrix,Medium,India,Mid,Bachelor's,53998,"Machine Learning, AWS, TensorFlow",Hybrid,Jun,329,Build AI systems using deep learning and generative AI technologies.
10687,Data Scientist,Analytica,Enterprise,Singapore,Senior,PhD,126412,"Machine Learning, PyTorch, TensorFlow, Python, SQL",Hybrid,Feb,237,Build predictive models and perform advanced analytics.
10688,BI Developer,Analytica,Enterprise,USA,Senior,Master's,92129,"Power BI, SQL, DAX",Hybrid,Feb,173,Develop interactive dashboards and business intelligence solutions.
10689,Data Scientist,TechNova,Startup,USA,Senior,Master's,180472,"TensorFlow, SQL, PyTorch",On-site,Nov,148,Build predictive models and perform advanced analytics.
10690,Business Analyst,Analytica,Enterprise,India,Mid,Master's,34768,"Excel, Power BI, SQL, Tableau",On-site,Nov,230,Gather requirements and improve business processes through data insights.
10691,ML Engineer,ByteWorks,Startup,Australia,Entry,Bachelor's,107063,"PyTorch, TensorFlow, Machine Learning",Remote,Oct,253,Deploy and optimize machine learning models in production.
10692,BI Developer,InnoSoft,Enterprise,Australia,Entry,Master's,67424,"Power BI, Excel, DAX, SQL",Remote,Nov,297,Develop interactive dashboards and business intelligence solutions.
10693,AI Engineer,InnoSoft,Enterprise,UK,Mid,Bachelor's,188363,"Machine Learning, AWS, TensorFlow",Remote,May,106,Build AI systems using deep learning and generative AI technologies.
10694,AI Engineer,NextGen AI,Startup,Germany,Mid,Master's,122988,"Python, PyTorch, TensorFlow, Machine Learning, AWS",Remote,Nov,203,Build AI systems using deep learning and generative AI technologies.
10695,AI Engineer,NextGen AI,Startup,Germany,Entry,Master's,125437,"TensorFlow, Machine Learning, PyTorch, Python, AWS",Remote,Dec,250,Build AI systems using deep learning and generative AI technologies.
10696,Data Scientist,Insight Corp,Enterprise,Australia,Mid,Master's,102223,"SQL, PyTorch, Machine Learning, TensorFlow",Hybrid,Feb,55,Build predictive models and perform advanced analytics.
10697,Data Engineer,Insight Corp,Enterprise,Canada,Mid,Master's,106856,"Python, AWS, SQL, Spark",On-site,Aug,229,Design and maintain data pipelines and data warehouses.
10698,ML Engineer,InnoSoft,Enterprise,UK,Entry,Master's,133410,"TensorFlow, Python, Machine Learning, AWS, PyTorch",Remote,Jul,261,Deploy and optimize machine learning models in production.
10699,ML Engineer,InnoSoft,Enterprise,India,Entry,Bachelor's,66199,"PyTorch, AWS, Python, TensorFlow, Machine Learning",On-site,Feb,273,Deploy and optimize machine learning models in production.
10700,Business Analyst,ByteWorks,Startup,Germany,Entry,Master's,46173,"Excel, SQL, Power BI, Tableau",On-site,Jun,413,Gather requirements and improve business processes through data insights.
10701,Data Analyst,DataSphere,Medium,India,Entry,Bachelor's,34677,"Tableau, Power BI, Excel, DAX, Python",Remote,Jul,522,Analyze business data and create reports and dashboards.
10702,Data Scientist,ByteWorks,Startup,Canada,Mid,Master's,88222,"Machine Learning, SQL, TensorFlow, Python, PyTorch",Remote,Feb,133,Build predictive models and perform advanced analytics.
10703,Data Engineer,DataSphere,Medium,Australia,Mid,Bachelor's,101675,"SQL, Python, AWS, Spark",On-site,Jan,96,Design and maintain data pipelines and data warehouses.
10704,Business Analyst,NextGen AI,Startup,Singapore,Entry,Master's,53985,"Power BI, SQL, Excel",Remote,Nov,350,Gather requirements and improve business processes through data insights.
10705,Data Analyst,NextGen AI,Startup,Canada,Entry,Master's,67185,"SQL, Tableau, Power BI, Excel",Hybrid,Sep,425,Analyze business data and create reports and dashboards.
10706,BI Developer,NextGen AI,Startup,Singapore,Entry,Master's,50284,"Power BI, SQL, DAX, Excel",Remote,Mar,219,Develop interactive dashboards and business intelligence solutions.
10707,ML Engineer,ByteWorks,Startup,India,Mid,Bachelor's,67031,"AWS, Python, TensorFlow, PyTorch",On-site,Sep,280,Deploy and optimize machine learning models in production.
10708,Business Analyst,DataSphere,Medium,Singapore,Mid,Master's,62491,"SQL, Tableau, Excel, Power BI",Hybrid,Jul,232,Gather requirements and improve business processes through data insights.
10709,Data Analyst,NextGen AI,Startup,India,Entry,Bachelor's,35923,"Python, Excel, Tableau, SQL, DAX",Remote,May,420,Analyze business data and create reports and dashboards.
10710,Data Analyst,DataSphere,Medium,Germany,Senior,PhD,85770,"SQL, Tableau, Excel",On-site,Feb,146,Analyze business data and create reports and dashboards.
10711,Data Engineer,CloudMatrix,Medium,Singapore,Mid,Master's,132953,"Python, AWS, SQL",Remote,Mar,191,Design and maintain data pipelines and data warehouses.
10712,BI Developer,ByteWorks,Startup,Germany,Mid,Master's,75349,"Power BI, DAX, SQL, Excel",Hybrid,Oct,52,Develop interactive dashboards and business intelligence solutions.
10713,ML Engineer,Insight Corp,Enterprise,India,Senior,PhD,96131,"AWS, Machine Learning, Python, TensorFlow, PyTorch",Remote,Sep,380,Deploy and optimize machine learning models in production.
10714,BI Developer,Insight Corp,Enterprise,Germany,Mid,Bachelor's,73116,"DAX, Power BI, Excel",Hybrid,Nov,128,Develop interactive dashboards and business intelligence solutions.
10715,Data Analyst,DataSphere,Medium,Singapore,Entry,Bachelor's,48579,"Excel, Tableau, Power BI, Python, SQL",Remote,Aug,339,Analyze business data and create reports and dashboards.
10716,Data Scientist,DataSphere,Medium,Germany,Entry,Bachelor's,85434,"PyTorch, TensorFlow, Python, SQL, Machine Learning",Hybrid,Nov,341,Build predictive models and perform advanced analytics.
10717,AI Engineer,NextGen AI,Startup,USA,Entry,Bachelor's,107474,"AWS, Machine Learning, Python, TensorFlow",On-site,Jun,371,Build AI systems using deep learning and generative AI technologies.
10718,ML Engineer,NextGen AI,Startup,Australia,Mid,Bachelor's,113004,"PyTorch, TensorFlow, Python, AWS",Remote,May,124,Deploy and optimize machine learning models in production.
10719,ML Engineer,TechNova,Startup,Germany,Senior,Master's,214557,"AWS, PyTorch, TensorFlow, Machine Learning, Python",Hybrid,Jun,64,Deploy and optimize machine learning models in production.
10720,ML Engineer,InnoSoft,Enterprise,Germany,Entry,Bachelor's,88453,"Machine Learning, TensorFlow, AWS, Python, PyTorch",Remote,Mar,385,Deploy and optimize machine learning models in production.
10721,AI Engineer,Insight Corp,Enterprise,USA,Mid,Master's,173826,"Machine Learning, PyTorch, Python",Hybrid,Nov,126,Build AI systems using deep learning and generative AI technologies.
10722,AI Engineer,Analytica,Enterprise,USA,Entry,Bachelor's,146880,"TensorFlow, Python, AWS, Machine Learning, PyTorch",On-site,Jul,242,Build AI systems using deep learning and generative AI technologies.
10723,Data Scientist,CloudMatrix,Medium,India,Entry,Bachelor's,43236,"SQL, Machine Learning, PyTorch, TensorFlow, Python",Hybrid,Feb,405,Build predictive models and perform advanced analytics.
10724,Data Analyst,TechNova,Startup,USA,Entry,Master's,77768,"Power BI, Tableau, Python, SQL",Remote,May,213,Analyze business data and create reports and dashboards.
10725,BI Developer,Analytica,Enterprise,India,Mid,Master's,37257,"Power BI, Excel, SQL",Hybrid,Dec,277,Develop interactive dashboards and business intelligence solutions.
10726,Business Analyst,ByteWorks,Startup,USA,Mid,Bachelor's,58442,"SQL, Excel, Power BI, Tableau",Hybrid,Mar,229,Gather requirements and improve business processes through data insights.
10727,Data Scientist,TechNova,Startup,Canada,Senior,PhD,121261,"Python, PyTorch, Machine Learning",Remote,Sep,159,Build predictive models and perform advanced analytics.
10728,BI Developer,NextGen AI,Startup,USA,Entry,Master's,81404,"DAX, SQL, Power BI",Hybrid,May,295,Develop interactive dashboards and business intelligence solutions.
10729,BI Developer,ByteWorks,Startup,USA,Entry,Master's,53116,"DAX, SQL, Power BI, Excel",Remote,Oct,206,Develop interactive dashboards and business intelligence solutions.
10730,Data Analyst,ByteWorks,Startup,USA,Entry,Master's,77196,"DAX, Python, SQL",Remote,Jun,328,Analyze business data and create reports and dashboards.
10731,ML Engineer,CloudMatrix,Medium,Singapore,Mid,Bachelor's,183253,"PyTorch, TensorFlow, Machine Learning, AWS, Python",Hybrid,Mar,204,Deploy and optimize machine learning models in production.
10732,ML Engineer,DataSphere,Medium,India,Mid,Master's,61852,"Python, PyTorch, TensorFlow",Hybrid,Apr,239,Deploy and optimize machine learning models in production.
10733,Data Engineer,InnoSoft,Enterprise,India,Entry,Master's,58416,"Spark, SQL, AWS, Python",On-site,Feb,501,Design and maintain data pipelines and data warehouses.
10734,Data Scientist,ByteWorks,Startup,UK,Senior,Master's,195901,"Machine Learning, TensorFlow, Python, SQL",Remote,Dec,55,Build predictive models and perform advanced analytics.
10735,AI Engineer,ByteWorks,Startup,Germany,Mid,Bachelor's,176965,"AWS, Machine Learning, TensorFlow, PyTorch, Python",Remote,Jan,69,Build AI systems using deep learning and generative AI technologies.
10736,Business Analyst,NextGen AI,Startup,UK,Mid,Master's,82806,"Power BI, SQL, Excel, Tableau",Hybrid,Sep,166,Gather requirements and improve business processes through data insights.
10737,Data Analyst,InnoSoft,Enterprise,USA,Entry,Bachelor's,60611,"SQL, Excel, Python, Tableau",Hybrid,Apr,234,Analyze business data and create reports and dashboards.
10738,Data Engineer,DataSphere,Medium,India,Mid,Master's,69401,"Spark, AWS, Python, SQL",On-site,Jun,193,Design and maintain data pipelines and data warehouses.
10739,Data Analyst,TechNova,Startup,Australia,Entry,Master's,56996,"DAX, Tableau, Python, Excel, SQL",On-site,Nov,260,Analyze business data and create reports and dashboards.
10740,ML Engineer,NextGen AI,Startup,Australia,Mid,Master's,143438,"AWS, TensorFlow, Machine Learning, Python, PyTorch",Remote,Mar,118,Deploy and optimize machine learning models in production.
10741,Data Scientist,DataSphere,Medium,Germany,Entry,Bachelor's,84825,"Machine Learning, TensorFlow, Python, PyTorch, SQL",Hybrid,Jul,243,Build predictive models and perform advanced analytics.
10742,ML Engineer,NextGen AI,Startup,India,Entry,Bachelor's,63399,"Machine Learning, TensorFlow, PyTorch",On-site,Oct,460,Deploy and optimize machine learning models in production.
10743,Data Analyst,ByteWorks,Startup,Germany,Entry,Bachelor's,41299,"Excel, SQL, Python",Remote,Feb,356,Analyze business data and create reports and dashboards.
10744,Data Engineer,CloudMatrix,Medium,Australia,Mid,Master's,114207,"AWS, Python, SQL, Spark",Hybrid,Mar,85,Design and maintain data pipelines and data warehouses.
10745,Business Analyst,TechNova,Startup,UK,Mid,Bachelor's,54073,"Power BI, Excel, SQL",On-site,Jan,55,Gather requirements and improve business processes through data insights.
10746,Business Analyst,TechNova,Startup,USA,Mid,Master's,62072,"Tableau, Power BI, Excel",Hybrid,Mar,140,Gather requirements and improve business processes through data insights.
10747,Data Analyst,NextGen AI,Startup,India,Senior,Master's,45696,"Excel, Python, Tableau",Hybrid,Mar,200,Analyze business data and create reports and dashboards.
10748,Data Scientist,CloudMatrix,Medium,UK,Entry,Master's,113163,"TensorFlow, Python, Machine Learning, PyTorch",Hybrid,May,265,Build predictive models and perform advanced analytics.
10749,AI Engineer,DataSphere,Medium,Australia,Entry,Master's,98533,"AWS, Machine Learning, Python, PyTorch",Remote,Dec,386,Build AI systems using deep learning and generative AI technologies.
10750,BI Developer,InnoSoft,Enterprise,India,Entry,Bachelor's,26261,"Excel, DAX, Power BI, SQL",Remote,Nov,389,Develop interactive dashboards and business intelligence solutions.
10751,Business Analyst,ByteWorks,Startup,Germany,Mid,Bachelor's,84353,"Tableau, Excel, SQL",Hybrid,Dec,176,Gather requirements and improve business processes through data insights.
10752,Data Analyst,NextGen AI,Startup,Canada,Entry,Master's,39205,"Python, DAX, Excel",Hybrid,Mar,384,Analyze business data and create reports and dashboards.
10753,BI Developer,Analytica,Enterprise,USA,Senior,Master's,137828,"SQL, DAX, Excel",Remote,Dec,157,Develop interactive dashboards and business intelligence solutions.
10754,ML Engineer,InnoSoft,Enterprise,Germany,Mid,Bachelor's,158250,"Machine Learning, Python, TensorFlow",Remote,Jan,145,Deploy and optimize machine learning models in production.
10755,Business Analyst,CloudMatrix,Medium,USA,Entry,Master's,45050,"SQL, Excel, Tableau, Power BI",On-site,Aug,298,Gather requirements and improve business processes through data insights.
10756,Data Scientist,CloudMatrix,Medium,Germany,Mid,Bachelor's,80697,"Python, Machine Learning, TensorFlow",Remote,Jan,123,Build predictive models and perform advanced analytics.
10757,Data Scientist,ByteWorks,Startup,Singapore,Senior,PhD,196908,"PyTorch, TensorFlow, SQL, Python",Hybrid,Mar,191,Build predictive models and perform advanced analytics.
10758,BI Developer,DataSphere,Medium,UK,Entry,Bachelor's,52380,"Power BI, Excel, SQL",Hybrid,Dec,394,Develop interactive dashboards and business intelligence solutions.
10759,Data Scientist,Analytica,Enterprise,Canada,Mid,Bachelor's,130790,"SQL, Machine Learning, PyTorch, Python",Remote,Feb,147,Build predictive models and perform advanced analytics.
10760,BI Developer,CloudMatrix,Medium,India,Entry,Bachelor's,27299,"DAX, SQL, Excel",Remote,Apr,373,Develop interactive dashboards and business intelligence solutions.
10761,BI Developer,DataSphere,Medium,UK,Mid,Master's,97813,"SQL, Power BI, Excel, DAX",Remote,Jul,173,Develop interactive dashboards and business intelligence solutions.
10762,Data Engineer,NextGen AI,Startup,Canada,Mid,Bachelor's,129242,"Spark, SQL, Python",Hybrid,Jan,83,Design and maintain data pipelines and data warehouses.
10763,Data Engineer,ByteWorks,Startup,Germany,Mid,Bachelor's,89890,"AWS, Python, Spark, SQL",Remote,Nov,124,Design and maintain data pipelines and data warehouses.
10764,ML Engineer,InnoSoft,Enterprise,Australia,Mid,Master's,169591,"Machine Learning, PyTorch, TensorFlow, Python, AWS",On-site,Jun,182,Deploy and optimize machine learning models in production.
10765,Data Engineer,ByteWorks,Startup,India,Senior,Master's,90581,"Python, AWS, SQL, Spark",On-site,Mar,187,Design and maintain data pipelines and data warehouses.
10766,AI Engineer,Insight Corp,Enterprise,UK,Senior,PhD,146052,"TensorFlow, PyTorch, Python, AWS",Remote,Oct,177,Build AI systems using deep learning and generative AI technologies.
10767,BI Developer,CloudMatrix,Medium,India,Entry,Master's,36087,"Power BI, SQL, Excel, DAX",On-site,May,419,Develop interactive dashboards and business intelligence solutions.
10768,Data Scientist,ByteWorks,Startup,Australia,Mid,Master's,97769,"TensorFlow, PyTorch, Python, Machine Learning, SQL",Hybrid,Nov,162,Build predictive models and perform advanced analytics.
10769,Data Analyst,TechNova,Startup,Singapore,Mid,Bachelor's,54055,"Power BI, SQL, DAX, Python",On-site,Jul,89,Analyze business data and create reports and dashboards.
10770,AI Engineer,Analytica,Enterprise,Singapore,Entry,Master's,143509,"Python, Machine Learning, AWS, PyTorch",On-site,Jul,405,Build AI systems using deep learning and generative AI technologies.
10771,Business Analyst,ByteWorks,Startup,Canada,Entry,Bachelor's,53074,"Tableau, Excel, SQL, Power BI",Remote,Sep,428,Gather requirements and improve business processes through data insights.
10772,Business Analyst,Analytica,Enterprise,USA,Mid,Master's,76228,"Tableau, Excel, SQL, Power BI",Remote,Apr,195,Gather requirements and improve business processes through data insights.
10773,Data Analyst,NextGen AI,Startup,Australia,Entry,Master's,65444,"SQL, Python, Excel",Hybrid,Feb,283,Analyze business data and create reports and dashboards.
10774,BI Developer,Analytica,Enterprise,Australia,Mid,Master's,72034,"SQL, Excel, Power BI",On-site,May,221,Develop interactive dashboards and business intelligence solutions.
10775,Business Analyst,NextGen AI,Startup,Canada,Senior,Master's,97325,"Tableau, SQL, Power BI",Hybrid,Sep,171,Gather requirements and improve business processes through data insights.
10776,AI Engineer,NextGen AI,Startup,India,Mid,Master's,93275,"PyTorch, Python, AWS, TensorFlow, Machine Learning",Remote,Jun,275,Build AI systems using deep learning and generative AI technologies.
10777,Data Analyst,ByteWorks,Startup,Canada,Mid,Bachelor's,48067,"DAX, Power BI, Python",On-site,Apr,165,Analyze business data and create reports and dashboards.
10778,ML Engineer,NextGen AI,Startup,Germany,Mid,Master's,120117,"TensorFlow, Machine Learning, PyTorch, Python",Hybrid,Jun,203,Deploy and optimize machine learning models in production.
10779,Data Analyst,Insight Corp,Enterprise,Canada,Mid,Master's,56498,"Power BI, DAX, Excel, SQL",Hybrid,Sep,229,Analyze business data and create reports and dashboards.
10780,AI Engineer,CloudMatrix,Medium,India,Senior,PhD,108099,"TensorFlow, AWS, Machine Learning, PyTorch, Python",Remote,Dec,256,Build AI systems using deep learning and generative AI technologies.
10781,Data Engineer,DataSphere,Medium,India,Senior,Master's,63796,"Python, SQL, AWS, Spark",Remote,Nov,205,Design and maintain data pipelines and data warehouses.
10782,BI Developer,ByteWorks,Startup,USA,Entry,Master's,79794,"SQL, Power BI, DAX, Excel",Remote,Jan,388,Develop interactive dashboards and business intelligence solutions.
10783,BI Developer,NextGen AI,Startup,UK,Entry,Bachelor's,60600,"Excel, SQL, DAX",Hybrid,Mar,334,Develop interactive dashboards and business intelligence solutions.
10784,AI Engineer,CloudMatrix,Medium,Australia,Senior,PhD,242835,"AWS, TensorFlow, PyTorch, Machine Learning, Python",Remote,Jan,131,Build AI systems using deep learning and generative AI technologies.
10785,AI Engineer,ByteWorks,Startup,USA,Senior,Master's,225875,"Machine Learning, TensorFlow, AWS, Python",Remote,Dec,236,Build AI systems using deep learning and generative AI technologies.
10786,AI Engineer,InnoSoft,Enterprise,UK,Entry,Bachelor's,149057,"PyTorch, TensorFlow, AWS, Python, Machine Learning",On-site,Jan,450,Build AI systems using deep learning and generative AI technologies.
10787,Data Scientist,TechNova,Startup,Singapore,Mid,Master's,106946,"Python, SQL, PyTorch, TensorFlow, Machine Learning",Hybrid,Mar,57,Build predictive models and perform advanced analytics.
10788,Business Analyst,NextGen AI,Startup,Canada,Entry,Bachelor's,47661,"Excel, SQL, Tableau, Power BI",On-site,Nov,431,Gather requirements and improve business processes through data insights.
10789,Data Engineer,DataSphere,Medium,India,Mid,Master's,51232,"Python, AWS, SQL",Remote,Apr,145,Design and maintain data pipelines and data warehouses.
10790,Data Scientist,DataSphere,Medium,Germany,Mid,Master's,139758,"Python, Machine Learning, TensorFlow, SQL, PyTorch",Hybrid,Nov,68,Build predictive models and perform advanced analytics.
10791,Data Scientist,InnoSoft,Enterprise,USA,Entry,Master's,93419,"Python, TensorFlow, Machine Learning",Hybrid,Oct,463,Build predictive models and perform advanced analytics.
10792,Data Engineer,TechNova,Startup,USA,Mid,Bachelor's,135446,"Python, Spark, AWS",Remote,Jun,81,Design and maintain data pipelines and data warehouses.
10793,Data Analyst,NextGen AI,Startup,India,Entry,Master's,26730,"Python, Excel, Tableau",Remote,Dec,287,Analyze business data and create reports and dashboards.
10794,AI Engineer,Analytica,Enterprise,Germany,Mid,Master's,160223,"PyTorch, AWS, Python",Remote,Mar,99,Build AI systems using deep learning and generative AI technologies.
10795,AI Engineer,NextGen AI,Startup,Singapore,Mid,Master's,176317,"PyTorch, Python, Machine Learning, TensorFlow",Hybrid,Apr,158,Build AI systems using deep learning and generative AI technologies.
10796,Data Engineer,CloudMatrix,Medium,Canada,Senior,PhD,113455,"Spark, AWS, SQL",Remote,Oct,165,Design and maintain data pipelines and data warehouses.
10797,AI Engineer,CloudMatrix,Medium,Germany,Entry,Master's,102222,"TensorFlow, Python, AWS, Machine Learning",On-site,Mar,341,Build AI systems using deep learning and generative AI technologies.
10798,AI Engineer,CloudMatrix,Medium,India,Entry,Bachelor's,41142,"TensorFlow, Python, Machine Learning, PyTorch",Hybrid,Sep,494,Build AI systems using deep learning and generative AI technologies.
10799,Business Analyst,DataSphere,Medium,UK,Entry,Bachelor's,40412,"Power BI, SQL, Excel, Tableau",Hybrid,Aug,403,Gather requirements and improve business processes through data insights.
10800,Data Scientist,TechNova,Startup,Canada,Mid,Master's,91656,"PyTorch, SQL, Python, TensorFlow",Remote,Jan,165,Build predictive models and perform advanced analytics.
10801,ML Engineer,TechNova,Startup,Germany,Entry,Master's,124017,"PyTorch, Python, AWS",On-site,Feb,295,Deploy and optimize machine learning models in production.
10802,AI Engineer,ByteWorks,Startup,Singapore,Entry,Master's,124995,"PyTorch, AWS, Machine Learning, Python, TensorFlow",Hybrid,Dec,430,Build AI systems using deep learning and generative AI technologies.
10803,Data Scientist,Analytica,Enterprise,Australia,Mid,Bachelor's,96652,"Python, Machine Learning, PyTorch",On-site,Mar,145,Build predictive models and perform advanced analytics.
10804,Data Analyst,CloudMatrix,Medium,Australia,Mid,Bachelor's,82746,"DAX, Excel, Python",Remote,May,107,Analyze business data and create reports and dashboards.
10805,AI Engineer,TechNova,Startup,India,Entry,Bachelor's,58447,"PyTorch, TensorFlow, Python, AWS",Hybrid,Mar,328,Build AI systems using deep learning and generative AI technologies.
10806,BI Developer,InnoSoft,Enterprise,Australia,Mid,Master's,86720,"Power BI, DAX, Excel",Hybrid,May,213,Develop interactive dashboards and business intelligence solutions.
10807,BI Developer,Analytica,Enterprise,USA,Entry,Bachelor's,69414,"Power BI, DAX, SQL",Hybrid,Aug,353,Develop interactive dashboards and business intelligence solutions.
10808,Data Analyst,NextGen AI,Startup,India,Mid,Master's,42570,"SQL, Tableau, Excel, DAX",Hybrid,Nov,222,Analyze business data and create reports and dashboards.
10809,Business Analyst,DataSphere,Medium,USA,Entry,Master's,63831,"SQL, Tableau, Excel, Power BI",On-site,Jul,363,Gather requirements and improve business processes through data insights.
10810,Business Analyst,Insight Corp,Enterprise,Australia,Mid,Master's,52524,"Excel, Tableau, Power BI",Hybrid,Mar,87,Gather requirements and improve business processes through data insights.
10811,BI Developer,TechNova,Startup,Germany,Mid,Bachelor's,89622,"SQL, Power BI, DAX, Excel",Remote,Jul,140,Develop interactive dashboards and business intelligence solutions.
10812,Data Engineer,ByteWorks,Startup,UK,Entry,Master's,119562,"AWS, Spark, SQL, Python",Remote,Apr,313,Design and maintain data pipelines and data warehouses.
10813,Data Scientist,InnoSoft,Enterprise,UK,Entry,Bachelor's,121229,"Machine Learning, Python, SQL",Remote,Jan,392,Build predictive models and perform advanced analytics.
10814,Data Analyst,Insight Corp,Enterprise,USA,Entry,Bachelor's,51621,"DAX, Power BI, Tableau, SQL, Python",On-site,Dec,277,Analyze business data and create reports and dashboards.
10815,AI Engineer,Insight Corp,Enterprise,Germany,Entry,Master's,105014,"Python, Machine Learning, AWS, TensorFlow",Hybrid,Dec,311,Build AI systems using deep learning and generative AI technologies.
10816,Business Analyst,InnoSoft,Enterprise,Canada,Mid,Master's,54103,"SQL, Excel, Tableau, Power BI",Remote,Jan,97,Gather requirements and improve business processes through data insights.
10817,Business Analyst,Insight Corp,Enterprise,India,Entry,Bachelor's,18286,"SQL, Tableau, Excel, Power BI",Hybrid,Oct,502,Gather requirements and improve business processes through data insights.
10818,ML Engineer,Insight Corp,Enterprise,Australia,Entry,Master's,135853,"PyTorch, Machine Learning, TensorFlow",On-site,Dec,229,Deploy and optimize machine learning models in production.
10819,BI Developer,Insight Corp,Enterprise,Singapore,Mid,Bachelor's,87725,"DAX, Excel, Power BI, SQL",Remote,May,167,Develop interactive dashboards and business intelligence solutions.
10820,ML Engineer,TechNova,Startup,USA,Senior,PhD,182190,"AWS, Python, Machine Learning, TensorFlow",On-site,Apr,218,Deploy and optimize machine learning models in production.
10821,ML Engineer,DataSphere,Medium,USA,Senior,PhD,215225,"Machine Learning, AWS, PyTorch, Python",Remote,Nov,213,Deploy and optimize machine learning models in production.
10822,BI Developer,CloudMatrix,Medium,Germany,Mid,Master's,76617,"DAX, Excel, SQL, Power BI",Remote,Oct,129,Develop interactive dashboards and business intelligence solutions.
10823,AI Engineer,CloudMatrix,Medium,Canada,Entry,Bachelor's,77428,"Machine Learning, PyTorch, AWS",Hybrid,May,314,Build AI systems using deep learning and generative AI technologies.
10824,Data Scientist,Insight Corp,Enterprise,India,Mid,Master's,40524,"Python, PyTorch, Machine Learning, TensorFlow, SQL",Remote,Jun,221,Build predictive models and perform advanced analytics.
10825,ML Engineer,TechNova,Startup,India,Entry,Bachelor's,58906,"TensorFlow, Python, PyTorch, Machine Learning, AWS",On-site,Jul,485,Deploy and optimize machine learning models in production.
10826,Data Engineer,DataSphere,Medium,Canada,Entry,Master's,116467,"AWS, SQL, Spark, Python",On-site,May,303,Design and maintain data pipelines and data warehouses.
10827,Data Engineer,Insight Corp,Enterprise,USA,Mid,Bachelor's,146585,"Spark, Python, SQL",Remote,May,198,Design and maintain data pipelines and data warehouses.
10828,BI Developer,DataSphere,Medium,Canada,Mid,Master's,85235,"SQL, Excel, Power BI, DAX",Remote,Aug,189,Develop interactive dashboards and business intelligence solutions.
10829,BI Developer,ByteWorks,Startup,Germany,Mid,Master's,86496,"SQL, Power BI, Excel, DAX",Remote,Apr,168,Develop interactive dashboards and business intelligence solutions.
10830,Data Engineer,CloudMatrix,Medium,USA,Mid,Master's,141811,"SQL, AWS, Python, Spark",On-site,Jan,63,Design and maintain data pipelines and data warehouses.
10831,Data Analyst,TechNova,Startup,Canada,Senior,Master's,70740,"Tableau, Power BI, Excel, Python",Hybrid,Dec,135,Analyze business data and create reports and dashboards.
10832,Data Engineer,TechNova,Startup,Singapore,Entry,Master's,89199,"SQL, AWS, Spark, Python",Remote,Oct,419,Design and maintain data pipelines and data warehouses.
10833,ML Engineer,NextGen AI,Startup,India,Entry,Master's,47275,"Python, AWS, Machine Learning",Remote,Jul,450,Deploy and optimize machine learning models in production.
10834,Data Analyst,DataSphere,Medium,Canada,Mid,Master's,60627,"Excel, Tableau, Power BI, DAX, Python",On-site,Mar,110,Analyze business data and create reports and dashboards.
10835,ML Engineer,TechNova,Startup,USA,Entry,Bachelor's,116546,"TensorFlow, AWS, Machine Learning, PyTorch, Python",Hybrid,Oct,323,Deploy and optimize machine learning models in production.
10836,Data Scientist,CloudMatrix,Medium,Singapore,Entry,Bachelor's,114541,"Machine Learning, Python, PyTorch, TensorFlow",Hybrid,Oct,355,Build predictive models and perform advanced analytics.
10837,Data Scientist,TechNova,Startup,UK,Entry,Master's,115432,"SQL, TensorFlow, Python, PyTorch",On-site,Sep,250,Build predictive models and perform advanced analytics.
10838,AI Engineer,NextGen AI,Startup,Canada,Senior,PhD,215995,"TensorFlow, PyTorch, AWS",Hybrid,Aug,149,Build AI systems using deep learning and generative AI technologies.
10839,ML Engineer,InnoSoft,Enterprise,Canada,Mid,Bachelor's,132499,"AWS, Machine Learning, TensorFlow, Python, PyTorch",Remote,Dec,150,Deploy and optimize machine learning models in production.
10840,BI Developer,CloudMatrix,Medium,UK,Mid,Master's,86018,"Power BI, SQL, DAX, Excel",Remote,Nov,67,Develop interactive dashboards and business intelligence solutions.
10841,Data Scientist,CloudMatrix,Medium,Australia,Entry,Bachelor's,90911,"SQL, Python, PyTorch, Machine Learning",Hybrid,Jan,220,Build predictive models and perform advanced analytics.
10842,AI Engineer,DataSphere,Medium,Germany,Mid,Master's,190686,"PyTorch, Python, Machine Learning",On-site,Jul,211,Build AI systems using deep learning and generative AI technologies.
10843,Business Analyst,NextGen AI,Startup,USA,Entry,Bachelor's,68672,"SQL, Tableau, Excel, Power BI",Remote,Nov,396,Gather requirements and improve business processes through data insights.
10844,ML Engineer,DataSphere,Medium,USA,Entry,Bachelor's,103423,"Machine Learning, Python, TensorFlow, AWS, PyTorch",On-site,Apr,243,Deploy and optimize machine learning models in production.
10845,Data Engineer,Analytica,Enterprise,UK,Entry,Master's,83763,"Python, Spark, AWS, SQL",Hybrid,Feb,279,Design and maintain data pipelines and data warehouses.
10846,Data Analyst,Analytica,Enterprise,USA,Entry,Bachelor's,66687,"Excel, Power BI, DAX, Python",On-site,May,212,Analyze business data and create reports and dashboards.
10847,Data Analyst,NextGen AI,Startup,Australia,Mid,Master's,87492,"Tableau, Python, Power BI",Hybrid,Nov,129,Analyze business data and create reports and dashboards.
10848,Data Analyst,TechNova,Startup,Canada,Mid,Bachelor's,61773,"SQL, DAX, Excel",On-site,Apr,135,Analyze business data and create reports and dashboards.
10849,Data Scientist,DataSphere,Medium,Australia,Senior,Master's,107472,"PyTorch, Python, TensorFlow, Machine Learning",On-site,May,138,Build predictive models and perform advanced analytics.
10850,ML Engineer,TechNova,Startup,India,Entry,Bachelor's,68189,"Python, Machine Learning, AWS",Hybrid,Sep,401,Deploy and optimize machine learning models in production.
10851,Data Engineer,ByteWorks,Startup,Singapore,Mid,Master's,91878,"AWS, Spark, Python, SQL",Hybrid,Sep,191,Design and maintain data pipelines and data warehouses.
10852,Business Analyst,DataSphere,Medium,Germany,Entry,Bachelor's,57688,"SQL, Excel, Power BI",Remote,Apr,289,Gather requirements and improve business processes through data insights.
10853,Data Scientist,TechNova,Startup,Australia,Entry,Master's,92481,"Machine Learning, TensorFlow, Python, PyTorch",Remote,Oct,183,Build predictive models and perform advanced analytics.
10854,ML Engineer,NextGen AI,Startup,Canada,Entry,Master's,116570,"PyTorch, TensorFlow, AWS",Hybrid,Apr,303,Deploy and optimize machine learning models in production.
10855,Data Scientist,Insight Corp,Enterprise,Canada,Mid,Master's,115134,"TensorFlow, Python, SQL, Machine Learning",Remote,Dec,217,Build predictive models and perform advanced analytics.
10856,Data Engineer,Analytica,Enterprise,Canada,Entry,Bachelor's,79027,"SQL, Python, AWS, Spark",Remote,Apr,342,Design and maintain data pipelines and data warehouses.
10857,ML Engineer,Analytica,Enterprise,Singapore,Mid,Master's,118717,"PyTorch, Machine Learning, AWS",Hybrid,May,55,Deploy and optimize machine learning models in production.
10858,AI Engineer,DataSphere,Medium,India,Entry,Master's,76464,"AWS, Python, Machine Learning, PyTorch",On-site,Mar,426,Build AI systems using deep learning and generative AI technologies.
10859,ML Engineer,ByteWorks,Startup,UK,Entry,Bachelor's,112496,"Machine Learning, PyTorch, TensorFlow",On-site,Jan,296,Deploy and optimize machine learning models in production.
10860,BI Developer,ByteWorks,Startup,Australia,Mid,Master's,60460,"DAX, Excel, Power BI, SQL",Hybrid,Mar,77,Develop interactive dashboards and business intelligence solutions.
10861,Data Scientist,Analytica,Enterprise,Singapore,Senior,PhD,153860,"TensorFlow, Python, SQL, Machine Learning",On-site,Oct,83,Build predictive models and perform advanced analytics.
10862,Data Scientist,TechNova,Startup,UK,Entry,Bachelor's,94702,"Python, PyTorch, Machine Learning, TensorFlow, SQL",On-site,Aug,382,Build predictive models and perform advanced analytics.
10863,Data Scientist,TechNova,Startup,Germany,Entry,Master's,67365,"Machine Learning, SQL, Python, TensorFlow, PyTorch",Hybrid,Feb,363,Build predictive models and perform advanced analytics.
10864,Data Scientist,InnoSoft,Enterprise,Canada,Mid,Bachelor's,112831,"Machine Learning, PyTorch, Python",On-site,Apr,116,Build predictive models and perform advanced analytics.
10865,Data Analyst,TechNova,Startup,USA,Mid,Master's,92320,"DAX, SQL, Python, Excel, Tableau",Remote,Jan,198,Analyze business data and create reports and dashboards.
10866,ML Engineer,CloudMatrix,Medium,UK,Mid,Bachelor's,130232,"AWS, Python, PyTorch, Machine Learning, TensorFlow",Remote,Jun,139,Deploy and optimize machine learning models in production.
10867,Data Engineer,CloudMatrix,Medium,Australia,Senior,PhD,186510,"SQL, Python, AWS, Spark",Hybrid,Jul,68,Design and maintain data pipelines and data warehouses.
10868,ML Engineer,CloudMatrix,Medium,Germany,Senior,Master's,177901,"Python, PyTorch, Machine Learning, AWS",Remote,Oct,209,Deploy and optimize machine learning models in production.
10869,Business Analyst,CloudMatrix,Medium,UK,Mid,Master's,82467,"SQL, Tableau, Excel, Power BI",Hybrid,Nov,250,Gather requirements and improve business processes through data insights.
10870,Data Analyst,DataSphere,Medium,USA,Mid,Master's,90498,"Python, Tableau, Power BI, Excel, SQL",Hybrid,May,187,Analyze business data and create reports and dashboards.
10871,Business Analyst,Insight Corp,Enterprise,USA,Entry,Master's,63721,"SQL, Tableau, Power BI",Remote,Feb,325,Gather requirements and improve business processes through data insights.
10872,BI Developer,DataSphere,Medium,Canada,Mid,Master's,95266,"Power BI, DAX, SQL, Excel",Hybrid,Nov,108,Develop interactive dashboards and business intelligence solutions.
10873,Data Engineer,InnoSoft,Enterprise,UK,Entry,Bachelor's,101341,"AWS, Spark, Python, SQL",Remote,Mar,317,Design and maintain data pipelines and data warehouses.
10874,Data Scientist,TechNova,Startup,USA,Entry,Bachelor's,104521,"Python, Machine Learning, PyTorch, SQL",Hybrid,Dec,486,Build predictive models and perform advanced analytics.
10875,Business Analyst,DataSphere,Medium,USA,Mid,Bachelor's,93360,"SQL, Tableau, Excel, Power BI",On-site,Jun,149,Gather requirements and improve business processes through data insights.
10876,AI Engineer,CloudMatrix,Medium,UK,Mid,Master's,117140,"PyTorch, AWS, TensorFlow, Machine Learning, Python",Remote,Aug,234,Build AI systems using deep learning and generative AI technologies.
10877,ML Engineer,InnoSoft,Enterprise,Singapore,Entry,Master's,144175,"Machine Learning, PyTorch, AWS, TensorFlow, Python",On-site,Aug,209,Deploy and optimize machine learning models in production.
10878,Business Analyst,Insight Corp,Enterprise,Australia,Entry,Master's,53538,"Tableau, SQL, Power BI, Excel",Remote,Mar,363,Gather requirements and improve business processes through data insights.
10879,Business Analyst,TechNova,Startup,Australia,Senior,Master's,77482,"Power BI, Excel, SQL, Tableau",Hybrid,Feb,160,Gather requirements and improve business processes through data insights.
10880,BI Developer,Insight Corp,Enterprise,Germany,Mid,Bachelor's,68733,"SQL, Excel, Power BI, DAX",On-site,Apr,123,Develop interactive dashboards and business intelligence solutions.
10881,Data Engineer,InnoSoft,Enterprise,India,Mid,Bachelor's,45117,"AWS, Python, SQL",On-site,May,306,Design and maintain data pipelines and data warehouses.
10882,Data Engineer,ByteWorks,Startup,Singapore,Mid,Master's,108701,"Python, SQL, Spark",Remote,May,166,Design and maintain data pipelines and data warehouses.
10883,Data Analyst,InnoSoft,Enterprise,Canada,Mid,Master's,55921,"SQL, Python, Excel, Tableau, DAX",On-site,Aug,140,Analyze business data and create reports and dashboards.
10884,ML Engineer,DataSphere,Medium,Singapore,Mid,Bachelor's,106907,"Machine Learning, PyTorch, Python, AWS, TensorFlow",Remote,Mar,160,Deploy and optimize machine learning models in production.
10885,Data Engineer,ByteWorks,Startup,Australia,Senior,Master's,144931,"SQL, Spark, AWS, Python",Hybrid,Apr,117,Design and maintain data pipelines and data warehouses.
10886,ML Engineer,DataSphere,Medium,UK,Senior,Master's,162826,"Machine Learning, TensorFlow, PyTorch, Python",Hybrid,Jul,50,Deploy and optimize machine learning models in production.
10887,ML Engineer,Insight Corp,Enterprise,UK,Entry,Master's,104187,"TensorFlow, PyTorch, Python, Machine Learning, AWS",Hybrid,Nov,402,Deploy and optimize machine learning models in production.
10888,Data Scientist,CloudMatrix,Medium,UK,Mid,Master's,92983,"SQL, PyTorch, Machine Learning, Python",Remote,Feb,106,Build predictive models and perform advanced analytics.
10889,Business Analyst,Analytica,Enterprise,Canada,Mid,Bachelor's,66701,"Tableau, SQL, Power BI",Hybrid,Jan,228,Gather requirements and improve business processes through data insights.
10890,BI Developer,Insight Corp,Enterprise,UK,Entry,Master's,69123,"DAX, Power BI, Excel, SQL",On-site,Jul,308,Develop interactive dashboards and business intelligence solutions.
10891,BI Developer,TechNova,Startup,Canada,Mid,Bachelor's,68369,"DAX, Power BI, Excel",Hybrid,Oct,136,Develop interactive dashboards and business intelligence solutions.
10892,Business Analyst,NextGen AI,Startup,Australia,Mid,Master's,69306,"Excel, SQL, Tableau",Hybrid,Jun,83,Gather requirements and improve business processes through data insights.
10893,AI Engineer,DataSphere,Medium,Singapore,Entry,Bachelor's,111705,"Machine Learning, AWS, PyTorch",Remote,May,379,Build AI systems using deep learning and generative AI technologies.
10894,AI Engineer,InnoSoft,Enterprise,Canada,Entry,Master's,100521,"Python, Machine Learning, PyTorch",On-site,Aug,354,Build AI systems using deep learning and generative AI technologies.
10895,Data Analyst,InnoSoft,Enterprise,Canada,Entry,Bachelor's,51062,"Python, Power BI, Tableau, DAX, SQL",Remote,Feb,374,Analyze business data and create reports and dashboards.
10896,Data Analyst,ByteWorks,Startup,India,Entry,Master's,24727,"Excel, DAX, Power BI, Tableau, Python",Remote,May,424,Analyze business data and create reports and dashboards.
10897,Data Scientist,NextGen AI,Startup,India,Entry,Bachelor's,59304,"PyTorch, TensorFlow, Machine Learning, SQL",Remote,Jul,424,Build predictive models and perform advanced analytics.
10898,Data Analyst,Analytica,Enterprise,Singapore,Entry,Bachelor's,65955,"SQL, Tableau, Python, DAX",Hybrid,Aug,484,Analyze business data and create reports and dashboards.
10899,BI Developer,Analytica,Enterprise,UK,Entry,Bachelor's,63320,"SQL, DAX, Excel",On-site,Aug,271,Develop interactive dashboards and business intelligence solutions.
10900,Data Engineer,NextGen AI,Startup,India,Entry,Bachelor's,61678,"Spark, SQL, AWS, Python",Remote,Jan,575,Design and maintain data pipelines and data warehouses.
10901,BI Developer,ByteWorks,Startup,Australia,Entry,Master's,57339,"Excel, Power BI, SQL, DAX",On-site,Dec,486,Develop interactive dashboards and business intelligence solutions.
10902,Data Scientist,DataSphere,Medium,India,Mid,Bachelor's,45088,"PyTorch, Python, SQL",On-site,Aug,212,Build predictive models and perform advanced analytics.
10903,AI Engineer,DataSphere,Medium,India,Senior,PhD,111530,"TensorFlow, AWS, Machine Learning, Python",On-site,Feb,223,Build AI systems using deep learning and generative AI technologies.
10904,Data Scientist,Insight Corp,Enterprise,Singapore,Senior,Master's,160411,"PyTorch, Machine Learning, Python, SQL",Remote,Oct,183,Build predictive models and perform advanced analytics.
10905,ML Engineer,CloudMatrix,Medium,UK,Mid,Bachelor's,165240,"TensorFlow, Machine Learning, PyTorch, AWS",Remote,Jun,168,Deploy and optimize machine learning models in production.
10906,Data Scientist,InnoSoft,Enterprise,USA,Mid,Bachelor's,88417,"Python, SQL, Machine Learning",Hybrid,Jan,129,Build predictive models and perform advanced analytics.
10907,Data Engineer,Analytica,Enterprise,UK,Entry,Master's,108840,"Python, AWS, SQL, Spark",On-site,Oct,455,Design and maintain data pipelines and data warehouses.
10908,ML Engineer,Insight Corp,Enterprise,Canada,Mid,Bachelor's,146473,"TensorFlow, Python, PyTorch, AWS, Machine Learning",Hybrid,May,115,Deploy and optimize machine learning models in production.
10909,Business Analyst,Insight Corp,Enterprise,UK,Entry,Bachelor's,66807,"Power BI, Tableau, SQL, Excel",Remote,Jan,398,Gather requirements and improve business processes through data insights.
10910,AI Engineer,NextGen AI,Startup,USA,Entry,Bachelor's,109200,"PyTorch, Python, AWS",Hybrid,Sep,228,Build AI systems using deep learning and generative AI technologies.
10911,AI Engineer,Analytica,Enterprise,Germany,Mid,Master's,149481,"TensorFlow, AWS, Machine Learning",Hybrid,Dec,127,Build AI systems using deep learning and generative AI technologies.
10912,Data Scientist,CloudMatrix,Medium,Canada,Senior,PhD,151702,"Machine Learning, PyTorch, TensorFlow, SQL, Python",Remote,Sep,185,Build predictive models and perform advanced analytics.
10913,Data Scientist,Analytica,Enterprise,Singapore,Mid,Master's,101840,"TensorFlow, Machine Learning, Python, SQL, PyTorch",On-site,Dec,192,Build predictive models and perform advanced analytics.
10914,Data Scientist,NextGen AI,Startup,UK,Mid,Bachelor's,106911,"Python, Machine Learning, SQL, TensorFlow, PyTorch",Hybrid,Oct,147,Build predictive models and perform advanced analytics.
10915,BI Developer,CloudMatrix,Medium,India,Senior,PhD,47973,"DAX, Excel, Power BI",Hybrid,Jan,229,Develop interactive dashboards and business intelligence solutions.
10916,ML Engineer,Insight Corp,Enterprise,Canada,Mid,Master's,169995,"Machine Learning, AWS, TensorFlow, Python",On-site,Dec,57,Deploy and optimize machine learning models in production.
10917,AI Engineer,DataSphere,Medium,India,Entry,Bachelor's,49535,"Python, AWS, PyTorch",Remote,Jun,441,Build AI systems using deep learning and generative AI technologies.
10918,Data Analyst,Insight Corp,Enterprise,Australia,Entry,Master's,41482,"Tableau, Excel, Python",On-site,Jul,316,Analyze business data and create reports and dashboards.
10919,AI Engineer,TechNova,Startup,India,Entry,Master's,70080,"PyTorch, TensorFlow, Machine Learning",Remote,Mar,315,Build AI systems using deep learning and generative AI technologies.
10920,ML Engineer,TechNova,Startup,Canada,Entry,Bachelor's,111319,"Python, AWS, Machine Learning, PyTorch, TensorFlow",Hybrid,Dec,267,Deploy and optimize machine learning models in production.
10921,Data Analyst,InnoSoft,Enterprise,Canada,Mid,Bachelor's,49211,"SQL, Excel, Power BI",Remote,Dec,246,Analyze business data and create reports and dashboards.
10922,Business Analyst,Insight Corp,Enterprise,Australia,Mid,Master's,59088,"Power BI, Excel, SQL",On-site,Mar,241,Gather requirements and improve business processes through data insights.
10923,BI Developer,InnoSoft,Enterprise,UK,Entry,Master's,58327,"DAX, Power BI, Excel",On-site,Feb,267,Develop interactive dashboards and business intelligence solutions.
10924,Data Scientist,CloudMatrix,Medium,UK,Entry,Master's,124700,"SQL, Machine Learning, TensorFlow, Python, PyTorch",Remote,Nov,308,Build predictive models and perform advanced analytics.
10925,AI Engineer,Insight Corp,Enterprise,USA,Entry,Master's,156029,"PyTorch, TensorFlow, AWS",Remote,Jan,359,Build AI systems using deep learning and generative AI technologies.
10926,Data Analyst,InnoSoft,Enterprise,Germany,Entry,Bachelor's,59550,"Python, Excel, DAX, Tableau, SQL",Hybrid,Mar,389,Analyze business data and create reports and dashboards.
10927,Data Scientist,Analytica,Enterprise,Canada,Entry,Master's,70663,"PyTorch, Machine Learning, Python, SQL",Remote,Oct,288,Build predictive models and perform advanced analytics.
10928,Data Engineer,ByteWorks,Startup,Singapore,Entry,Bachelor's,101580,"AWS, SQL, Python, Spark",Hybrid,Jul,309,Design and maintain data pipelines and data warehouses.
10929,Data Scientist,Insight Corp,Enterprise,UK,Mid,Bachelor's,82959,"PyTorch, Machine Learning, TensorFlow, Python",Hybrid,Nov,91,Build predictive models and perform advanced analytics.
10930,BI Developer,TechNova,Startup,India,Entry,Master's,26671,"Power BI, SQL, DAX",Remote,May,455,Develop interactive dashboards and business intelligence solutions.
10931,Data Analyst,InnoSoft,Enterprise,USA,Senior,Master's,117774,"DAX, Tableau, Excel",Hybrid,Aug,73,Analyze business data and create reports and dashboards.
10932,Business Analyst,CloudMatrix,Medium,India,Mid,Master's,37026,"Tableau, SQL, Excel, Power BI",On-site,Mar,305,Gather requirements and improve business processes through data insights.
10933,BI Developer,InnoSoft,Enterprise,Germany,Mid,Master's,77128,"Excel, DAX, SQL, Power BI",Hybrid,Nov,222,Develop interactive dashboards and business intelligence solutions.
10934,ML Engineer,TechNova,Startup,USA,Senior,Master's,173361,"PyTorch, Python, Machine Learning, TensorFlow",Remote,Nov,246,Deploy and optimize machine learning models in production.
10935,Business Analyst,InnoSoft,Enterprise,Germany,Entry,Master's,48458,"SQL, Tableau, Excel, Power BI",Remote,Jul,338,Gather requirements and improve business processes through data insights.
10936,ML Engineer,Analytica,Enterprise,India,Entry,Bachelor's,63124,"AWS, Python, TensorFlow",Hybrid,Nov,336,Deploy and optimize machine learning models in production.
10937,AI Engineer,ByteWorks,Startup,Australia,Senior,PhD,159965,"AWS, Machine Learning, Python, TensorFlow, PyTorch",Remote,Jan,131,Build AI systems using deep learning and generative AI technologies.
10938,BI Developer,ByteWorks,Startup,Canada,Mid,Bachelor's,61198,"DAX, Power BI, Excel, SQL",On-site,Mar,204,Develop interactive dashboards and business intelligence solutions.
10939,Data Scientist,ByteWorks,Startup,Australia,Mid,Bachelor's,100924,"PyTorch, TensorFlow, Python, Machine Learning, SQL",Remote,Aug,51,Build predictive models and perform advanced analytics.
10940,BI Developer,TechNova,Startup,India,Senior,PhD,57716,"DAX, Power BI, Excel, SQL",On-site,Jan,199,Develop interactive dashboards and business intelligence solutions.
10941,Data Engineer,Insight Corp,Enterprise,USA,Entry,Bachelor's,129664,"Python, Spark, AWS, SQL",Remote,Sep,268,Design and maintain data pipelines and data warehouses.
10942,ML Engineer,ByteWorks,Startup,USA,Entry,Bachelor's,155121,"AWS, Machine Learning, TensorFlow, PyTorch, Python",Hybrid,Dec,206,Deploy and optimize machine learning models in production.
10943,AI Engineer,Analytica,Enterprise,India,Entry,Master's,62488,"Python, AWS, PyTorch, Machine Learning, TensorFlow",On-site,Jul,323,Build AI systems using deep learning and generative AI technologies.
10944,Data Scientist,TechNova,Startup,USA,Senior,PhD,165865,"SQL, Python, PyTorch",Hybrid,May,234,Build predictive models and perform advanced analytics.
10945,Data Engineer,NextGen AI,Startup,Singapore,Mid,Bachelor's,147310,"Spark, AWS, Python, SQL",Hybrid,Oct,196,Design and maintain data pipelines and data warehouses.
10946,Data Scientist,InnoSoft,Enterprise,Singapore,Entry,Master's,67128,"Machine Learning, TensorFlow, PyTorch, SQL",Remote,Feb,307,Build predictive models and perform advanced analytics.
10947,Business Analyst,NextGen AI,Startup,India,Mid,Master's,30648,"Tableau, Power BI, SQL, Excel",Remote,Aug,194,Gather requirements and improve business processes through data insights.
10948,Data Engineer,TechNova,Startup,Canada,Entry,Master's,102338,"AWS, Python, Spark, SQL",Hybrid,Jul,301,Design and maintain data pipelines and data warehouses.
10949,Data Analyst,DataSphere,Medium,Singapore,Mid,Master's,80309,"Excel, DAX, Tableau, SQL, Power BI",Remote,Jan,71,Analyze business data and create reports and dashboards.
10950,Business Analyst,InnoSoft,Enterprise,UK,Entry,Master's,61452,"Tableau, Excel, SQL, Power BI",On-site,Oct,261,Gather requirements and improve business processes through data insights.
10951,AI Engineer,DataSphere,Medium,India,Entry,Bachelor's,52963,"AWS, Machine Learning, TensorFlow",Remote,Jul,411,Build AI systems using deep learning and generative AI technologies.
10952,Data Engineer,Insight Corp,Enterprise,Canada,Mid,Master's,94398,"Spark, AWS, SQL, Python",On-site,Aug,220,Design and maintain data pipelines and data warehouses.
10953,AI Engineer,Analytica,Enterprise,Canada,Senior,PhD,202518,"AWS, PyTorch, Python",On-site,Aug,90,Build AI systems using deep learning and generative AI technologies.
10954,ML Engineer,InnoSoft,Enterprise,Singapore,Senior,Master's,205573,"AWS, TensorFlow, PyTorch, Python",Hybrid,Mar,198,Deploy and optimize machine learning models in production.
10955,Data Engineer,DataSphere,Medium,UK,Mid,Bachelor's,144650,"SQL, Spark, AWS",Remote,Jun,55,Design and maintain data pipelines and data warehouses.
10956,Data Analyst,ByteWorks,Startup,UK,Mid,Master's,64856,"SQL, DAX, Power BI, Excel, Python",Hybrid,Mar,91,Analyze business data and create reports and dashboards.
10957,BI Developer,DataSphere,Medium,India,Entry,Master's,36100,"Power BI, Excel, SQL",Hybrid,Mar,466,Develop interactive dashboards and business intelligence solutions.
10958,Business Analyst,Analytica,Enterprise,Singapore,Senior,Master's,61485,"Tableau, Power BI, SQL, Excel",Remote,Jul,241,Gather requirements and improve business processes through data insights.
10959,BI Developer,DataSphere,Medium,Singapore,Mid,Master's,100945,"SQL, Power BI, DAX, Excel",Remote,Jul,232,Develop interactive dashboards and business intelligence solutions.
10960,ML Engineer,Analytica,Enterprise,Germany,Mid,Bachelor's,110904,"Python, TensorFlow, AWS, PyTorch, Machine Learning",On-site,Apr,87,Deploy and optimize machine learning models in production.
10961,AI Engineer,Analytica,Enterprise,USA,Entry,Master's,133257,"AWS, TensorFlow, Machine Learning, PyTorch, Python",Hybrid,Jun,332,Build AI systems using deep learning and generative AI technologies.
10962,AI Engineer,Analytica,Enterprise,Singapore,Entry,Bachelor's,119778,"Machine Learning, PyTorch, Python",On-site,Jun,311,Build AI systems using deep learning and generative AI technologies.
10963,Data Engineer,CloudMatrix,Medium,Singapore,Entry,Master's,90961,"Spark, Python, AWS, SQL",Hybrid,Jul,373,Design and maintain data pipelines and data warehouses.
10964,BI Developer,NextGen AI,Startup,India,Senior,Master's,63519,"DAX, Excel, Power BI, SQL",Hybrid,Jun,195,Develop interactive dashboards and business intelligence solutions.
10965,ML Engineer,InnoSoft,Enterprise,UK,Senior,PhD,181720,"TensorFlow, AWS, Python, Machine Learning",Hybrid,Jan,183,Deploy and optimize machine learning models in production.
10966,ML Engineer,DataSphere,Medium,Canada,Entry,Bachelor's,95248,"Python, TensorFlow, AWS, PyTorch, Machine Learning",Remote,Dec,245,Deploy and optimize machine learning models in production.
10967,AI Engineer,NextGen AI,Startup,Singapore,Entry,Master's,89588,"Python, PyTorch, AWS, Machine Learning, TensorFlow",On-site,Oct,277,Build AI systems using deep learning and generative AI technologies.
10968,Data Engineer,NextGen AI,Startup,USA,Entry,Master's,98944,"AWS, Python, Spark, SQL",Remote,Feb,388,Design and maintain data pipelines and data warehouses.
10969,ML Engineer,NextGen AI,Startup,Singapore,Senior,PhD,141884,"TensorFlow, Machine Learning, Python",Hybrid,Aug,83,Deploy and optimize machine learning models in production.
10970,Data Analyst,TechNova,Startup,Canada,Mid,Bachelor's,52898,"Python, Power BI, SQL, DAX",Hybrid,Oct,100,Analyze business data and create reports and dashboards.
10971,Data Scientist,Insight Corp,Enterprise,UK,Entry,Master's,113695,"PyTorch, SQL, Python",On-site,Jul,291,Build predictive models and perform advanced analytics.
10972,Data Engineer,Insight Corp,Enterprise,Germany,Mid,Master's,132834,"Spark, SQL, Python, AWS",Hybrid,Nov,179,Design and maintain data pipelines and data warehouses.
10973,Data Engineer,Insight Corp,Enterprise,Singapore,Mid,Bachelor's,117417,"AWS, SQL, Python, Spark",Remote,Jul,174,Design and maintain data pipelines and data warehouses.
10974,ML Engineer,Insight Corp,Enterprise,India,Senior,Master's,103024,"TensorFlow, Python, AWS",Hybrid,May,268,Deploy and optimize machine learning models in production.
10975,Data Engineer,Insight Corp,Enterprise,Canada,Mid,Bachelor's,145402,"SQL, Spark, Python, AWS",Hybrid,Apr,76,Design and maintain data pipelines and data warehouses.
10976,AI Engineer,ByteWorks,Startup,Australia,Entry,Master's,99630,"AWS, Machine Learning, PyTorch, TensorFlow, Python",Remote,Aug,346,Build AI systems using deep learning and generative AI technologies.
10977,AI Engineer,Insight Corp,Enterprise,Canada,Entry,Master's,113679,"AWS, PyTorch, TensorFlow, Machine Learning",On-site,Jan,426,Build AI systems using deep learning and generative AI technologies.
10978,AI Engineer,ByteWorks,Startup,India,Senior,PhD,98170,"Python, TensorFlow, Machine Learning, AWS",On-site,Jun,282,Build AI systems using deep learning and generative AI technologies.
10979,Data Analyst,CloudMatrix,Medium,Germany,Mid,Master's,74637,"SQL, Tableau, Power BI",Hybrid,Feb,192,Analyze business data and create reports and dashboards.
10980,Data Analyst,NextGen AI,Startup,USA,Entry,Bachelor's,76436,"DAX, Power BI, Tableau",On-site,May,454,Analyze business data and create reports and dashboards.
10981,Data Engineer,ByteWorks,Startup,India,Entry,Master's,53962,"Python, SQL, AWS, Spark",Hybrid,Dec,454,Design and maintain data pipelines and data warehouses.
10982,Data Scientist,InnoSoft,Enterprise,Australia,Entry,Master's,98253,"Machine Learning, TensorFlow, SQL, PyTorch",Hybrid,Dec,347,Build predictive models and perform advanced analytics.
10983,Data Analyst,InnoSoft,Enterprise,Australia,Mid,Master's,73771,"DAX, SQL, Tableau, Power BI",On-site,Apr,142,Analyze business data and create reports and dashboards.
10984,Data Scientist,CloudMatrix,Medium,Canada,Entry,Bachelor's,88358,"SQL, PyTorch, Machine Learning, TensorFlow, Python",Remote,Sep,220,Build predictive models and perform advanced analytics.
10985,BI Developer,TechNova,Startup,UK,Mid,Bachelor's,58614,"Excel, Power BI, DAX, SQL",On-site,Oct,179,Develop interactive dashboards and business intelligence solutions.
10986,Data Analyst,DataSphere,Medium,UK,Entry,Master's,70786,"DAX, SQL, Python, Excel, Tableau",On-site,Aug,318,Analyze business data and create reports and dashboards.
10987,Data Scientist,InnoSoft,Enterprise,Singapore,Entry,Master's,89121,"SQL, Python, Machine Learning, TensorFlow, PyTorch",Remote,Jan,462,Build predictive models and perform advanced analytics.
10988,Data Analyst,NextGen AI,Startup,Canada,Mid,Master's,65836,"Tableau, Power BI, SQL, Excel",Hybrid,Dec,107,Analyze business data and create reports and dashboards.
10989,AI Engineer,InnoSoft,Enterprise,USA,Mid,Master's,146273,"Machine Learning, Python, AWS",Remote,Feb,128,Build AI systems using deep learning and generative AI technologies.
10990,BI Developer,CloudMatrix,Medium,USA,Mid,Bachelor's,79022,"Power BI, SQL, Excel, DAX",Remote,Aug,127,Develop interactive dashboards and business intelligence solutions.
10991,Data Analyst,ByteWorks,Startup,India,Mid,Bachelor's,33001,"SQL, DAX, Power BI, Excel",Hybrid,Feb,203,Analyze business data and create reports and dashboards.
10992,Business Analyst,DataSphere,Medium,USA,Mid,Bachelor's,59858,"Power BI, SQL, Excel, Tableau",Hybrid,Sep,175,Gather requirements and improve business processes through data insights.
10993,BI Developer,Analytica,Enterprise,Canada,Mid,Master's,84942,"Excel, SQL, Power BI, DAX",Remote,Feb,54,Develop interactive dashboards and business intelligence solutions.
10994,Data Scientist,Insight Corp,Enterprise,USA,Senior,Master's,129710,"SQL, Python, Machine Learning, TensorFlow",Hybrid,Mar,216,Build predictive models and perform advanced analytics.
10995,AI Engineer,NextGen AI,Startup,USA,Mid,Master's,133462,"AWS, Python, Machine Learning, PyTorch, TensorFlow",Remote,Oct,182,Build AI systems using deep learning and generative AI technologies.
10996,Data Scientist,InnoSoft,Enterprise,Germany,Entry,Bachelor's,124175,"Machine Learning, Python, PyTorch",Hybrid,May,234,Build predictive models and perform advanced analytics.
10997,Data Scientist,CloudMatrix,Medium,Australia,Entry,Master's,100874,"Python, Machine Learning, SQL, PyTorch",Remote,Oct,163,Build predictive models and perform advanced analytics.
10998,ML Engineer,InnoSoft,Enterprise,USA,Entry,Master's,130700,"Python, AWS, TensorFlow",Hybrid,Sep,230,Deploy and optimize machine learning models in production.
10999,Data Scientist,InnoSoft,Enterprise,Australia,Mid,Bachelor's,78855,"Machine Learning, TensorFlow, SQL, PyTorch",Hybrid,Aug,129,Build predictive models and perform advanced analytics.
11000,Data Scientist,NextGen AI,Startup,USA,Entry,Bachelor's,87014,"Python, SQL, Machine Learning, PyTorch, TensorFlow",Hybrid,May,243,Build predictive models and perform advanced analytics.
11001,Business Analyst,Insight Corp,Enterprise,Canada,Mid,Master's,74679,"Power BI, Excel, SQL, Tableau",Hybrid,Nov,221,Gather requirements and improve business processes through data insights.
11002,Business Analyst,TechNova,Startup,Singapore,Senior,Master's,99154,"SQL, Excel, Power BI",Remote,Apr,211,Gather requirements and improve business processes through data insights.
11003,Business Analyst,ByteWorks,Startup,Canada,Entry,Master's,60781,"Tableau, SQL, Excel, Power BI",Remote,Sep,361,Gather requirements and improve business processes through data insights.
11004,Data Scientist,DataSphere,Medium,Singapore,Entry,Master's,130563,"TensorFlow, PyTorch, Machine Learning",On-site,Nov,322,Build predictive models and perform advanced analytics.
11005,Data Analyst,CloudMatrix,Medium,Australia,Mid,Master's,55278,"Python, Tableau, SQL, DAX, Excel",Hybrid,Feb,250,Analyze business data and create reports and dashboards.
11006,Data Analyst,Insight Corp,Enterprise,USA,Senior,Master's,104193,"Tableau, SQL, Power BI",Hybrid,Mar,165,Analyze business data and create reports and dashboards.
11007,AI Engineer,NextGen AI,Startup,Australia,Entry,Bachelor's,122751,"Machine Learning, Python, PyTorch, TensorFlow, AWS",Hybrid,Jun,322,Build AI systems using deep learning and generative AI technologies.
11008,Business Analyst,DataSphere,Medium,Singapore,Entry,Master's,52086,"Tableau, Excel, SQL, Power BI",Hybrid,May,380,Gather requirements and improve business processes through data insights.
11009,Data Scientist,ByteWorks,Startup,Germany,Mid,Master's,98821,"Python, TensorFlow, SQL",On-site,Apr,234,Build predictive models and perform advanced analytics.
11010,ML Engineer,DataSphere,Medium,India,Mid,Master's,58156,"AWS, TensorFlow, PyTorch",On-site,Jul,197,Deploy and optimize machine learning models in production.
11011,Data Engineer,NextGen AI,Startup,USA,Senior,Master's,134790,"SQL, AWS, Python, Spark",On-site,Aug,107,Design and maintain data pipelines and data warehouses.
11012,Business Analyst,Insight Corp,Enterprise,Australia,Entry,Bachelor's,42917,"Tableau, Excel, SQL, Power BI",Hybrid,Sep,362,Gather requirements and improve business processes through data insights.
11013,ML Engineer,Analytica,Enterprise,USA,Entry,Master's,129744,"Python, AWS, TensorFlow, Machine Learning",Hybrid,May,229,Deploy and optimize machine learning models in production.
11014,Business Analyst,DataSphere,Medium,India,Senior,PhD,45907,"Tableau, SQL, Excel, Power BI",Hybrid,Dec,246,Gather requirements and improve business processes through data insights.
11015,ML Engineer,Insight Corp,Enterprise,Canada,Mid,Master's,136106,"PyTorch, Python, AWS, Machine Learning",Hybrid,Apr,157,Deploy and optimize machine learning models in production.
11016,Data Engineer,Analytica,Enterprise,USA,Mid,Bachelor's,137290,"AWS, Spark, SQL, Python",On-site,Oct,76,Design and maintain data pipelines and data warehouses.
11017,Data Analyst,DataSphere,Medium,UK,Entry,Master's,54573,"Power BI, DAX, Python, SQL, Excel",Hybrid,Oct,390,Analyze business data and create reports and dashboards.
11018,AI Engineer,TechNova,Startup,Germany,Senior,PhD,211098,"Machine Learning, TensorFlow, Python",On-site,Feb,221,Build AI systems using deep learning and generative AI technologies.
11019,BI Developer,ByteWorks,Startup,Australia,Entry,Bachelor's,71932,"DAX, SQL, Power BI, Excel",On-site,Jun,305,Develop interactive dashboards and business intelligence solutions.
11020,Data Scientist,Insight Corp,Enterprise,Australia,Mid,Bachelor's,109623,"TensorFlow, SQL, Machine Learning, Python, PyTorch",On-site,Jun,192,Build predictive models and perform advanced analytics.
11021,BI Developer,NextGen AI,Startup,Canada,Senior,PhD,77027,"DAX, Excel, Power BI, SQL",Remote,Apr,234,Develop interactive dashboards and business intelligence solutions.
11022,BI Developer,Analytica,Enterprise,Canada,Entry,Master's,66885,"SQL, Excel, DAX, Power BI",On-site,Sep,282,Develop interactive dashboards and business intelligence solutions.
11023,Data Engineer,InnoSoft,Enterprise,Germany,Mid,Master's,95571,"AWS, SQL, Python, Spark",Remote,Jul,100,Design and maintain data pipelines and data warehouses.
11024,Business Analyst,ByteWorks,Startup,India,Senior,Master's,42667,"SQL, Tableau, Excel, Power BI",On-site,Nov,329,Gather requirements and improve business processes through data insights.
11025,BI Developer,TechNova,Startup,Germany,Entry,Bachelor's,57915,"Power BI, SQL, Excel",Hybrid,Jan,269,Develop interactive dashboards and business intelligence solutions.
11026,AI Engineer,Analytica,Enterprise,Australia,Mid,Master's,183282,"AWS, TensorFlow, PyTorch",On-site,Nov,191,Build AI systems using deep learning and generative AI technologies.
11027,Data Engineer,ByteWorks,Startup,Singapore,Entry,Bachelor's,116570,"Spark, AWS, SQL",Hybrid,Dec,327,Design and maintain data pipelines and data warehouses.
11028,Business Analyst,CloudMatrix,Medium,Australia,Senior,Master's,80899,"Tableau, Power BI, SQL",Hybrid,Oct,187,Gather requirements and improve business processes through data insights.
11029,Business Analyst,CloudMatrix,Medium,Singapore,Mid,Master's,64928,"Tableau, Power BI, SQL",Remote,Oct,169,Gather requirements and improve business processes through data insights.
11030,Data Scientist,DataSphere,Medium,USA,Entry,Bachelor's,128781,"Machine Learning, Python, TensorFlow, PyTorch",On-site,Dec,307,Build predictive models and perform advanced analytics.
11031,BI Developer,Insight Corp,Enterprise,Singapore,Entry,Master's,84714,"Excel, SQL, Power BI",Hybrid,Sep,385,Develop interactive dashboards and business intelligence solutions.
11032,ML Engineer,Insight Corp,Enterprise,Canada,Entry,Bachelor's,128841,"Machine Learning, PyTorch, Python, AWS, TensorFlow",On-site,Feb,290,Deploy and optimize machine learning models in production.
11033,Data Engineer,DataSphere,Medium,UK,Mid,Bachelor's,108145,"SQL, Python, Spark, AWS",Remote,Jun,237,Design and maintain data pipelines and data warehouses.
11034,Data Analyst,DataSphere,Medium,Germany,Mid,Master's,79189,"SQL, Excel, DAX, Python",Hybrid,Jun,154,Analyze business data and create reports and dashboards.
11035,Business Analyst,ByteWorks,Startup,Canada,Mid,Master's,55350,"Power BI, Tableau, Excel",Hybrid,Aug,116,Gather requirements and improve business processes through data insights.
11036,AI Engineer,DataSphere,Medium,UK,Entry,Bachelor's,152505,"Python, TensorFlow, Machine Learning, PyTorch",Remote,Jun,307,Build AI systems using deep learning and generative AI technologies.
11037,Data Scientist,Insight Corp,Enterprise,India,Senior,Master's,85773,"SQL, Machine Learning, TensorFlow, Python, PyTorch",Remote,Nov,139,Build predictive models and perform advanced analytics.
11038,Business Analyst,CloudMatrix,Medium,UK,Entry,Master's,61992,"Excel, Power BI, Tableau, SQL",Hybrid,May,375,Gather requirements and improve business processes through data insights.
11039,Data Analyst,CloudMatrix,Medium,Singapore,Entry,Master's,75030,"SQL, Tableau, Excel, DAX, Power BI",Hybrid,Feb,217,Analyze business data and create reports and dashboards.
11040,ML Engineer,DataSphere,Medium,Canada,Entry,Bachelor's,88001,"Python, PyTorch, Machine Learning, TensorFlow",Remote,Sep,336,Deploy and optimize machine learning models in production.
11041,Data Analyst,CloudMatrix,Medium,UK,Mid,Master's,89842,"DAX, SQL, Excel, Tableau, Python",Hybrid,Apr,183,Analyze business data and create reports and dashboards.
11042,BI Developer,ByteWorks,Startup,Germany,Mid,Master's,62323,"DAX, Excel, Power BI",Remote,May,175,Develop interactive dashboards and business intelligence solutions.
11043,Data Scientist,Insight Corp,Enterprise,Australia,Mid,Bachelor's,86877,"Python, TensorFlow, SQL",On-site,Nov,185,Build predictive models and perform advanced analytics.
11044,BI Developer,TechNova,Startup,UK,Entry,Master's,62867,"SQL, DAX, Power BI, Excel",Hybrid,Nov,296,Develop interactive dashboards and business intelligence solutions.
11045,ML Engineer,TechNova,Startup,USA,Entry,Bachelor's,109340,"AWS, TensorFlow, PyTorch",Remote,Jan,287,Deploy and optimize machine learning models in production.
11046,Data Scientist,NextGen AI,Startup,Singapore,Entry,Master's,102664,"Machine Learning, SQL, Python, PyTorch",Hybrid,Jan,212,Build predictive models and perform advanced analytics.
11047,Business Analyst,InnoSoft,Enterprise,UK,Entry,Bachelor's,51228,"Power BI, Excel, SQL, Tableau",Hybrid,Jul,404,Gather requirements and improve business processes through data insights.
11048,AI Engineer,ByteWorks,Startup,Germany,Entry,Master's,103353,"AWS, Python, PyTorch",Remote,Mar,473,Build AI systems using deep learning and generative AI technologies.
11049,ML Engineer,NextGen AI,Startup,India,Mid,Master's,56311,"PyTorch, TensorFlow, Machine Learning, AWS, Python",Remote,Sep,202,Deploy and optimize machine learning models in production.
11050,BI Developer,Insight Corp,Enterprise,Australia,Mid,Bachelor's,64248,"SQL, DAX, Power BI",Remote,Mar,244,Develop interactive dashboards and business intelligence solutions.
11051,Data Engineer,TechNova,Startup,Germany,Mid,Master's,100802,"SQL, Python, Spark, AWS",Remote,Oct,108,Design and maintain data pipelines and data warehouses.
11052,BI Developer,Analytica,Enterprise,Singapore,Entry,Bachelor's,84668,"Power BI, SQL, Excel, DAX",Hybrid,Mar,356,Develop interactive dashboards and business intelligence solutions.
11053,BI Developer,Insight Corp,Enterprise,USA,Entry,Bachelor's,63149,"DAX, Excel, SQL",Hybrid,Mar,328,Develop interactive dashboards and business intelligence solutions.
11054,ML Engineer,NextGen AI,Startup,Canada,Mid,Bachelor's,151430,"TensorFlow, PyTorch, AWS",On-site,Mar,56,Deploy and optimize machine learning models in production.
11055,Data Engineer,CloudMatrix,Medium,India,Entry,Bachelor's,37591,"SQL, Spark, AWS, Python",Remote,Mar,504,Design and maintain data pipelines and data warehouses.
11056,Data Analyst,NextGen AI,Startup,India,Entry,Master's,21972,"Python, Tableau, DAX, Power BI, SQL",On-site,May,459,Analyze business data and create reports and dashboards.
11057,ML Engineer,ByteWorks,Startup,Germany,Senior,PhD,167257,"PyTorch, AWS, TensorFlow, Python",Hybrid,Sep,224,Deploy and optimize machine learning models in production.
11058,BI Developer,NextGen AI,Startup,USA,Entry,Bachelor's,61426,"SQL, Power BI, DAX, Excel",On-site,Aug,314,Develop interactive dashboards and business intelligence solutions.
11059,Data Scientist,NextGen AI,Startup,Germany,Entry,Master's,104634,"SQL, PyTorch, Machine Learning, TensorFlow",Hybrid,Jun,306,Build predictive models and perform advanced analytics.
11060,BI Developer,CloudMatrix,Medium,Singapore,Entry,Master's,80492,"Power BI, DAX, Excel",Remote,Sep,264,Develop interactive dashboards and business intelligence solutions.
11061,AI Engineer,ByteWorks,Startup,Canada,Mid,Master's,125359,"Machine Learning, AWS, TensorFlow",Remote,Jan,150,Build AI systems using deep learning and generative AI technologies.
11062,Business Analyst,NextGen AI,Startup,Canada,Mid,Bachelor's,53411,"Tableau, Excel, SQL, Power BI",Hybrid,Jul,218,Gather requirements and improve business processes through data insights.
11063,Data Engineer,InnoSoft,Enterprise,Canada,Senior,PhD,129782,"SQL, AWS, Spark",Hybrid,Apr,214,Design and maintain data pipelines and data warehouses.
11064,AI Engineer,InnoSoft,Enterprise,Australia,Senior,Master's,189282,"Machine Learning, Python, PyTorch, AWS, TensorFlow",On-site,Jan,206,Build AI systems using deep learning and generative AI technologies.
11065,Data Analyst,TechNova,Startup,Canada,Senior,PhD,89123,"SQL, Excel, Python",Remote,Oct,141,Analyze business data and create reports and dashboards.
11066,BI Developer,Analytica,Enterprise,Germany,Entry,Bachelor's,55334,"Power BI, SQL, DAX, Excel",Remote,Sep,301,Develop interactive dashboards and business intelligence solutions.
11067,Data Engineer,ByteWorks,Startup,USA,Mid,Bachelor's,170683,"SQL, Python, Spark, AWS",On-site,Jan,229,Design and maintain data pipelines and data warehouses.
11068,Business Analyst,ByteWorks,Startup,Germany,Entry,Bachelor's,46053,"Tableau, Power BI, Excel, SQL",Hybrid,Aug,351,Gather requirements and improve business processes through data insights.
11069,ML Engineer,CloudMatrix,Medium,Canada,Senior,PhD,181549,"PyTorch, AWS, Python, Machine Learning, TensorFlow",Remote,May,67,Deploy and optimize machine learning models in production.
11070,ML Engineer,DataSphere,Medium,Canada,Mid,Master's,159212,"AWS, TensorFlow, Machine Learning, PyTorch, Python",Hybrid,Sep,54,Deploy and optimize machine learning models in production.
11071,Data Analyst,Analytica,Enterprise,Canada,Senior,Master's,65834,"Excel, Power BI, Tableau, SQL",Remote,May,216,Analyze business data and create reports and dashboards.
11072,ML Engineer,Analytica,Enterprise,Singapore,Entry,Master's,149393,"Python, Machine Learning, TensorFlow, PyTorch, AWS",On-site,Jul,191,Deploy and optimize machine learning models in production.
11073,Data Scientist,TechNova,Startup,Singapore,Mid,Master's,141514,"SQL, PyTorch, TensorFlow, Machine Learning, Python",Hybrid,Dec,135,Build predictive models and perform advanced analytics.
11074,BI Developer,NextGen AI,Startup,Germany,Entry,Bachelor's,49913,"SQL, Excel, DAX, Power BI",On-site,Feb,286,Develop interactive dashboards and business intelligence solutions.
11075,Business Analyst,CloudMatrix,Medium,India,Entry,Bachelor's,24987,"Power BI, Tableau, Excel",Remote,Oct,430,Gather requirements and improve business processes through data insights.
11076,ML Engineer,Analytica,Enterprise,Singapore,Senior,Master's,150283,"TensorFlow, Machine Learning, PyTorch, Python, AWS",Remote,Dec,206,Deploy and optimize machine learning models in production.
11077,Data Analyst,TechNova,Startup,Germany,Mid,Master's,67808,"Power BI, Excel, SQL",Remote,Apr,103,Analyze business data and create reports and dashboards.
11078,ML Engineer,Analytica,Enterprise,UK,Mid,Bachelor's,164812,"Python, AWS, Machine Learning, PyTorch, TensorFlow",Hybrid,Apr,123,Deploy and optimize machine learning models in production.
11079,BI Developer,InnoSoft,Enterprise,UK,Mid,Bachelor's,70209,"Power BI, SQL, Excel",Remote,Mar,229,Develop interactive dashboards and business intelligence solutions.
11080,Data Scientist,Insight Corp,Enterprise,UK,Mid,Master's,120834,"Machine Learning, Python, TensorFlow, PyTorch",Hybrid,Mar,105,Build predictive models and perform advanced analytics.
11081,Data Analyst,TechNova,Startup,India,Mid,Bachelor's,27538,"DAX, Power BI, Python",On-site,Jun,354,Analyze business data and create reports and dashboards.
11082,Data Engineer,CloudMatrix,Medium,Singapore,Mid,Master's,99315,"AWS, SQL, Spark, Python",Remote,May,195,Design and maintain data pipelines and data warehouses.
11083,AI Engineer,Analytica,Enterprise,Canada,Mid,Master's,122124,"PyTorch, AWS, TensorFlow",Hybrid,Jun,108,Build AI systems using deep learning and generative AI technologies.
11084,AI Engineer,ByteWorks,Startup,Germany,Senior,PhD,217249,"AWS, Machine Learning, Python, PyTorch, TensorFlow",Remote,Nov,165,Build AI systems using deep learning and generative AI technologies.
11085,Business Analyst,ByteWorks,Startup,Canada,Entry,Master's,43624,"Tableau, SQL, Excel",Remote,Jun,235,Gather requirements and improve business processes through data insights.
11086,Business Analyst,TechNova,Startup,Germany,Entry,Master's,53901,"Tableau, SQL, Power BI, Excel",Remote,Nov,361,Gather requirements and improve business processes through data insights.
11087,Data Analyst,CloudMatrix,Medium,India,Entry,Master's,29783,"Tableau, Power BI, SQL",Remote,Aug,579,Analyze business data and create reports and dashboards.
11088,Data Analyst,Insight Corp,Enterprise,Singapore,Entry,Bachelor's,62088,"SQL, Tableau, Excel, DAX, Power BI",Hybrid,Jun,434,Analyze business data and create reports and dashboards.
11089,Data Engineer,Analytica,Enterprise,India,Entry,Master's,55573,"SQL, AWS, Spark, Python",On-site,Oct,395,Design and maintain data pipelines and data warehouses.
11090,AI Engineer,CloudMatrix,Medium,Singapore,Entry,Master's,101329,"Machine Learning, TensorFlow, Python",On-site,Oct,378,Build AI systems using deep learning and generative AI technologies.
11091,Data Scientist,TechNova,Startup,Canada,Mid,Master's,87686,"TensorFlow, Python, PyTorch, Machine Learning, SQL",On-site,Feb,148,Build predictive models and perform advanced analytics.
11092,Data Scientist,ByteWorks,Startup,Australia,Entry,Bachelor's,95582,"SQL, Machine Learning, Python",Hybrid,Jun,368,Build predictive models and perform advanced analytics.
11093,BI Developer,Analytica,Enterprise,UK,Entry,Master's,61087,"Power BI, DAX, SQL, Excel",On-site,Dec,355,Develop interactive dashboards and business intelligence solutions.
11094,Data Analyst,NextGen AI,Startup,UK,Mid,Bachelor's,71449,"DAX, Python, Excel, SQL",On-site,Mar,113,Analyze business data and create reports and dashboards.
11095,BI Developer,TechNova,Startup,India,Mid,Bachelor's,43660,"Excel, DAX, Power BI",Hybrid,Oct,167,Develop interactive dashboards and business intelligence solutions.
11096,Data Scientist,CloudMatrix,Medium,India,Senior,PhD,93427,"TensorFlow, Machine Learning, PyTorch, Python",Hybrid,Jan,195,Build predictive models and perform advanced analytics.
11097,Data Analyst,TechNova,Startup,Australia,Entry,Master's,68640,"Power BI, Tableau, Python, Excel, SQL",Remote,Jul,280,Analyze business data and create reports and dashboards.
11098,Business Analyst,CloudMatrix,Medium,UK,Senior,PhD,60858,"Excel, Power BI, Tableau, SQL",Remote,Feb,214,Gather requirements and improve business processes through data insights.
11099,Data Analyst,InnoSoft,Enterprise,USA,Entry,Master's,55707,"Excel, DAX, Python, SQL",Remote,Feb,392,Analyze business data and create reports and dashboards.
11100,Data Scientist,ByteWorks,Startup,UK,Entry,Master's,112114,"Python, Machine Learning, SQL, PyTorch, TensorFlow",Hybrid,Apr,415,Build predictive models and perform advanced analytics.
11101,Business Analyst,TechNova,Startup,Singapore,Mid,Bachelor's,49384,"SQL, Tableau, Excel, Power BI",Hybrid,Apr,63,Gather requirements and improve business processes through data insights.
11102,Business Analyst,InnoSoft,Enterprise,UK,Entry,Bachelor's,58856,"Tableau, Excel, SQL, Power BI",Remote,Apr,444,Gather requirements and improve business processes through data insights.
11103,Data Engineer,TechNova,Startup,USA,Entry,Bachelor's,139417,"Spark, AWS, Python, SQL",Hybrid,Mar,240,Design and maintain data pipelines and data warehouses.
11104,Data Engineer,TechNova,Startup,Singapore,Mid,Master's,132863,"AWS, Python, Spark, SQL",Hybrid,Apr,118,Design and maintain data pipelines and data warehouses.
11105,BI Developer,Insight Corp,Enterprise,Germany,Entry,Bachelor's,61831,"Excel, SQL, DAX, Power BI",Hybrid,Jul,272,Develop interactive dashboards and business intelligence solutions.
11106,AI Engineer,DataSphere,Medium,Singapore,Senior,PhD,177757,"PyTorch, TensorFlow, Machine Learning, AWS, Python",On-site,Jan,101,Build AI systems using deep learning and generative AI technologies.
11107,ML Engineer,NextGen AI,Startup,UK,Senior,Master's,170025,"Python, TensorFlow, Machine Learning, AWS",Hybrid,Aug,105,Deploy and optimize machine learning models in production.
11108,ML Engineer,ByteWorks,Startup,Singapore,Entry,Bachelor's,129405,"Machine Learning, PyTorch, AWS, Python",On-site,Oct,346,Deploy and optimize machine learning models in production.
11109,Data Analyst,TechNova,Startup,Australia,Entry,Bachelor's,43450,"Power BI, DAX, SQL, Python",On-site,Jun,222,Analyze business data and create reports and dashboards.
11110,Business Analyst,NextGen AI,Startup,Germany,Mid,Master's,72487,"Excel, SQL, Tableau, Power BI",Remote,Mar,69,Gather requirements and improve business processes through data insights.
11111,BI Developer,Analytica,Enterprise,Australia,Senior,Master's,83354,"SQL, Power BI, Excel, DAX",Hybrid,Feb,212,Develop interactive dashboards and business intelligence solutions.
11112,ML Engineer,NextGen AI,Startup,Germany,Senior,Master's,227613,"Machine Learning, AWS, Python, PyTorch, TensorFlow",Remote,Jul,119,Deploy and optimize machine learning models in production.
11113,ML Engineer,ByteWorks,Startup,India,Entry,Bachelor's,63759,"Python, Machine Learning, TensorFlow, PyTorch, AWS",On-site,May,446,Deploy and optimize machine learning models in production.
11114,Data Analyst,Insight Corp,Enterprise,Australia,Entry,Bachelor's,66923,"Tableau, Power BI, SQL, Excel",On-site,May,161,Analyze business data and create reports and dashboards.
11115,BI Developer,DataSphere,Medium,UK,Entry,Bachelor's,72867,"Power BI, Excel, DAX, SQL",Hybrid,Oct,330,Develop interactive dashboards and business intelligence solutions.
11116,Data Scientist,CloudMatrix,Medium,Germany,Senior,Master's,155996,"PyTorch, SQL, Machine Learning, TensorFlow",On-site,Oct,87,Build predictive models and perform advanced analytics.
11117,BI Developer,InnoSoft,Enterprise,Canada,Senior,PhD,109583,"Power BI, SQL, Excel, DAX",On-site,Sep,165,Develop interactive dashboards and business intelligence solutions.
11118,ML Engineer,InnoSoft,Enterprise,Australia,Mid,Bachelor's,116197,"Python, AWS, Machine Learning, PyTorch",On-site,Oct,102,Deploy and optimize machine learning models in production.
11119,Data Analyst,Insight Corp,Enterprise,UK,Mid,Master's,62767,"Excel, Power BI, Python, SQL, DAX",Remote,Sep,239,Analyze business data and create reports and dashboards.
11120,ML Engineer,ByteWorks,Startup,USA,Mid,Bachelor's,173096,"TensorFlow, AWS, Python",On-site,Dec,226,Deploy and optimize machine learning models in production.
11121,Data Analyst,DataSphere,Medium,Germany,Entry,Bachelor's,44758,"Excel, SQL, Python, Power BI",Remote,Jan,405,Analyze business data and create reports and dashboards.
11122,Data Analyst,Insight Corp,Enterprise,India,Entry,Master's,22353,"Excel, Power BI, Python, DAX",On-site,Jun,338,Analyze business data and create reports and dashboards.
11123,Data Scientist,CloudMatrix,Medium,USA,Entry,Bachelor's,132710,"SQL, TensorFlow, Machine Learning",Hybrid,May,322,Build predictive models and perform advanced analytics.
11124,ML Engineer,Analytica,Enterprise,Australia,Mid,Master's,175106,"Machine Learning, PyTorch, AWS, TensorFlow, Python",Remote,Jan,247,Deploy and optimize machine learning models in production.
11125,Data Scientist,DataSphere,Medium,Germany,Entry,Master's,73858,"Python, SQL, Machine Learning, TensorFlow, PyTorch",Hybrid,Jan,233,Build predictive models and perform advanced analytics.
11126,BI Developer,Insight Corp,Enterprise,UK,Mid,Bachelor's,89515,"SQL, DAX, Excel",Hybrid,Sep,105,Develop interactive dashboards and business intelligence solutions.
11127,Data Scientist,DataSphere,Medium,UK,Entry,Bachelor's,95409,"Python, TensorFlow, SQL, PyTorch, Machine Learning",Hybrid,Aug,472,Build predictive models and perform advanced analytics.
11128,BI Developer,InnoSoft,Enterprise,India,Entry,Bachelor's,32273,"Power BI, Excel, DAX",Remote,Jan,424,Develop interactive dashboards and business intelligence solutions.
11129,Data Scientist,InnoSoft,Enterprise,Australia,Entry,Bachelor's,98658,"PyTorch, SQL, Python, Machine Learning, TensorFlow",Remote,Mar,253,Build predictive models and perform advanced analytics.
11130,Business Analyst,InnoSoft,Enterprise,Singapore,Senior,PhD,63157,"Tableau, Excel, SQL, Power BI",Hybrid,Aug,162,Gather requirements and improve business processes through data insights.
11131,Data Analyst,Insight Corp,Enterprise,Germany,Mid,Bachelor's,81756,"DAX, Excel, Power BI, SQL",Remote,Mar,67,Analyze business data and create reports and dashboards.
11132,Data Analyst,TechNova,Startup,USA,Entry,Bachelor's,57241,"Excel, Tableau, DAX, SQL, Python",Hybrid,Oct,370,Analyze business data and create reports and dashboards.
11133,Data Scientist,DataSphere,Medium,UK,Entry,Bachelor's,86881,"SQL, Python, Machine Learning, PyTorch, TensorFlow",Remote,Sep,263,Build predictive models and perform advanced analytics.
11134,ML Engineer,Insight Corp,Enterprise,UK,Mid,Master's,140353,"AWS, TensorFlow, Python",Remote,Aug,85,Deploy and optimize machine learning models in production.
11135,Data Scientist,NextGen AI,Startup,India,Entry,Bachelor's,35682,"SQL, Python, TensorFlow",Remote,Apr,334,Build predictive models and perform advanced analytics.
11136,ML Engineer,ByteWorks,Startup,Australia,Mid,Bachelor's,128853,"Python, PyTorch, TensorFlow, Machine Learning",Hybrid,Nov,117,Deploy and optimize machine learning models in production.
11137,ML Engineer,CloudMatrix,Medium,Germany,Mid,Bachelor's,128760,"Machine Learning, AWS, PyTorch, Python",On-site,Oct,241,Deploy and optimize machine learning models in production.
11138,Data Engineer,Insight Corp,Enterprise,Germany,Mid,Bachelor's,148185,"Python, Spark, AWS",Remote,Jun,203,Design and maintain data pipelines and data warehouses.
11139,BI Developer,ByteWorks,Startup,Canada,Mid,Master's,76902,"DAX, Power BI, Excel, SQL",On-site,Dec,127,Develop interactive dashboards and business intelligence solutions.
11140,Data Engineer,InnoSoft,Enterprise,Germany,Entry,Master's,125263,"Python, SQL, Spark, AWS",Hybrid,Oct,373,Design and maintain data pipelines and data warehouses.
11141,Data Engineer,NextGen AI,Startup,Canada,Senior,PhD,159783,"Spark, Python, SQL, AWS",Hybrid,May,111,Design and maintain data pipelines and data warehouses.
11142,Data Engineer,ByteWorks,Startup,Singapore,Mid,Bachelor's,110740,"Spark, AWS, SQL",Hybrid,Aug,247,Design and maintain data pipelines and data warehouses.
11143,Data Engineer,InnoSoft,Enterprise,India,Mid,Bachelor's,63676,"Spark, Python, SQL, AWS",Remote,Jul,294,Design and maintain data pipelines and data warehouses.
11144,Data Scientist,Insight Corp,Enterprise,UK,Mid,Master's,129090,"TensorFlow, Python, Machine Learning",Remote,Jan,87,Build predictive models and perform advanced analytics.
11145,Data Analyst,NextGen AI,Startup,Australia,Senior,Master's,111517,"Tableau, Excel, Power BI, Python, SQL",On-site,Jul,166,Analyze business data and create reports and dashboards.
11146,ML Engineer,Analytica,Enterprise,UK,Entry,Bachelor's,128070,"Python, PyTorch, Machine Learning",Remote,Feb,329,Deploy and optimize machine learning models in production.
11147,BI Developer,DataSphere,Medium,UK,Mid,Bachelor's,65643,"Excel, SQL, DAX, Power BI",Remote,Feb,250,Develop interactive dashboards and business intelligence solutions.
11148,BI Developer,Insight Corp,Enterprise,Canada,Mid,Bachelor's,69174,"DAX, Excel, Power BI, SQL",Hybrid,Jan,106,Develop interactive dashboards and business intelligence solutions.
11149,Data Engineer,CloudMatrix,Medium,Australia,Entry,Master's,112712,"Python, Spark, SQL",Hybrid,Feb,340,Design and maintain data pipelines and data warehouses.
11150,Data Analyst,NextGen AI,Startup,Australia,Mid,Bachelor's,68468,"SQL, Excel, Python",Hybrid,Apr,167,Analyze business data and create reports and dashboards.
11151,ML Engineer,Insight Corp,Enterprise,Germany,Mid,Master's,152645,"Python, AWS, PyTorch",Remote,Aug,164,Deploy and optimize machine learning models in production.
11152,Business Analyst,ByteWorks,Startup,Australia,Mid,Master's,73028,"SQL, Power BI, Tableau, Excel",Hybrid,Jun,55,Gather requirements and improve business processes through data insights.
11153,Data Analyst,Analytica,Enterprise,UK,Mid,Bachelor's,83226,"DAX, Python, Power BI",Remote,Jul,205,Analyze business data and create reports and dashboards.
11154,Business Analyst,NextGen AI,Startup,Canada,Entry,Master's,49271,"Tableau, Excel, Power BI, SQL",On-site,Dec,287,Gather requirements and improve business processes through data insights.
11155,AI Engineer,TechNova,Startup,Germany,Mid,Master's,154263,"AWS, Machine Learning, Python, TensorFlow",Remote,Jun,147,Build AI systems using deep learning and generative AI technologies.
11156,Business Analyst,Insight Corp,Enterprise,Canada,Senior,PhD,77560,"SQL, Excel, Tableau",Remote,Jan,172,Gather requirements and improve business processes through data insights.
11157,AI Engineer,NextGen AI,Startup,India,Mid,Master's,62329,"PyTorch, Python, Machine Learning",Hybrid,Aug,201,Build AI systems using deep learning and generative AI technologies.
11158,Business Analyst,Insight Corp,Enterprise,USA,Senior,Master's,93203,"SQL, Power BI, Excel, Tableau",Remote,Oct,97,Gather requirements and improve business processes through data insights.
11159,Data Analyst,InnoSoft,Enterprise,Canada,Mid,Bachelor's,77285,"Tableau, Python, DAX",Remote,May,92,Analyze business data and create reports and dashboards.
11160,AI Engineer,InnoSoft,Enterprise,UK,Entry,Bachelor's,135562,"Machine Learning, TensorFlow, Python",Hybrid,Jun,385,Build AI systems using deep learning and generative AI technologies.
11161,AI Engineer,InnoSoft,Enterprise,Australia,Entry,Bachelor's,83443,"TensorFlow, Machine Learning, Python, AWS",On-site,Mar,407,Build AI systems using deep learning and generative AI technologies.
11162,Business Analyst,CloudMatrix,Medium,UK,Mid,Bachelor's,79092,"Excel, Power BI, Tableau, SQL",Hybrid,Feb,112,Gather requirements and improve business processes through data insights.
11163,Data Scientist,InnoSoft,Enterprise,India,Entry,Master's,62695,"PyTorch, SQL, TensorFlow, Machine Learning",Hybrid,May,496,Build predictive models and perform advanced analytics.
11164,Data Engineer,ByteWorks,Startup,USA,Mid,Master's,175625,"Python, Spark, SQL",On-site,Feb,82,Design and maintain data pipelines and data warehouses.
11165,Data Engineer,ByteWorks,Startup,Germany,Entry,Master's,111573,"SQL, AWS, Python",Hybrid,Oct,236,Design and maintain data pipelines and data warehouses.
11166,AI Engineer,InnoSoft,Enterprise,Singapore,Mid,Master's,168566,"AWS, PyTorch, TensorFlow",Remote,Aug,112,Build AI systems using deep learning and generative AI technologies.
11167,ML Engineer,Analytica,Enterprise,Canada,Senior,Master's,198186,"TensorFlow, Machine Learning, PyTorch",Hybrid,May,83,Deploy and optimize machine learning models in production.
11168,BI Developer,TechNova,Startup,Canada,Mid,Bachelor's,80041,"DAX, Power BI, Excel",On-site,Aug,217,Develop interactive dashboards and business intelligence solutions.
11169,Data Analyst,CloudMatrix,Medium,Canada,Entry,Bachelor's,66476,"DAX, Tableau, Excel",On-site,Jan,194,Analyze business data and create reports and dashboards.
11170,Data Engineer,NextGen AI,Startup,Singapore,Mid,Master's,92819,"AWS, SQL, Spark, Python",Hybrid,Jan,164,Design and maintain data pipelines and data warehouses.
11171,AI Engineer,DataSphere,Medium,Germany,Mid,Master's,165157,"Machine Learning, Python, AWS, TensorFlow, PyTorch",Hybrid,Dec,245,Build AI systems using deep learning and generative AI technologies.
11172,ML Engineer,Insight Corp,Enterprise,USA,Entry,Bachelor's,110733,"Python, Machine Learning, TensorFlow",Remote,Mar,271,Deploy and optimize machine learning models in production.
11173,Business Analyst,ByteWorks,Startup,UK,Entry,Bachelor's,44944,"Excel, Tableau, Power BI",Hybrid,May,399,Gather requirements and improve business processes through data insights.
11174,ML Engineer,Analytica,Enterprise,Australia,Entry,Master's,131742,"AWS, PyTorch, Machine Learning, TensorFlow, Python",Remote,Oct,318,Deploy and optimize machine learning models in production.
11175,Data Engineer,CloudMatrix,Medium,Singapore,Mid,Bachelor's,171042,"Spark, AWS, Python, SQL",Hybrid,Jul,89,Design and maintain data pipelines and data warehouses.
11176,Data Scientist,Insight Corp,Enterprise,Canada,Senior,Master's,148778,"Python, TensorFlow, Machine Learning, PyTorch",On-site,Sep,177,Build predictive models and perform advanced analytics.
11177,Business Analyst,NextGen AI,Startup,USA,Mid,Master's,62553,"Power BI, SQL, Tableau, Excel",Hybrid,May,75,Gather requirements and improve business processes through data insights.
11178,Data Analyst,NextGen AI,Startup,USA,Mid,Bachelor's,61682,"Power BI, DAX, Tableau",Remote,Jul,248,Analyze business data and create reports and dashboards.
11179,Data Scientist,TechNova,Startup,Canada,Senior,Master's,116274,"SQL, Machine Learning, PyTorch, TensorFlow",Remote,May,128,Build predictive models and perform advanced analytics.
11180,Business Analyst,InnoSoft,Enterprise,Canada,Entry,Bachelor's,52223,"Excel, Tableau, Power BI",On-site,Sep,397,Gather requirements and improve business processes through data insights.
11181,Data Scientist,Analytica,Enterprise,India,Senior,PhD,64733,"Machine Learning, TensorFlow, PyTorch",Hybrid,Nov,113,Build predictive models and perform advanced analytics.
11182,Data Engineer,DataSphere,Medium,India,Entry,Bachelor's,52020,"Python, Spark, AWS",On-site,Mar,313,Design and maintain data pipelines and data warehouses.
11183,Data Scientist,Analytica,Enterprise,India,Entry,Bachelor's,48689,"Machine Learning, Python, PyTorch, TensorFlow",On-site,Nov,500,Build predictive models and perform advanced analytics.
11184,AI Engineer,DataSphere,Medium,Germany,Mid,Master's,143082,"TensorFlow, AWS, Machine Learning, PyTorch",Hybrid,May,58,Build AI systems using deep learning and generative AI technologies.
11185,ML Engineer,ByteWorks,Startup,Germany,Senior,Master's,166777,"TensorFlow, AWS, Python",Hybrid,Jan,129,Deploy and optimize machine learning models in production.
11186,Data Analyst,TechNova,Startup,UK,Senior,PhD,78736,"SQL, Python, Excel",On-site,Dec,77,Analyze business data and create reports and dashboards.
11187,BI Developer,NextGen AI,Startup,Singapore,Mid,Bachelor's,91272,"DAX, Excel, SQL, Power BI",On-site,Jun,81,Develop interactive dashboards and business intelligence solutions.
11188,Business Analyst,ByteWorks,Startup,USA,Entry,Master's,43205,"Tableau, Power BI, SQL, Excel",Hybrid,Mar,222,Gather requirements and improve business processes through data insights.
11189,AI Engineer,CloudMatrix,Medium,Singapore,Senior,Master's,220944,"TensorFlow, Python, AWS, Machine Learning, PyTorch",Remote,Aug,218,Build AI systems using deep learning and generative AI technologies.
11190,BI Developer,InnoSoft,Enterprise,India,Senior,Master's,47325,"Power BI, DAX, SQL, Excel",Hybrid,Jan,308,Develop interactive dashboards and business intelligence solutions.
11191,ML Engineer,CloudMatrix,Medium,Singapore,Entry,Master's,127197,"TensorFlow, Machine Learning, Python, AWS, PyTorch",Remote,Sep,236,Deploy and optimize machine learning models in production.
11192,Data Engineer,NextGen AI,Startup,Germany,Mid,Master's,90187,"Spark, AWS, SQL, Python",On-site,Jun,166,Design and maintain data pipelines and data warehouses.
11193,Data Analyst,ByteWorks,Startup,UK,Mid,Bachelor's,55254,"Power BI, Tableau, SQL, DAX",On-site,Aug,171,Analyze business data and create reports and dashboards.
11194,BI Developer,Insight Corp,Enterprise,Singapore,Senior,Master's,98857,"Excel, Power BI, SQL, DAX",On-site,Apr,221,Develop interactive dashboards and business intelligence solutions.
11195,AI Engineer,Analytica,Enterprise,USA,Entry,Bachelor's,146362,"Machine Learning, AWS, Python, TensorFlow",On-site,Aug,181,Build AI systems using deep learning and generative AI technologies.
11196,Data Engineer,NextGen AI,Startup,UK,Mid,Bachelor's,126776,"AWS, Spark, SQL",Remote,Sep,249,Design and maintain data pipelines and data warehouses.
11197,ML Engineer,NextGen AI,Startup,India,Mid,Bachelor's,53686,"Python, Machine Learning, AWS, TensorFlow",Remote,Nov,266,Deploy and optimize machine learning models in production.
11198,BI Developer,Insight Corp,Enterprise,Germany,Entry,Bachelor's,70152,"DAX, Excel, SQL, Power BI",Hybrid,Feb,243,Develop interactive dashboards and business intelligence solutions.
11199,AI Engineer,TechNova,Startup,USA,Entry,Master's,125396,"Python, AWS, PyTorch, Machine Learning",On-site,Nov,224,Build AI systems using deep learning and generative AI technologies.
11200,Data Engineer,Insight Corp,Enterprise,Australia,Entry,Bachelor's,78355,"Spark, AWS, Python",Hybrid,Feb,285,Design and maintain data pipelines and data warehouses.
11201,Business Analyst,InnoSoft,Enterprise,Canada,Entry,Bachelor's,44816,"Tableau, Excel, SQL, Power BI",Remote,Apr,361,Gather requirements and improve business processes through data insights.
11202,Data Engineer,Analytica,Enterprise,Australia,Mid,Master's,94239,"AWS, Spark, SQL, Python",Remote,Nov,240,Design and maintain data pipelines and data warehouses.
11203,BI Developer,NextGen AI,Startup,India,Entry,Bachelor's,28046,"DAX, Excel, Power BI, SQL",Remote,Jun,391,Develop interactive dashboards and business intelligence solutions.
11204,AI Engineer,Analytica,Enterprise,India,Entry,Bachelor's,46160,"TensorFlow, AWS, Machine Learning, PyTorch, Python",On-site,Nov,556,Build AI systems using deep learning and generative AI technologies.
11205,BI Developer,NextGen AI,Startup,Canada,Mid,Master's,82762,"SQL, Power BI, Excel",Remote,Jul,125,Develop interactive dashboards and business intelligence solutions.
11206,Business Analyst,Insight Corp,Enterprise,Canada,Senior,Master's,61030,"Power BI, Tableau, SQL, Excel",Hybrid,Jan,185,Gather requirements and improve business processes through data insights.
11207,BI Developer,CloudMatrix,Medium,USA,Mid,Master's,73757,"DAX, SQL, Excel",Hybrid,Jun,184,Develop interactive dashboards and business intelligence solutions.
11208,BI Developer,DataSphere,Medium,USA,Mid,Master's,110195,"DAX, Excel, SQL, Power BI",Remote,Feb,70,Develop interactive dashboards and business intelligence solutions.
11209,Data Scientist,TechNova,Startup,Canada,Senior,Master's,170097,"Python, Machine Learning, PyTorch, TensorFlow",Hybrid,Feb,73,Build predictive models and perform advanced analytics.
11210,Data Scientist,TechNova,Startup,Germany,Senior,PhD,177426,"PyTorch, Machine Learning, Python",Remote,Mar,188,Build predictive models and perform advanced analytics.
11211,Business Analyst,DataSphere,Medium,Singapore,Senior,PhD,107649,"SQL, Power BI, Excel",Hybrid,Jan,105,Gather requirements and improve business processes through data insights.
11212,ML Engineer,Insight Corp,Enterprise,UK,Mid,Master's,123279,"AWS, TensorFlow, PyTorch",Hybrid,Apr,176,Deploy and optimize machine learning models in production.
11213,AI Engineer,Insight Corp,Enterprise,Canada,Entry,Master's,142318,"Machine Learning, Python, PyTorch",Remote,May,403,Build AI systems using deep learning and generative AI technologies.
11214,ML Engineer,Analytica,Enterprise,India,Senior,Master's,99471,"TensorFlow, Machine Learning, PyTorch, Python, AWS",Hybrid,Dec,275,Deploy and optimize machine learning models in production.
11215,Data Analyst,NextGen AI,Startup,USA,Mid,Bachelor's,62163,"Excel, Python, Tableau",Hybrid,Dec,225,Analyze business data and create reports and dashboards.
11216,Data Analyst,TechNova,Startup,Germany,Entry,Master's,52669,"Python, Excel, Tableau, SQL, Power BI",Remote,Aug,300,Analyze business data and create reports and dashboards.
11217,ML Engineer,NextGen AI,Startup,Australia,Mid,Bachelor's,126115,"TensorFlow, AWS, Machine Learning, PyTorch, Python",Hybrid,May,149,Deploy and optimize machine learning models in production.
11218,Data Analyst,ByteWorks,Startup,Germany,Entry,Bachelor's,44014,"Power BI, Python, Excel",Hybrid,May,458,Analyze business data and create reports and dashboards.
11219,BI Developer,InnoSoft,Enterprise,Germany,Mid,Master's,91139,"Excel, Power BI, DAX, SQL",Hybrid,Apr,245,Develop interactive dashboards and business intelligence solutions.
11220,ML Engineer,Insight Corp,Enterprise,Australia,Mid,Bachelor's,153220,"AWS, TensorFlow, Python",Remote,Nov,119,Deploy and optimize machine learning models in production.
11221,Data Scientist,ByteWorks,Startup,USA,Senior,PhD,218891,"TensorFlow, PyTorch, SQL",On-site,Dec,214,Build predictive models and perform advanced analytics.
11222,Data Analyst,Insight Corp,Enterprise,Australia,Mid,Master's,73496,"Tableau, Python, SQL",Hybrid,May,241,Analyze business data and create reports and dashboards.
11223,AI Engineer,NextGen AI,Startup,Australia,Senior,Master's,234532,"TensorFlow, AWS, PyTorch, Python, Machine Learning",Hybrid,Jun,207,Build AI systems using deep learning and generative AI technologies.
11224,AI Engineer,ByteWorks,Startup,UK,Entry,Bachelor's,137743,"AWS, PyTorch, Machine Learning, TensorFlow",Remote,Nov,246,Build AI systems using deep learning and generative AI technologies.
11225,Data Scientist,CloudMatrix,Medium,India,Entry,Master's,43076,"SQL, Machine Learning, TensorFlow, PyTorch",On-site,Apr,350,Build predictive models and perform advanced analytics.
11226,Data Scientist,TechNova,Startup,Singapore,Entry,Bachelor's,83558,"SQL, PyTorch, TensorFlow",On-site,Feb,314,Build predictive models and perform advanced analytics.
11227,ML Engineer,Analytica,Enterprise,Singapore,Entry,Master's,107463,"Python, AWS, Machine Learning, TensorFlow",Remote,Apr,299,Deploy and optimize machine learning models in production.
11228,Data Analyst,CloudMatrix,Medium,USA,Mid,Bachelor's,63910,"DAX, SQL, Python, Tableau, Excel",On-site,Nov,114,Analyze business data and create reports and dashboards.
11229,AI Engineer,TechNova,Startup,Australia,Mid,Master's,133152,"Python, TensorFlow, PyTorch",On-site,Jan,155,Build AI systems using deep learning and generative AI technologies.
11230,Data Scientist,CloudMatrix,Medium,Canada,Mid,Bachelor's,97254,"PyTorch, Python, TensorFlow, Machine Learning, SQL",Hybrid,Mar,56,Build predictive models and perform advanced analytics.
11231,Business Analyst,TechNova,Startup,Singapore,Entry,Bachelor's,51015,"Tableau, Excel, Power BI",Remote,Feb,233,Gather requirements and improve business processes through data insights.
11232,ML Engineer,NextGen AI,Startup,Canada,Mid,Bachelor's,132034,"Python, TensorFlow, AWS, PyTorch, Machine Learning",Hybrid,Jun,225,Deploy and optimize machine learning models in production.
11233,Data Analyst,InnoSoft,Enterprise,Singapore,Senior,PhD,110272,"SQL, Python, DAX",Remote,Feb,77,Analyze business data and create reports and dashboards.
11234,Data Scientist,NextGen AI,Startup,Singapore,Senior,PhD,159422,"PyTorch, TensorFlow, Machine Learning, Python, SQL",Hybrid,Jul,232,Build predictive models and perform advanced analytics.
11235,Business Analyst,Analytica,Enterprise,Canada,Entry,Bachelor's,45928,"Tableau, Power BI, SQL, Excel",Remote,Dec,342,Gather requirements and improve business processes through data insights.
11236,Business Analyst,TechNova,Startup,USA,Mid,Bachelor's,93707,"SQL, Excel, Power BI, Tableau",Hybrid,Apr,78,Gather requirements and improve business processes through data insights.
11237,Data Analyst,DataSphere,Medium,USA,Mid,Bachelor's,63095,"Excel, DAX, Tableau",Hybrid,Mar,136,Analyze business data and create reports and dashboards.
11238,Data Analyst,ByteWorks,Startup,Germany,Senior,PhD,84173,"DAX, Python, SQL",On-site,Feb,85,Analyze business data and create reports and dashboards.
11239,Data Scientist,DataSphere,Medium,Singapore,Mid,Bachelor's,154861,"Python, PyTorch, SQL, TensorFlow",Hybrid,Dec,92,Build predictive models and perform advanced analytics.
11240,Data Analyst,DataSphere,Medium,Canada,Entry,Bachelor's,42765,"Power BI, Tableau, Excel",Hybrid,Nov,219,Analyze business data and create reports and dashboards.
11241,ML Engineer,TechNova,Startup,Singapore,Entry,Bachelor's,124746,"PyTorch, Machine Learning, TensorFlow, Python, AWS",Hybrid,Oct,327,Deploy and optimize machine learning models in production.
11242,ML Engineer,Analytica,Enterprise,Canada,Mid,Master's,100980,"Machine Learning, Python, TensorFlow, PyTorch",Remote,Jan,88,Deploy and optimize machine learning models in production.
11243,Data Engineer,ByteWorks,Startup,Germany,Entry,Master's,73262,"Spark, AWS, SQL, Python",On-site,Dec,216,Design and maintain data pipelines and data warehouses.
11244,Data Engineer,Insight Corp,Enterprise,UK,Entry,Master's,112057,"Spark, AWS, Python",Remote,Jun,325,Design and maintain data pipelines and data warehouses.
11245,ML Engineer,TechNova,Startup,Canada,Entry,Master's,91216,"Machine Learning, Python, PyTorch",Hybrid,Jan,497,Deploy and optimize machine learning models in production.
11246,Data Scientist,NextGen AI,Startup,USA,Mid,Bachelor's,162870,"PyTorch, Machine Learning, Python",Hybrid,Jan,208,Build predictive models and perform advanced analytics.
11247,BI Developer,TechNova,Startup,India,Senior,PhD,47928,"SQL, Power BI, DAX, Excel",On-site,Aug,250,Develop interactive dashboards and business intelligence solutions.
11248,Business Analyst,NextGen AI,Startup,Germany,Mid,Bachelor's,58837,"Power BI, Excel, Tableau, SQL",Hybrid,Dec,185,Gather requirements and improve business processes through data insights.
11249,Data Scientist,Insight Corp,Enterprise,Singapore,Entry,Master's,104788,"SQL, Machine Learning, PyTorch",Remote,Apr,330,Build predictive models and perform advanced analytics.
11250,Data Analyst,Insight Corp,Enterprise,Australia,Entry,Bachelor's,67747,"Power BI, SQL, Excel, Tableau, DAX",Remote,Mar,259,Analyze business data and create reports and dashboards.
11251,Data Scientist,NextGen AI,Startup,Singapore,Mid,Master's,136034,"Machine Learning, Python, TensorFlow, SQL",Hybrid,Jul,189,Build predictive models and perform advanced analytics.
11252,BI Developer,ByteWorks,Startup,Australia,Entry,Bachelor's,62139,"SQL, Excel, DAX, Power BI",On-site,Sep,428,Develop interactive dashboards and business intelligence solutions.
11253,ML Engineer,InnoSoft,Enterprise,Australia,Senior,Master's,184978,"Machine Learning, Python, PyTorch, TensorFlow",On-site,May,235,Deploy and optimize machine learning models in production.
11254,ML Engineer,TechNova,Startup,Australia,Entry,Bachelor's,100639,"TensorFlow, PyTorch, AWS, Machine Learning",On-site,Jul,258,Deploy and optimize machine learning models in production.
11255,ML Engineer,NextGen AI,Startup,Australia,Entry,Bachelor's,88552,"Machine Learning, AWS, PyTorch, Python",Hybrid,Oct,197,Deploy and optimize machine learning models in production.
11256,Business Analyst,NextGen AI,Startup,UK,Entry,Bachelor's,47677,"Power BI, Excel, Tableau, SQL",Remote,Dec,331,Gather requirements and improve business processes through data insights.
11257,Data Analyst,DataSphere,Medium,Australia,Mid,Master's,87849,"Power BI, Python, DAX, Excel",On-site,Sep,177,Analyze business data and create reports and dashboards.
11258,ML Engineer,TechNova,Startup,India,Senior,Master's,80895,"AWS, Python, PyTorch, Machine Learning",Hybrid,Apr,109,Deploy and optimize machine learning models in production.
11259,ML Engineer,ByteWorks,Startup,Canada,Mid,Master's,159574,"Python, AWS, Machine Learning, PyTorch, TensorFlow",Hybrid,Oct,117,Deploy and optimize machine learning models in production.
11260,AI Engineer,CloudMatrix,Medium,USA,Senior,PhD,159990,"Machine Learning, PyTorch, Python",Hybrid,Apr,129,Build AI systems using deep learning and generative AI technologies.
11261,Business Analyst,ByteWorks,Startup,UK,Mid,Bachelor's,46944,"SQL, Excel, Power BI, Tableau",Remote,Feb,200,Gather requirements and improve business processes through data insights.
11262,Business Analyst,Analytica,Enterprise,Canada,Entry,Bachelor's,57299,"Power BI, Excel, SQL",Remote,Jun,192,Gather requirements and improve business processes through data insights.
11263,ML Engineer,TechNova,Startup,Australia,Mid,Bachelor's,130667,"AWS, Python, PyTorch, Machine Learning",On-site,Dec,176,Deploy and optimize machine learning models in production.
11264,Business Analyst,ByteWorks,Startup,Australia,Senior,PhD,61577,"SQL, Tableau, Power BI",On-site,Oct,99,Gather requirements and improve business processes through data insights.
11265,Data Analyst,TechNova,Startup,Germany,Entry,Master's,67374,"Python, SQL, Tableau",On-site,Jun,250,Analyze business data and create reports and dashboards.
11266,BI Developer,TechNova,Startup,Australia,Mid,Master's,96820,"Excel, DAX, Power BI",Hybrid,Sep,96,Develop interactive dashboards and business intelligence solutions.
11267,ML Engineer,InnoSoft,Enterprise,UK,Entry,Bachelor's,138371,"Python, TensorFlow, AWS",Hybrid,Sep,291,Deploy and optimize machine learning models in production.
11268,Data Scientist,NextGen AI,Startup,Canada,Entry,Master's,112630,"Machine Learning, SQL, Python, TensorFlow, PyTorch",Hybrid,Oct,460,Build predictive models and perform advanced analytics.
11269,ML Engineer,DataSphere,Medium,India,Entry,Bachelor's,60106,"PyTorch, Python, TensorFlow, Machine Learning, AWS",On-site,Dec,396,Deploy and optimize machine learning models in production.
11270,Data Scientist,Insight Corp,Enterprise,UK,Senior,PhD,176836,"PyTorch, SQL, TensorFlow, Machine Learning, Python",Hybrid,Feb,243,Build predictive models and perform advanced analytics.
11271,Data Engineer,Insight Corp,Enterprise,USA,Mid,Master's,153745,"SQL, Python, AWS, Spark",Hybrid,Jan,198,Design and maintain data pipelines and data warehouses.
11272,AI Engineer,Insight Corp,Enterprise,UK,Mid,Bachelor's,129922,"TensorFlow, Machine Learning, AWS",On-site,Jul,94,Build AI systems using deep learning and generative AI technologies.
11273,Data Scientist,TechNova,Startup,Germany,Mid,Master's,82135,"Python, SQL, Machine Learning, PyTorch",Hybrid,Mar,192,Build predictive models and perform advanced analytics.
11274,ML Engineer,NextGen AI,Startup,Canada,Mid,Bachelor's,122079,"Machine Learning, PyTorch, AWS, Python",Hybrid,Nov,183,Deploy and optimize machine learning models in production.
11275,Data Engineer,TechNova,Startup,Australia,Senior,Master's,161735,"Python, AWS, SQL, Spark",On-site,Sep,50,Design and maintain data pipelines and data warehouses.
11276,AI Engineer,InnoSoft,Enterprise,Germany,Mid,Master's,154145,"PyTorch, Python, Machine Learning, TensorFlow",Hybrid,Jun,189,Build AI systems using deep learning and generative AI technologies.
11277,Data Scientist,DataSphere,Medium,Australia,Entry,Bachelor's,119850,"Machine Learning, PyTorch, TensorFlow, SQL, Python",Hybrid,May,284,Build predictive models and perform advanced analytics.
11278,AI Engineer,NextGen AI,Startup,Australia,Entry,Bachelor's,144873,"Machine Learning, PyTorch, AWS, Python",Hybrid,Mar,249,Build AI systems using deep learning and generative AI technologies.
11279,Data Scientist,NextGen AI,Startup,India,Entry,Bachelor's,61810,"Python, SQL, TensorFlow",Remote,Feb,460,Build predictive models and perform advanced analytics.
11280,Data Analyst,NextGen AI,Startup,Australia,Mid,Master's,52503,"Tableau, Python, Excel, DAX",On-site,Nov,62,Analyze business data and create reports and dashboards.
11281,Data Engineer,DataSphere,Medium,Australia,Mid,Master's,92385,"SQL, Spark, AWS",Hybrid,Nov,166,Design and maintain data pipelines and data warehouses.
11282,Business Analyst,TechNova,Startup,Singapore,Entry,Bachelor's,55419,"Tableau, Power BI, SQL, Excel",On-site,Jan,223,Gather requirements and improve business processes through data insights.
11283,ML Engineer,Analytica,Enterprise,USA,Mid,Bachelor's,173693,"PyTorch, Python, Machine Learning",Remote,Dec,221,Deploy and optimize machine learning models in production.
11284,AI Engineer,Analytica,Enterprise,Singapore,Mid,Bachelor's,180673,"Machine Learning, Python, TensorFlow",On-site,Jul,148,Build AI systems using deep learning and generative AI technologies.
11285,Data Engineer,Insight Corp,Enterprise,India,Senior,Master's,72726,"Spark, SQL, Python",Remote,Jun,209,Design and maintain data pipelines and data warehouses.
11286,Data Scientist,DataSphere,Medium,Germany,Mid,Bachelor's,90420,"Python, PyTorch, TensorFlow",Remote,Jan,168,Build predictive models and perform advanced analytics.
11287,Data Scientist,DataSphere,Medium,USA,Mid,Master's,126488,"Machine Learning, SQL, PyTorch, TensorFlow",On-site,Feb,181,Build predictive models and perform advanced analytics.
11288,Business Analyst,NextGen AI,Startup,Germany,Entry,Bachelor's,53501,"SQL, Power BI, Tableau, Excel",Hybrid,Jul,295,Gather requirements and improve business processes through data insights.
11289,BI Developer,TechNova,Startup,Australia,Entry,Master's,61243,"DAX, SQL, Power BI",Remote,Sep,235,Develop interactive dashboards and business intelligence solutions.
11290,Data Analyst,InnoSoft,Enterprise,Germany,Mid,Bachelor's,87463,"Python, DAX, SQL",Hybrid,Aug,220,Analyze business data and create reports and dashboards.
11291,AI Engineer,InnoSoft,Enterprise,India,Mid,Master's,69874,"PyTorch, AWS, Machine Learning, TensorFlow, Python",Remote,Apr,285,Build AI systems using deep learning and generative AI technologies.
11292,AI Engineer,NextGen AI,Startup,India,Senior,Master's,81524,"Python, PyTorch, Machine Learning, TensorFlow",On-site,Aug,326,Build AI systems using deep learning and generative AI technologies.
11293,AI Engineer,ByteWorks,Startup,Germany,Mid,Master's,118795,"AWS, Machine Learning, Python",Hybrid,Sep,166,Build AI systems using deep learning and generative AI technologies.
11294,AI Engineer,InnoSoft,Enterprise,Australia,Mid,Bachelor's,155083,"TensorFlow, Python, PyTorch, AWS, Machine Learning",Remote,Nov,245,Build AI systems using deep learning and generative AI technologies.
11295,BI Developer,CloudMatrix,Medium,Singapore,Entry,Bachelor's,71990,"Excel, SQL, Power BI, DAX",Remote,Dec,416,Develop interactive dashboards and business intelligence solutions.
11296,Data Analyst,InnoSoft,Enterprise,India,Senior,PhD,38946,"Tableau, Python, Excel, DAX",Hybrid,Oct,255,Analyze business data and create reports and dashboards.
11297,Data Engineer,Insight Corp,Enterprise,Australia,Mid,Master's,86757,"Spark, Python, AWS",Remote,Dec,90,Design and maintain data pipelines and data warehouses.
11298,Data Engineer,Insight Corp,Enterprise,UK,Senior,PhD,132533,"Python, Spark, AWS, SQL",On-site,Aug,126,Design and maintain data pipelines and data warehouses.
11299,ML Engineer,Analytica,Enterprise,Australia,Mid,Master's,100903,"PyTorch, TensorFlow, Python",Hybrid,Aug,227,Deploy and optimize machine learning models in production.
11300,Data Scientist,Analytica,Enterprise,USA,Mid,Master's,118098,"TensorFlow, SQL, Python, PyTorch",On-site,Aug,56,Build predictive models and perform advanced analytics.
11301,Data Engineer,Analytica,Enterprise,Germany,Mid,Master's,148734,"SQL, AWS, Python",Hybrid,Dec,179,Design and maintain data pipelines and data warehouses.
11302,Data Analyst,CloudMatrix,Medium,Singapore,Mid,Bachelor's,84457,"SQL, Excel, Python, Tableau, DAX",Remote,Nov,214,Analyze business data and create reports and dashboards.
11303,AI Engineer,CloudMatrix,Medium,Australia,Senior,PhD,201499,"AWS, Python, Machine Learning, PyTorch, TensorFlow",Hybrid,Sep,236,Build AI systems using deep learning and generative AI technologies.
11304,Business Analyst,CloudMatrix,Medium,Australia,Entry,Master's,50816,"Tableau, Excel, Power BI, SQL",Hybrid,Mar,330,Gather requirements and improve business processes through data insights.
11305,ML Engineer,NextGen AI,Startup,Singapore,Senior,PhD,235329,"AWS, TensorFlow, Python, PyTorch",Hybrid,Jul,239,Deploy and optimize machine learning models in production.
11306,Business Analyst,Insight Corp,Enterprise,India,Mid,Bachelor's,34586,"Tableau, Excel, SQL, Power BI",On-site,Oct,215,Gather requirements and improve business processes through data insights.
11307,Business Analyst,ByteWorks,Startup,UK,Entry,Master's,49109,"Power BI, Excel, Tableau, SQL",Hybrid,Jun,372,Gather requirements and improve business processes through data insights.
11308,BI Developer,TechNova,Startup,Singapore,Mid,Master's,79830,"DAX, SQL, Power BI, Excel",On-site,May,148,Develop interactive dashboards and business intelligence solutions.
11309,Business Analyst,TechNova,Startup,USA,Entry,Bachelor's,47862,"Excel, SQL, Power BI",On-site,Jan,453,Gather requirements and improve business processes through data insights.
11310,Business Analyst,CloudMatrix,Medium,UK,Entry,Bachelor's,38223,"Excel, SQL, Power BI, Tableau",Remote,Jun,265,Gather requirements and improve business processes through data insights.
11311,AI Engineer,CloudMatrix,Medium,USA,Entry,Master's,112742,"Machine Learning, Python, AWS, TensorFlow",On-site,Jun,297,Build AI systems using deep learning and generative AI technologies.
11312,Data Analyst,TechNova,Startup,UK,Entry,Master's,49328,"Python, Excel, SQL",Remote,Jul,355,Analyze business data and create reports and dashboards.
11313,Data Engineer,DataSphere,Medium,Singapore,Mid,Master's,162666,"SQL, AWS, Python, Spark",Remote,Mar,193,Design and maintain data pipelines and data warehouses.
11314,Business Analyst,CloudMatrix,Medium,Germany,Entry,Master's,44071,"Tableau, Excel, SQL, Power BI",On-site,Sep,376,Gather requirements and improve business processes through data insights.
11315,Data Scientist,Insight Corp,Enterprise,Canada,Senior,PhD,119837,"TensorFlow, PyTorch, SQL, Machine Learning, Python",Hybrid,Jun,176,Build predictive models and perform advanced analytics.
11316,AI Engineer,Insight Corp,Enterprise,USA,Mid,Bachelor's,162395,"AWS, PyTorch, Python",On-site,Jan,207,Build AI systems using deep learning and generative AI technologies.
11317,Data Analyst,TechNova,Startup,USA,Senior,PhD,111059,"SQL, Python, DAX, Tableau, Excel",Remote,Jun,213,Analyze business data and create reports and dashboards.
11318,Data Analyst,NextGen AI,Startup,India,Entry,Master's,34420,"Tableau, SQL, Python, DAX",Hybrid,May,367,Analyze business data and create reports and dashboards.
11319,AI Engineer,ByteWorks,Startup,Germany,Mid,Master's,173595,"TensorFlow, AWS, Machine Learning, PyTorch, Python",Hybrid,Mar,86,Build AI systems using deep learning and generative AI technologies.
11320,ML Engineer,TechNova,Startup,USA,Entry,Bachelor's,152543,"TensorFlow, Python, PyTorch, AWS",On-site,Dec,381,Deploy and optimize machine learning models in production.
11321,Data Engineer,DataSphere,Medium,Singapore,Entry,Bachelor's,79083,"Python, Spark, SQL, AWS",Hybrid,Jul,233,Design and maintain data pipelines and data warehouses.
11322,ML Engineer,TechNova,Startup,India,Mid,Master's,78436,"Machine Learning, AWS, TensorFlow, Python, PyTorch",Remote,Jul,229,Deploy and optimize machine learning models in production.
11323,Data Engineer,DataSphere,Medium,Singapore,Mid,Master's,117182,"Spark, AWS, SQL, Python",Hybrid,Mar,139,Design and maintain data pipelines and data warehouses.
11324,Data Scientist,InnoSoft,Enterprise,Australia,Mid,Bachelor's,83570,"PyTorch, SQL, Machine Learning",Remote,Dec,133,Build predictive models and perform advanced analytics.
11325,Data Analyst,ByteWorks,Startup,India,Mid,Bachelor's,32008,"Power BI, SQL, Python, Tableau, DAX",On-site,Aug,339,Analyze business data and create reports and dashboards.
11326,AI Engineer,NextGen AI,Startup,UK,Mid,Master's,128697,"TensorFlow, Machine Learning, PyTorch",Remote,Mar,57,Build AI systems using deep learning and generative AI technologies.
11327,Data Analyst,ByteWorks,Startup,Australia,Entry,Bachelor's,44944,"SQL, DAX, Tableau, Power BI, Excel",Remote,Oct,390,Analyze business data and create reports and dashboards.
11328,AI Engineer,NextGen AI,Startup,Canada,Mid,Master's,138526,"AWS, Machine Learning, Python, PyTorch",Hybrid,May,118,Build AI systems using deep learning and generative AI technologies.
11329,Business Analyst,TechNova,Startup,UK,Entry,Bachelor's,50975,"Excel, Tableau, SQL, Power BI",Hybrid,Mar,424,Gather requirements and improve business processes through data insights.
11330,Data Engineer,InnoSoft,Enterprise,Germany,Entry,Bachelor's,74039,"AWS, Spark, SQL, Python",Hybrid,Aug,297,Design and maintain data pipelines and data warehouses.
11331,ML Engineer,CloudMatrix,Medium,USA,Mid,Master's,197723,"Python, Machine Learning, AWS",Remote,Jul,182,Deploy and optimize machine learning models in production.
11332,ML Engineer,TechNova,Startup,UK,Entry,Master's,80941,"Machine Learning, AWS, PyTorch, TensorFlow",On-site,Nov,228,Deploy and optimize machine learning models in production.
11333,Business Analyst,CloudMatrix,Medium,Singapore,Mid,Master's,61869,"Excel, Tableau, Power BI, SQL",Hybrid,May,110,Gather requirements and improve business processes through data insights.
11334,Business Analyst,ByteWorks,Startup,Singapore,Entry,Bachelor's,57968,"SQL, Power BI, Excel",Remote,Mar,295,Gather requirements and improve business processes through data insights.
11335,ML Engineer,InnoSoft,Enterprise,Australia,Senior,Master's,188128,"TensorFlow, AWS, Machine Learning, Python",Remote,Oct,219,Deploy and optimize machine learning models in production.
11336,AI Engineer,NextGen AI,Startup,India,Mid,Bachelor's,85284,"Python, Machine Learning, AWS, TensorFlow",Hybrid,Nov,147,Build AI systems using deep learning and generative AI technologies.
11337,Business Analyst,InnoSoft,Enterprise,India,Entry,Bachelor's,21482,"SQL, Excel, Power BI, Tableau",Hybrid,Feb,544,Gather requirements and improve business processes through data insights.
11338,Data Scientist,ByteWorks,Startup,India,Entry,Bachelor's,42158,"Machine Learning, TensorFlow, SQL, PyTorch",Hybrid,Apr,319,Build predictive models and perform advanced analytics.
11339,Data Engineer,NextGen AI,Startup,India,Entry,Bachelor's,45100,"SQL, AWS, Spark",Remote,Mar,450,Design and maintain data pipelines and data warehouses.
11340,AI Engineer,Insight Corp,Enterprise,USA,Entry,Bachelor's,127283,"Machine Learning, TensorFlow, AWS, Python, PyTorch",Hybrid,Mar,297,Build AI systems using deep learning and generative AI technologies.
11341,Data Engineer,Insight Corp,Enterprise,Germany,Entry,Master's,90343,"AWS, Python, Spark, SQL",On-site,Mar,422,Design and maintain data pipelines and data warehouses.
11342,AI Engineer,Analytica,Enterprise,Australia,Entry,Master's,92462,"TensorFlow, AWS, Machine Learning, PyTorch",Remote,Jul,324,Build AI systems using deep learning and generative AI technologies.
11343,BI Developer,InnoSoft,Enterprise,USA,Senior,Master's,107195,"SQL, Excel, Power BI",On-site,Jul,69,Develop interactive dashboards and business intelligence solutions.
11344,Data Analyst,CloudMatrix,Medium,UK,Entry,Master's,54113,"Tableau, DAX, Python",Remote,Dec,418,Analyze business data and create reports and dashboards.
11345,ML Engineer,DataSphere,Medium,Germany,Mid,Master's,98924,"PyTorch, Python, TensorFlow",Remote,May,155,Deploy and optimize machine learning models in production.
11346,AI Engineer,InnoSoft,Enterprise,Australia,Senior,Master's,131029,"Python, TensorFlow, Machine Learning, PyTorch",Hybrid,Oct,106,Build AI systems using deep learning and generative AI technologies.
11347,BI Developer,ByteWorks,Startup,Germany,Mid,Master's,89535,"SQL, Power BI, DAX, Excel",Hybrid,May,144,Develop interactive dashboards and business intelligence solutions.
11348,Data Scientist,InnoSoft,Enterprise,USA,Entry,Bachelor's,83949,"Python, PyTorch, TensorFlow",Hybrid,Feb,249,Build predictive models and perform advanced analytics.
11349,AI Engineer,DataSphere,Medium,India,Entry,Bachelor's,64834,"Python, AWS, Machine Learning, TensorFlow",Hybrid,Sep,411,Build AI systems using deep learning and generative AI technologies.
11350,Data Analyst,DataSphere,Medium,Australia,Mid,Master's,77627,"Python, DAX, Excel, Power BI, Tableau",Remote,Feb,164,Analyze business data and create reports and dashboards.
11351,Business Analyst,TechNova,Startup,Germany,Mid,Master's,63173,"Power BI, Excel, Tableau",Hybrid,Jun,63,Gather requirements and improve business processes through data insights.
11352,Data Engineer,Insight Corp,Enterprise,Germany,Entry,Bachelor's,114758,"Python, Spark, SQL",Hybrid,Jun,223,Design and maintain data pipelines and data warehouses.
11353,Data Engineer,CloudMatrix,Medium,Germany,Mid,Master's,147704,"SQL, Python, Spark",Remote,Apr,202,Design and maintain data pipelines and data warehouses.
11354,ML Engineer,NextGen AI,Startup,UK,Mid,Bachelor's,160428,"AWS, TensorFlow, Python, Machine Learning",On-site,Sep,115,Deploy and optimize machine learning models in production.
11355,Business Analyst,InnoSoft,Enterprise,Singapore,Senior,PhD,62689,"Tableau, SQL, Power BI, Excel",Remote,Jun,58,Gather requirements and improve business processes through data insights.
11356,ML Engineer,TechNova,Startup,Australia,Entry,Master's,90240,"AWS, Python, TensorFlow, Machine Learning, PyTorch",Hybrid,Oct,276,Deploy and optimize machine learning models in production.
11357,Business Analyst,DataSphere,Medium,Australia,Mid,Bachelor's,64873,"Excel, SQL, Tableau",Remote,May,196,Gather requirements and improve business processes through data insights.
11358,Data Engineer,TechNova,Startup,Australia,Mid,Bachelor's,157646,"AWS, Spark, Python, SQL",On-site,Aug,151,Design and maintain data pipelines and data warehouses.
11359,Data Engineer,Analytica,Enterprise,Singapore,Entry,Bachelor's,122872,"AWS, SQL, Python",Hybrid,Apr,389,Design and maintain data pipelines and data warehouses.
11360,Data Scientist,Insight Corp,Enterprise,India,Mid,Bachelor's,58998,"SQL, Machine Learning, Python, PyTorch",On-site,Oct,192,Build predictive models and perform advanced analytics.
11361,Data Scientist,TechNova,Startup,India,Mid,Master's,58847,"Machine Learning, Python, SQL, PyTorch, TensorFlow",On-site,Sep,197,Build predictive models and perform advanced analytics.
11362,AI Engineer,InnoSoft,Enterprise,India,Entry,Master's,43739,"PyTorch, Python, Machine Learning, AWS, TensorFlow",On-site,Nov,327,Build AI systems using deep learning and generative AI technologies.
11363,ML Engineer,Analytica,Enterprise,USA,Senior,PhD,153510,"Machine Learning, PyTorch, AWS, Python, TensorFlow",On-site,May,163,Deploy and optimize machine learning models in production.
11364,BI Developer,InnoSoft,Enterprise,USA,Mid,Master's,99468,"Power BI, DAX, Excel, SQL",Hybrid,Jan,141,Develop interactive dashboards and business intelligence solutions.
11365,Data Engineer,InnoSoft,Enterprise,India,Senior,Master's,78489,"AWS, Spark, Python, SQL",Hybrid,Jul,243,Design and maintain data pipelines and data warehouses.
11366,Data Engineer,DataSphere,Medium,Canada,Mid,Master's,92430,"SQL, Spark, AWS",Hybrid,Mar,245,Design and maintain data pipelines and data warehouses.
11367,Data Engineer,ByteWorks,Startup,UK,Senior,Master's,136393,"AWS, Spark, Python, SQL",Hybrid,Oct,168,Design and maintain data pipelines and data warehouses.
11368,BI Developer,NextGen AI,Startup,Singapore,Entry,Master's,53005,"SQL, Power BI, Excel, DAX",Remote,May,406,Develop interactive dashboards and business intelligence solutions.
11369,ML Engineer,NextGen AI,Startup,Canada,Mid,Bachelor's,139617,"Machine Learning, AWS, Python, TensorFlow",On-site,Oct,77,Deploy and optimize machine learning models in production.
11370,Data Scientist,Insight Corp,Enterprise,Australia,Mid,Master's,135333,"PyTorch, SQL, Python, Machine Learning",Remote,Sep,189,Build predictive models and perform advanced analytics.
11371,BI Developer,InnoSoft,Enterprise,India,Mid,Master's,33762,"Power BI, Excel, SQL",Remote,May,286,Develop interactive dashboards and business intelligence solutions.
11372,Data Engineer,InnoSoft,Enterprise,India,Mid,Bachelor's,58555,"SQL, Spark, Python, AWS",Hybrid,May,236,Design and maintain data pipelines and data warehouses.
11373,Data Scientist,Analytica,Enterprise,USA,Senior,Master's,222563,"SQL, Python, TensorFlow",Hybrid,Feb,163,Build predictive models and perform advanced analytics.
11374,BI Developer,DataSphere,Medium,USA,Senior,PhD,91843,"Power BI, Excel, SQL, DAX",On-site,Feb,200,Develop interactive dashboards and business intelligence solutions.
11375,Business Analyst,NextGen AI,Startup,Germany,Mid,Bachelor's,45030,"Excel, SQL, Power BI",Remote,Jul,137,Gather requirements and improve business processes through data insights.
11376,BI Developer,TechNova,Startup,USA,Entry,Master's,68246,"SQL, DAX, Excel, Power BI",Hybrid,Nov,419,Develop interactive dashboards and business intelligence solutions.
11377,Data Analyst,NextGen AI,Startup,Singapore,Entry,Bachelor's,44508,"Power BI, DAX, Python",Hybrid,Dec,401,Analyze business data and create reports and dashboards.
11378,BI Developer,TechNova,Startup,UK,Mid,Master's,56459,"Power BI, SQL, Excel, DAX",Hybrid,May,152,Develop interactive dashboards and business intelligence solutions.
11379,Data Scientist,DataSphere,Medium,Australia,Entry,Master's,101509,"SQL, TensorFlow, PyTorch, Machine Learning, Python",On-site,Dec,356,Build predictive models and perform advanced analytics.
11380,Data Engineer,Analytica,Enterprise,Canada,Senior,PhD,169944,"Spark, SQL, AWS",Remote,Nov,195,Design and maintain data pipelines and data warehouses.
11381,Data Analyst,DataSphere,Medium,India,Mid,Bachelor's,31969,"SQL, Power BI, Python, DAX",On-site,Feb,201,Analyze business data and create reports and dashboards.
11382,Data Scientist,DataSphere,Medium,Germany,Mid,Bachelor's,87872,"PyTorch, SQL, Python, Machine Learning, TensorFlow",On-site,Jul,108,Build predictive models and perform advanced analytics.
11383,ML Engineer,InnoSoft,Enterprise,India,Mid,Master's,66974,"AWS, Python, Machine Learning, PyTorch",Hybrid,Mar,230,Deploy and optimize machine learning models in production.
11384,BI Developer,Insight Corp,Enterprise,USA,Entry,Bachelor's,74663,"Excel, Power BI, DAX, SQL",On-site,Jun,316,Develop interactive dashboards and business intelligence solutions.
11385,AI Engineer,ByteWorks,Startup,Canada,Entry,Master's,111119,"AWS, PyTorch, Machine Learning, Python",On-site,May,338,Build AI systems using deep learning and generative AI technologies.
11386,AI Engineer,CloudMatrix,Medium,USA,Entry,Master's,156377,"PyTorch, Machine Learning, TensorFlow",Hybrid,Mar,312,Build AI systems using deep learning and generative AI technologies.
11387,AI Engineer,InnoSoft,Enterprise,Australia,Mid,Master's,143892,"PyTorch, Machine Learning, Python, AWS, TensorFlow",Remote,Mar,63,Build AI systems using deep learning and generative AI technologies.
11388,AI Engineer,InnoSoft,Enterprise,India,Entry,Master's,57847,"AWS, PyTorch, TensorFlow, Python",On-site,Oct,415,Build AI systems using deep learning and generative AI technologies.
11389,Data Analyst,ByteWorks,Startup,India,Entry,Bachelor's,25465,"Excel, Tableau, Power BI, Python, DAX",Hybrid,Feb,307,Analyze business data and create reports and dashboards.
11390,Data Scientist,ByteWorks,Startup,Germany,Mid,Bachelor's,97601,"PyTorch, TensorFlow, Machine Learning",On-site,May,100,Build predictive models and perform advanced analytics.
11391,Data Scientist,InnoSoft,Enterprise,Singapore,Mid,Bachelor's,124078,"Python, Machine Learning, TensorFlow, PyTorch",Hybrid,Jan,92,Build predictive models and perform advanced analytics.
11392,Business Analyst,Insight Corp,Enterprise,USA,Mid,Master's,89216,"Tableau, Power BI, Excel, SQL",Remote,Nov,137,Gather requirements and improve business processes through data insights.
11393,Business Analyst,CloudMatrix,Medium,Canada,Senior,PhD,69981,"SQL, Power BI, Tableau, Excel",Remote,May,129,Gather requirements and improve business processes through data insights.
11394,Data Analyst,TechNova,Startup,Singapore,Senior,Master's,93747,"DAX, Power BI, Excel, Tableau",Hybrid,Apr,128,Analyze business data and create reports and dashboards.
11395,AI Engineer,DataSphere,Medium,India,Entry,Bachelor's,51915,"AWS, Python, TensorFlow, PyTorch, Machine Learning",On-site,Apr,389,Build AI systems using deep learning and generative AI technologies.
11396,ML Engineer,Insight Corp,Enterprise,Singapore,Mid,Bachelor's,126829,"Machine Learning, AWS, PyTorch",Remote,Feb,175,Deploy and optimize machine learning models in production.
11397,Data Scientist,CloudMatrix,Medium,Singapore,Entry,Bachelor's,74067,"TensorFlow, PyTorch, SQL",On-site,Jan,266,Build predictive models and perform advanced analytics.
11398,Data Scientist,NextGen AI,Startup,Canada,Mid,Bachelor's,144429,"TensorFlow, Machine Learning, SQL",Remote,Jan,87,Build predictive models and perform advanced analytics.
11399,AI Engineer,DataSphere,Medium,UK,Entry,Master's,127753,"Python, AWS, TensorFlow, Machine Learning, PyTorch",Hybrid,May,383,Build AI systems using deep learning and generative AI technologies.
11400,ML Engineer,CloudMatrix,Medium,Canada,Entry,Master's,78208,"Python, AWS, PyTorch, Machine Learning",On-site,Dec,339,Deploy and optimize machine learning models in production.
11401,AI Engineer,DataSphere,Medium,India,Mid,Master's,74254,"Machine Learning, AWS, PyTorch",Hybrid,Sep,243,Build AI systems using deep learning and generative AI technologies.
11402,ML Engineer,ByteWorks,Startup,Australia,Mid,Master's,158379,"Machine Learning, Python, TensorFlow",Hybrid,Aug,200,Deploy and optimize machine learning models in production.
11403,Data Engineer,InnoSoft,Enterprise,Australia,Mid,Master's,124813,"AWS, Python, Spark, SQL",Hybrid,Dec,165,Design and maintain data pipelines and data warehouses.
11404,BI Developer,InnoSoft,Enterprise,Canada,Entry,Bachelor's,53848,"Power BI, SQL, DAX",Hybrid,Feb,349,Develop interactive dashboards and business intelligence solutions.
11405,ML Engineer,Analytica,Enterprise,India,Entry,Bachelor's,47516,"Python, TensorFlow, Machine Learning, PyTorch, AWS",Hybrid,Feb,420,Deploy and optimize machine learning models in production.
11406,Data Analyst,InnoSoft,Enterprise,USA,Entry,Bachelor's,45138,"Power BI, DAX, Tableau, Python",Hybrid,Jan,170,Analyze business data and create reports and dashboards.
11407,Data Engineer,Analytica,Enterprise,Singapore,Entry,Master's,72644,"Spark, SQL, Python",On-site,Jan,311,Design and maintain data pipelines and data warehouses.
11408,ML Engineer,NextGen AI,Startup,UK,Entry,Master's,114168,"Machine Learning, Python, TensorFlow",Hybrid,Jul,378,Deploy and optimize machine learning models in production.
11409,AI Engineer,InnoSoft,Enterprise,USA,Entry,Bachelor's,143564,"Python, Machine Learning, AWS",On-site,Aug,380,Build AI systems using deep learning and generative AI technologies.
11410,AI Engineer,ByteWorks,Startup,USA,Entry,Bachelor's,126562,"PyTorch, Python, Machine Learning",Hybrid,Jul,384,Build AI systems using deep learning and generative AI technologies.
11411,Data Scientist,ByteWorks,Startup,Germany,Entry,Master's,71708,"Python, PyTorch, TensorFlow, SQL",On-site,Jan,253,Build predictive models and perform advanced analytics.
11412,AI Engineer,Analytica,Enterprise,UK,Entry,Master's,128046,"Python, Machine Learning, TensorFlow, AWS",On-site,Jul,375,Build AI systems using deep learning and generative AI technologies.
11413,Data Engineer,NextGen AI,Startup,Canada,Mid,Bachelor's,132317,"AWS, Python, SQL, Spark",Hybrid,Sep,186,Design and maintain data pipelines and data warehouses.
11414,Business Analyst,ByteWorks,Startup,UK,Mid,Bachelor's,53722,"Tableau, Power BI, Excel, SQL",Hybrid,Jun,170,Gather requirements and improve business processes through data insights.
11415,AI Engineer,ByteWorks,Startup,USA,Entry,Bachelor's,100162,"Machine Learning, TensorFlow, Python",On-site,Feb,411,Build AI systems using deep learning and generative AI technologies.
11416,Business Analyst,ByteWorks,Startup,Singapore,Mid,Bachelor's,75400,"SQL, Tableau, Excel, Power BI",On-site,Sep,166,Gather requirements and improve business processes through data insights.
11417,AI Engineer,TechNova,Startup,Australia,Senior,PhD,237492,"AWS, PyTorch, TensorFlow",On-site,Feb,144,Build AI systems using deep learning and generative AI technologies.
11418,Data Scientist,Analytica,Enterprise,Germany,Entry,Bachelor's,73641,"PyTorch, Machine Learning, Python, TensorFlow",Hybrid,May,356,Build predictive models and perform advanced analytics.
11419,Data Analyst,ByteWorks,Startup,USA,Mid,Bachelor's,70751,"Excel, Tableau, Python, SQL",Remote,Dec,91,Analyze business data and create reports and dashboards.
11420,BI Developer,CloudMatrix,Medium,Canada,Senior,PhD,77378,"DAX, Power BI, SQL, Excel",Remote,Sep,191,Develop interactive dashboards and business intelligence solutions.
11421,Business Analyst,TechNova,Startup,Australia,Mid,Bachelor's,54313,"Excel, Power BI, Tableau",Hybrid,Nov,143,Gather requirements and improve business processes through data insights.
11422,Data Scientist,NextGen AI,Startup,Singapore,Senior,PhD,188084,"Machine Learning, PyTorch, Python, SQL",On-site,Mar,120,Build predictive models and perform advanced analytics.
11423,Data Engineer,InnoSoft,Enterprise,UK,Mid,Bachelor's,125661,"SQL, Python, AWS, Spark",Remote,Feb,51,Design and maintain data pipelines and data warehouses.
11424,Business Analyst,ByteWorks,Startup,India,Entry,Bachelor's,29004,"Excel, Tableau, Power BI, SQL",Remote,Oct,332,Gather requirements and improve business processes through data insights.
11425,Business Analyst,Analytica,Enterprise,Australia,Entry,Master's,41082,"Excel, Power BI, SQL, Tableau",Hybrid,Jan,277,Gather requirements and improve business processes through data insights.
11426,AI Engineer,InnoSoft,Enterprise,USA,Entry,Master's,150604,"Python, Machine Learning, TensorFlow, PyTorch, AWS",Hybrid,Sep,278,Build AI systems using deep learning and generative AI technologies.
11427,ML Engineer,CloudMatrix,Medium,Singapore,Entry,Master's,98287,"Machine Learning, TensorFlow, AWS, PyTorch, Python",Hybrid,May,428,Deploy and optimize machine learning models in production.
11428,Data Scientist,DataSphere,Medium,Germany,Senior,Master's,117426,"Machine Learning, SQL, Python, PyTorch, TensorFlow",On-site,Dec,209,Build predictive models and perform advanced analytics.
11429,AI Engineer,DataSphere,Medium,India,Entry,Master's,43177,"AWS, TensorFlow, PyTorch, Python, Machine Learning",Hybrid,May,428,Build AI systems using deep learning and generative AI technologies.
11430,Business Analyst,CloudMatrix,Medium,Germany,Entry,Bachelor's,50270,"Tableau, SQL, Power BI",Hybrid,Dec,274,Gather requirements and improve business processes through data insights.
11431,Data Scientist,Analytica,Enterprise,USA,Mid,Bachelor's,123385,"PyTorch, Machine Learning, TensorFlow, SQL",On-site,Jun,233,Build predictive models and perform advanced analytics.
11432,AI Engineer,NextGen AI,Startup,Germany,Senior,PhD,185829,"Python, PyTorch, TensorFlow, Machine Learning, AWS",On-site,May,153,Build AI systems using deep learning and generative AI technologies.
11433,ML Engineer,TechNova,Startup,Germany,Entry,Bachelor's,116083,"TensorFlow, Machine Learning, PyTorch, Python",Hybrid,Oct,260,Deploy and optimize machine learning models in production.
11434,Data Analyst,CloudMatrix,Medium,Australia,Entry,Bachelor's,43006,"Tableau, Python, SQL, DAX, Excel",Hybrid,Aug,355,Analyze business data and create reports and dashboards.
11435,AI Engineer,ByteWorks,Startup,India,Mid,Bachelor's,52032,"AWS, Machine Learning, Python, PyTorch, TensorFlow",On-site,Jul,178,Build AI systems using deep learning and generative AI technologies.
11436,ML Engineer,CloudMatrix,Medium,USA,Entry,Master's,120133,"Python, TensorFlow, Machine Learning",Hybrid,Jun,349,Deploy and optimize machine learning models in production.
11437,AI Engineer,CloudMatrix,Medium,Australia,Senior,Master's,131595,"Python, Machine Learning, TensorFlow, AWS, PyTorch",On-site,Dec,90,Build AI systems using deep learning and generative AI technologies.
11438,Business Analyst,CloudMatrix,Medium,Australia,Mid,Bachelor's,64141,"Power BI, Excel, SQL, Tableau",Hybrid,Aug,162,Gather requirements and improve business processes through data insights.
11439,Data Analyst,Analytica,Enterprise,Singapore,Entry,Bachelor's,50789,"DAX, Tableau, Excel, Power BI",Remote,Apr,408,Analyze business data and create reports and dashboards.
11440,ML Engineer,DataSphere,Medium,India,Entry,Master's,61410,"TensorFlow, Python, AWS",On-site,Jun,366,Deploy and optimize machine learning models in production.
11441,Business Analyst,TechNova,Startup,USA,Mid,Bachelor's,91490,"Excel, Tableau, SQL, Power BI",Hybrid,Nov,206,Gather requirements and improve business processes through data insights.
11442,BI Developer,InnoSoft,Enterprise,UK,Entry,Bachelor's,59369,"DAX, Power BI, SQL",Remote,Jan,390,Develop interactive dashboards and business intelligence solutions.
11443,Data Scientist,Analytica,Enterprise,UK,Senior,PhD,103262,"SQL, Python, PyTorch, Machine Learning, TensorFlow",Remote,May,214,Build predictive models and perform advanced analytics.
11444,Data Analyst,NextGen AI,Startup,Germany,Mid,Master's,59863,"DAX, SQL, Excel",On-site,Oct,233,Analyze business data and create reports and dashboards.
11445,ML Engineer,CloudMatrix,Medium,Australia,Entry,Bachelor's,76827,"PyTorch, Machine Learning, Python",Hybrid,Mar,375,Deploy and optimize machine learning models in production.
11446,ML Engineer,CloudMatrix,Medium,Australia,Entry,Bachelor's,134683,"AWS, TensorFlow, Machine Learning",Remote,Aug,301,Deploy and optimize machine learning models in production.
11447,Data Engineer,Insight Corp,Enterprise,USA,Mid,Master's,124350,"SQL, Python, Spark, AWS",On-site,Feb,219,Design and maintain data pipelines and data warehouses.
11448,Data Analyst,TechNova,Startup,Singapore,Mid,Bachelor's,56536,"DAX, Python, Excel, Tableau",On-site,Nov,214,Analyze business data and create reports and dashboards.
11449,AI Engineer,ByteWorks,Startup,UK,Entry,Master's,82644,"AWS, TensorFlow, Python, PyTorch",Remote,Nov,217,Build AI systems using deep learning and generative AI technologies.
11450,BI Developer,Analytica,Enterprise,Canada,Mid,Bachelor's,92297,"Excel, Power BI, SQL, DAX",On-site,Oct,192,Develop interactive dashboards and business intelligence solutions.
11451,ML Engineer,ByteWorks,Startup,Canada,Entry,Master's,77422,"Python, TensorFlow, AWS",Hybrid,Jun,270,Deploy and optimize machine learning models in production.
11452,Data Engineer,InnoSoft,Enterprise,India,Entry,Bachelor's,61080,"Python, SQL, AWS",On-site,Dec,238,Design and maintain data pipelines and data warehouses.
11453,AI Engineer,TechNova,Startup,USA,Entry,Bachelor's,112052,"Python, AWS, PyTorch, Machine Learning, TensorFlow",Remote,Jul,218,Build AI systems using deep learning and generative AI technologies.
11454,Data Analyst,DataSphere,Medium,UK,Mid,Master's,78008,"DAX, Tableau, Excel",Hybrid,Dec,135,Analyze business data and create reports and dashboards.
11455,Data Scientist,InnoSoft,Enterprise,Singapore,Mid,Bachelor's,142538,"Python, TensorFlow, PyTorch, Machine Learning, SQL",Hybrid,Sep,192,Build predictive models and perform advanced analytics.
11456,Data Scientist,InnoSoft,Enterprise,UK,Senior,Master's,191319,"TensorFlow, PyTorch, Python, SQL",On-site,Mar,94,Build predictive models and perform advanced analytics.
11457,ML Engineer,Analytica,Enterprise,USA,Entry,Master's,108282,"TensorFlow, Machine Learning, Python, PyTorch, AWS",Hybrid,Feb,345,Deploy and optimize machine learning models in production.
11458,BI Developer,Insight Corp,Enterprise,Germany,Senior,Master's,91951,"SQL, Excel, Power BI, DAX",Remote,Dec,237,Develop interactive dashboards and business intelligence solutions.
11459,Data Analyst,InnoSoft,Enterprise,Singapore,Mid,Bachelor's,54451,"Python, Excel, SQL",Remote,Mar,82,Analyze business data and create reports and dashboards.
11460,Business Analyst,Analytica,Enterprise,Germany,Entry,Master's,43501,"SQL, Excel, Power BI, Tableau",Remote,Jun,354,Gather requirements and improve business processes through data insights.
11461,Data Analyst,ByteWorks,Startup,Canada,Entry,Master's,38410,"SQL, Power BI, Tableau, DAX, Excel",Remote,Oct,338,Analyze business data and create reports and dashboards.
11462,Data Analyst,NextGen AI,Startup,USA,Mid,Master's,58126,"Python, Power BI, DAX, SQL, Excel",Remote,Oct,216,Analyze business data and create reports and dashboards.
11463,Data Analyst,InnoSoft,Enterprise,UK,Mid,Bachelor's,89766,"Excel, SQL, DAX",Remote,Oct,105,Analyze business data and create reports and dashboards.
11464,Data Scientist,ByteWorks,Startup,USA,Entry,Master's,80637,"PyTorch, Python, Machine Learning",Hybrid,Sep,231,Build predictive models and perform advanced analytics.
11465,BI Developer,ByteWorks,Startup,Australia,Senior,Master's,109111,"Excel, SQL, Power BI",On-site,Feb,167,Develop interactive dashboards and business intelligence solutions.
11466,Data Engineer,ByteWorks,Startup,Canada,Entry,Master's,97529,"Spark, AWS, Python, SQL",On-site,Jul,371,Design and maintain data pipelines and data warehouses.
11467,Business Analyst,Insight Corp,Enterprise,UK,Mid,Bachelor's,61567,"Power BI, Tableau, SQL",Hybrid,Aug,195,Gather requirements and improve business processes through data insights.
11468,Business Analyst,InnoSoft,Enterprise,Australia,Entry,Bachelor's,43944,"Power BI, Excel, SQL",Remote,Dec,291,Gather requirements and improve business processes through data insights.
11469,BI Developer,CloudMatrix,Medium,Canada,Mid,Master's,60186,"SQL, DAX, Power BI, Excel",Hybrid,Mar,223,Develop interactive dashboards and business intelligence solutions.
11470,ML Engineer,NextGen AI,Startup,Singapore,Entry,Bachelor's,91288,"TensorFlow, Machine Learning, PyTorch, AWS",Hybrid,Mar,464,Deploy and optimize machine learning models in production.
11471,ML Engineer,Insight Corp,Enterprise,Germany,Senior,PhD,157629,"Machine Learning, TensorFlow, Python, PyTorch",Hybrid,Apr,143,Deploy and optimize machine learning models in production.
11472,AI Engineer,TechNova,Startup,Australia,Mid,Master's,112684,"Machine Learning, AWS, TensorFlow, Python",Hybrid,Dec,70,Build AI systems using deep learning and generative AI technologies.
11473,BI Developer,CloudMatrix,Medium,Australia,Mid,Master's,85033,"Excel, Power BI, DAX, SQL",Hybrid,Dec,226,Develop interactive dashboards and business intelligence solutions.
11474,AI Engineer,CloudMatrix,Medium,USA,Entry,Bachelor's,121447,"AWS, Machine Learning, PyTorch, TensorFlow",Hybrid,Jul,355,Build AI systems using deep learning and generative AI technologies.
11475,Business Analyst,Insight Corp,Enterprise,USA,Entry,Bachelor's,62495,"Excel, Power BI, SQL, Tableau",Remote,Jun,317,Gather requirements and improve business processes through data insights.
11476,Business Analyst,ByteWorks,Startup,UK,Entry,Master's,57894,"SQL, Excel, Power BI, Tableau",Hybrid,May,394,Gather requirements and improve business processes through data insights.
11477,Business Analyst,NextGen AI,Startup,Canada,Mid,Bachelor's,50762,"Power BI, Excel, SQL",Remote,Apr,118,Gather requirements and improve business processes through data insights.
11478,AI Engineer,InnoSoft,Enterprise,Germany,Senior,Master's,186410,"TensorFlow, Python, Machine Learning, PyTorch",Remote,Nov,248,Build AI systems using deep learning and generative AI technologies.
11479,AI Engineer,Analytica,Enterprise,USA,Entry,Bachelor's,92368,"Python, AWS, PyTorch, TensorFlow, Machine Learning",Hybrid,Feb,293,Build AI systems using deep learning and generative AI technologies.
11480,Data Analyst,CloudMatrix,Medium,Singapore,Mid,Bachelor's,60626,"SQL, Excel, Tableau",Remote,Jul,192,Analyze business data and create reports and dashboards.
11481,Data Engineer,Analytica,Enterprise,Canada,Entry,Master's,119238,"SQL, Spark, Python, AWS",Hybrid,Dec,190,Design and maintain data pipelines and data warehouses.
11482,AI Engineer,InnoSoft,Enterprise,USA,Senior,Master's,241056,"AWS, PyTorch, TensorFlow, Python",Remote,Aug,165,Build AI systems using deep learning and generative AI technologies.
11483,Data Analyst,DataSphere,Medium,Canada,Senior,PhD,65356,"SQL, Power BI, Python, Tableau",Hybrid,Jun,245,Analyze business data and create reports and dashboards.
11484,ML Engineer,TechNova,Startup,India,Entry,Bachelor's,47214,"TensorFlow, PyTorch, Machine Learning, Python",Remote,Jul,461,Deploy and optimize machine learning models in production.
11485,Data Analyst,Insight Corp,Enterprise,USA,Senior,Master's,84940,"Tableau, Python, Power BI, DAX",On-site,Apr,246,Analyze business data and create reports and dashboards.
11486,Data Analyst,NextGen AI,Startup,Germany,Mid,Master's,76507,"SQL, Python, DAX, Excel",Remote,Apr,231,Analyze business data and create reports and dashboards.
11487,BI Developer,InnoSoft,Enterprise,Singapore,Entry,Bachelor's,69429,"Power BI, SQL, Excel",On-site,Dec,372,Develop interactive dashboards and business intelligence solutions.
11488,Data Engineer,NextGen AI,Startup,UK,Mid,Bachelor's,110076,"SQL, AWS, Python, Spark",Remote,Jul,50,Design and maintain data pipelines and data warehouses.
11489,Data Scientist,DataSphere,Medium,UK,Entry,Bachelor's,67099,"PyTorch, SQL, Python",Remote,Jul,371,Build predictive models and perform advanced analytics.
11490,Data Engineer,Analytica,Enterprise,Australia,Senior,Master's,203440,"AWS, Python, Spark",On-site,Aug,90,Design and maintain data pipelines and data warehouses.
11491,Data Analyst,InnoSoft,Enterprise,Germany,Entry,Master's,53609,"DAX, Python, Power BI",Hybrid,Dec,435,Analyze business data and create reports and dashboards.
11492,AI Engineer,Insight Corp,Enterprise,UK,Senior,Master's,205575,"PyTorch, TensorFlow, Python, Machine Learning",Remote,Dec,172,Build AI systems using deep learning and generative AI technologies.
11493,Business Analyst,InnoSoft,Enterprise,USA,Senior,Master's,117304,"Power BI, SQL, Excel, Tableau",Hybrid,Dec,54,Gather requirements and improve business processes through data insights.
11494,AI Engineer,InnoSoft,Enterprise,USA,Mid,Master's,170456,"Machine Learning, PyTorch, Python",Remote,Nov,153,Build AI systems using deep learning and generative AI technologies.
11495,Data Analyst,ByteWorks,Startup,USA,Senior,PhD,122203,"Python, Tableau, DAX, SQL, Excel",Remote,May,112,Analyze business data and create reports and dashboards.
11496,Data Analyst,NextGen AI,Startup,India,Mid,Bachelor's,36933,"DAX, Tableau, Excel",On-site,Jan,229,Analyze business data and create reports and dashboards.
11497,ML Engineer,DataSphere,Medium,USA,Mid,Master's,134842,"PyTorch, AWS, Python, TensorFlow, Machine Learning",Hybrid,Feb,152,Deploy and optimize machine learning models in production.
11498,BI Developer,Insight Corp,Enterprise,Australia,Mid,Master's,82904,"Power BI, DAX, SQL",Remote,Feb,131,Develop interactive dashboards and business intelligence solutions.
11499,Data Scientist,Insight Corp,Enterprise,India,Entry,Master's,51684,"Python, SQL, TensorFlow, PyTorch, Machine Learning",Remote,Sep,427,Build predictive models and perform advanced analytics.
11500,Data Scientist,CloudMatrix,Medium,Australia,Entry,Bachelor's,119287,"SQL, Machine Learning, TensorFlow",Remote,Feb,185,Build predictive models and perform advanced analytics.
11501,Data Engineer,Analytica,Enterprise,India,Entry,Master's,39046,"SQL, Spark, AWS, Python",On-site,Sep,325,Design and maintain data pipelines and data warehouses.
11502,Data Engineer,Analytica,Enterprise,Germany,Entry,Bachelor's,129221,"AWS, SQL, Python, Spark",Remote,Mar,326,Design and maintain data pipelines and data warehouses.
11503,Data Scientist,ByteWorks,Startup,Singapore,Mid,Bachelor's,154782,"PyTorch, SQL, TensorFlow, Machine Learning, Python",Hybrid,Nov,136,Build predictive models and perform advanced analytics.
11504,Business Analyst,Insight Corp,Enterprise,USA,Entry,Bachelor's,46009,"Excel, Power BI, SQL",Remote,Apr,408,Gather requirements and improve business processes through data insights.
11505,Data Analyst,InnoSoft,Enterprise,India,Entry,Master's,22292,"Excel, DAX, Power BI, SQL",Remote,Jan,395,Analyze business data and create reports and dashboards.
11506,ML Engineer,TechNova,Startup,India,Entry,Master's,71354,"AWS, Machine Learning, TensorFlow, PyTorch, Python",Remote,May,458,Deploy and optimize machine learning models in production.
11507,Data Analyst,ByteWorks,Startup,Australia,Entry,Master's,60999,"Python, DAX, Power BI, Tableau",Remote,Jun,267,Analyze business data and create reports and dashboards.
11508,ML Engineer,NextGen AI,Startup,Germany,Entry,Bachelor's,122048,"AWS, Machine Learning, Python",Hybrid,Nov,363,Deploy and optimize machine learning models in production.
11509,Data Engineer,CloudMatrix,Medium,USA,Mid,Bachelor's,156033,"Spark, AWS, SQL",Remote,Mar,107,Design and maintain data pipelines and data warehouses.
11510,BI Developer,CloudMatrix,Medium,India,Entry,Master's,27250,"Power BI, SQL, Excel, DAX",Remote,Oct,509,Develop interactive dashboards and business intelligence solutions.
11511,Data Scientist,CloudMatrix,Medium,Canada,Mid,Master's,134902,"TensorFlow, PyTorch, SQL, Python",Remote,Dec,113,Build predictive models and perform advanced analytics.
11512,BI Developer,DataSphere,Medium,Australia,Senior,PhD,83448,"Power BI, DAX, SQL, Excel",Hybrid,Oct,151,Develop interactive dashboards and business intelligence solutions.
11513,Data Scientist,Insight Corp,Enterprise,USA,Mid,Master's,131677,"PyTorch, Machine Learning, Python, TensorFlow, SQL",Remote,Sep,154,Build predictive models and perform advanced analytics.
11514,Data Scientist,InnoSoft,Enterprise,UK,Mid,Bachelor's,110972,"PyTorch, TensorFlow, Python, SQL, Machine Learning",Hybrid,Jan,197,Build predictive models and perform advanced analytics.
11515,AI Engineer,Analytica,Enterprise,USA,Entry,Bachelor's,112719,"PyTorch, Machine Learning, AWS, TensorFlow",On-site,May,301,Build AI systems using deep learning and generative AI technologies.
11516,ML Engineer,ByteWorks,Startup,Canada,Entry,Master's,86945,"Python, PyTorch, TensorFlow",Remote,May,381,Deploy and optimize machine learning models in production.
11517,Data Scientist,DataSphere,Medium,USA,Mid,Bachelor's,124108,"Machine Learning, TensorFlow, Python",Remote,Feb,195,Build predictive models and perform advanced analytics.
11518,Business Analyst,Analytica,Enterprise,Canada,Senior,Master's,86150,"SQL, Tableau, Power BI, Excel",Hybrid,Sep,185,Gather requirements and improve business processes through data insights.
11519,Data Scientist,DataSphere,Medium,UK,Mid,Master's,88891,"TensorFlow, Machine Learning, SQL, PyTorch, Python",Hybrid,Apr,116,Build predictive models and perform advanced analytics.
11520,Data Analyst,DataSphere,Medium,USA,Senior,Master's,110899,"SQL, DAX, Power BI, Python",On-site,Jan,62,Analyze business data and create reports and dashboards.
11521,AI Engineer,NextGen AI,Startup,USA,Entry,Master's,128371,"Python, Machine Learning, TensorFlow, AWS, PyTorch",Hybrid,Sep,263,Build AI systems using deep learning and generative AI technologies.
11522,ML Engineer,ByteWorks,Startup,Australia,Senior,Master's,127687,"PyTorch, TensorFlow, Machine Learning, AWS, Python",Hybrid,Mar,58,Deploy and optimize machine learning models in production.
11523,AI Engineer,DataSphere,Medium,Singapore,Mid,Bachelor's,182720,"AWS, PyTorch, Python",On-site,May,162,Build AI systems using deep learning and generative AI technologies.
11524,Business Analyst,CloudMatrix,Medium,India,Entry,Bachelor's,28811,"Power BI, SQL, Tableau, Excel",On-site,Aug,273,Gather requirements and improve business processes through data insights.
11525,AI Engineer,CloudMatrix,Medium,Singapore,Senior,Master's,168572,"TensorFlow, Machine Learning, Python, PyTorch, AWS",Remote,Jun,100,Build AI systems using deep learning and generative AI technologies.
11526,Data Scientist,DataSphere,Medium,USA,Entry,Bachelor's,71305,"SQL, PyTorch, Machine Learning, Python",Remote,Nov,213,Build predictive models and perform advanced analytics.
11527,Data Scientist,Analytica,Enterprise,Canada,Senior,Master's,97108,"SQL, TensorFlow, Machine Learning",On-site,Dec,162,Build predictive models and perform advanced analytics.
11528,Data Analyst,InnoSoft,Enterprise,Canada,Mid,Master's,62477,"SQL, Tableau, Excel",Remote,Mar,64,Analyze business data and create reports and dashboards.
11529,Business Analyst,TechNova,Startup,USA,Entry,Master's,48638,"Excel, Power BI, Tableau, SQL",Hybrid,Dec,193,Gather requirements and improve business processes through data insights.
11530,Business Analyst,InnoSoft,Enterprise,Singapore,Mid,Master's,70276,"Tableau, Power BI, SQL",On-site,Nov,63,Gather requirements and improve business processes through data insights.
11531,Data Engineer,Analytica,Enterprise,Singapore,Mid,Bachelor's,104874,"AWS, SQL, Spark, Python",Hybrid,Oct,171,Design and maintain data pipelines and data warehouses.
11532,AI Engineer,InnoSoft,Enterprise,Canada,Entry,Master's,116580,"TensorFlow, AWS, PyTorch, Python",Remote,Sep,451,Build AI systems using deep learning and generative AI technologies.
11533,AI Engineer,DataSphere,Medium,USA,Entry,Master's,168485,"AWS, Machine Learning, PyTorch, TensorFlow",On-site,Sep,309,Build AI systems using deep learning and generative AI technologies.
11534,ML Engineer,InnoSoft,Enterprise,USA,Mid,Bachelor's,136990,"TensorFlow, Python, AWS",Hybrid,Feb,165,Deploy and optimize machine learning models in production.
11535,Data Analyst,DataSphere,Medium,UK,Mid,Bachelor's,88484,"DAX, Tableau, Power BI, Excel",Remote,Nov,60,Analyze business data and create reports and dashboards.
11536,Data Analyst,Analytica,Enterprise,Australia,Entry,Bachelor's,69090,"Tableau, SQL, Excel",On-site,Oct,233,Analyze business data and create reports and dashboards.
11537,Data Engineer,Insight Corp,Enterprise,Singapore,Entry,Master's,110888,"SQL, Python, AWS",Hybrid,Dec,366,Design and maintain data pipelines and data warehouses.
11538,BI Developer,NextGen AI,Startup,USA,Mid,Bachelor's,77391,"Power BI, SQL, DAX, Excel",Remote,Jul,91,Develop interactive dashboards and business intelligence solutions.
11539,ML Engineer,CloudMatrix,Medium,Singapore,Senior,PhD,205405,"Python, TensorFlow, Machine Learning, AWS, PyTorch",On-site,Aug,99,Deploy and optimize machine learning models in production.
11540,AI Engineer,TechNova,Startup,Canada,Mid,Bachelor's,167842,"PyTorch, Python, TensorFlow, Machine Learning, AWS",Hybrid,Jan,177,Build AI systems using deep learning and generative AI technologies.
11541,AI Engineer,CloudMatrix,Medium,UK,Mid,Master's,176081,"PyTorch, TensorFlow, Machine Learning, AWS, Python",Remote,Oct,225,Build AI systems using deep learning and generative AI technologies.
11542,ML Engineer,InnoSoft,Enterprise,Germany,Mid,Master's,126472,"PyTorch, AWS, Python, TensorFlow, Machine Learning",On-site,Aug,90,Deploy and optimize machine learning models in production.
11543,Data Scientist,CloudMatrix,Medium,Australia,Entry,Bachelor's,105312,"SQL, TensorFlow, PyTorch",Remote,Mar,334,Build predictive models and perform advanced analytics.
11544,AI Engineer,InnoSoft,Enterprise,India,Mid,Bachelor's,92849,"Python, Machine Learning, TensorFlow, PyTorch",Remote,Jan,305,Build AI systems using deep learning and generative AI technologies.
11545,Business Analyst,CloudMatrix,Medium,Canada,Mid,Master's,70507,"SQL, Power BI, Tableau, Excel",Hybrid,Nov,109,Gather requirements and improve business processes through data insights.
11546,AI Engineer,InnoSoft,Enterprise,India,Mid,Bachelor's,56228,"Python, PyTorch, Machine Learning, AWS, TensorFlow",Remote,Apr,269,Build AI systems using deep learning and generative AI technologies.
11547,ML Engineer,TechNova,Startup,India,Entry,Bachelor's,69772,"TensorFlow, Machine Learning, Python",On-site,Feb,305,Deploy and optimize machine learning models in production.
11548,BI Developer,Insight Corp,Enterprise,UK,Mid,Master's,64554,"Excel, DAX, Power BI",Hybrid,Jul,232,Develop interactive dashboards and business intelligence solutions.
11549,BI Developer,TechNova,Startup,India,Mid,Bachelor's,32169,"SQL, Power BI, DAX, Excel",Remote,Nov,276,Develop interactive dashboards and business intelligence solutions.
11550,Data Analyst,TechNova,Startup,Australia,Entry,Master's,70137,"SQL, Excel, Tableau, Power BI",Hybrid,Nov,390,Analyze business data and create reports and dashboards.
11551,Data Scientist,Insight Corp,Enterprise,Australia,Entry,Bachelor's,99662,"Machine Learning, PyTorch, SQL, Python, TensorFlow",Hybrid,Dec,378,Build predictive models and perform advanced analytics.
11552,Data Scientist,InnoSoft,Enterprise,USA,Entry,Master's,93989,"TensorFlow, Machine Learning, PyTorch",Hybrid,Sep,232,Build predictive models and perform advanced analytics.
11553,Business Analyst,DataSphere,Medium,Canada,Mid,Bachelor's,78087,"Excel, Tableau, SQL, Power BI",On-site,Jul,195,Gather requirements and improve business processes through data insights.
11554,Data Engineer,Insight Corp,Enterprise,UK,Mid,Bachelor's,98609,"SQL, Python, Spark, AWS",Remote,Jul,216,Design and maintain data pipelines and data warehouses.
11555,Data Scientist,ByteWorks,Startup,India,Mid,Bachelor's,51768,"Machine Learning, PyTorch, TensorFlow, SQL",Remote,Sep,280,Build predictive models and perform advanced analytics.
11556,Data Scientist,NextGen AI,Startup,Australia,Entry,Bachelor's,100956,"TensorFlow, Machine Learning, PyTorch",Remote,Sep,322,Build predictive models and perform advanced analytics.
11557,ML Engineer,TechNova,Startup,Canada,Mid,Master's,112850,"TensorFlow, Python, AWS, Machine Learning, PyTorch",On-site,Mar,156,Deploy and optimize machine learning models in production.
11558,AI Engineer,Analytica,Enterprise,Australia,Mid,Master's,137238,"TensorFlow, AWS, PyTorch, Python, Machine Learning",Remote,Jul,108,Build AI systems using deep learning and generative AI technologies.
11559,ML Engineer,DataSphere,Medium,UK,Entry,Bachelor's,89953,"TensorFlow, AWS, Machine Learning, Python",On-site,Jul,449,Deploy and optimize machine learning models in production.
11560,Data Engineer,Insight Corp,Enterprise,Australia,Entry,Bachelor's,76274,"SQL, Python, Spark",Hybrid,Nov,237,Design and maintain data pipelines and data warehouses.
11561,Data Engineer,NextGen AI,Startup,Canada,Senior,PhD,184191,"AWS, SQL, Python",Hybrid,Aug,238,Design and maintain data pipelines and data warehouses.
11562,Data Scientist,ByteWorks,Startup,India,Mid,Bachelor's,70524,"Machine Learning, Python, TensorFlow, SQL, PyTorch",Hybrid,Feb,373,Build predictive models and perform advanced analytics.
11563,Data Engineer,InnoSoft,Enterprise,Germany,Mid,Master's,144794,"Python, SQL, Spark, AWS",Hybrid,Jun,79,Design and maintain data pipelines and data warehouses.
11564,ML Engineer,Analytica,Enterprise,USA,Mid,Master's,108975,"AWS, Machine Learning, TensorFlow",On-site,Sep,233,Deploy and optimize machine learning models in production.
11565,Data Scientist,InnoSoft,Enterprise,UK,Senior,PhD,118579,"TensorFlow, Machine Learning, SQL",Remote,Apr,85,Build predictive models and perform advanced analytics.
11566,Data Engineer,Insight Corp,Enterprise,Singapore,Mid,Master's,90467,"SQL, Spark, Python, AWS",Hybrid,Nov,245,Design and maintain data pipelines and data warehouses.
11567,Data Scientist,InnoSoft,Enterprise,Australia,Mid,Master's,141131,"Python, SQL, TensorFlow, Machine Learning",On-site,Jan,201,Build predictive models and perform advanced analytics.
11568,Data Engineer,TechNova,Startup,UK,Mid,Master's,151804,"Spark, AWS, SQL, Python",Hybrid,May,128,Design and maintain data pipelines and data warehouses.
11569,Data Analyst,NextGen AI,Startup,Australia,Mid,Master's,87788,"SQL, Excel, Power BI, Tableau",Remote,Apr,127,Analyze business data and create reports and dashboards.
11570,Data Scientist,DataSphere,Medium,Germany,Entry,Master's,125957,"PyTorch, Machine Learning, TensorFlow",Remote,Jan,224,Build predictive models and perform advanced analytics.
11571,BI Developer,InnoSoft,Enterprise,India,Senior,Master's,37481,"SQL, Power BI, DAX, Excel",Remote,Jan,192,Develop interactive dashboards and business intelligence solutions.
11572,AI Engineer,InnoSoft,Enterprise,Canada,Mid,Bachelor's,130811,"Python, TensorFlow, PyTorch",Hybrid,Jun,141,Build AI systems using deep learning and generative AI technologies.
11573,Data Scientist,Insight Corp,Enterprise,Singapore,Senior,PhD,153608,"TensorFlow, Python, PyTorch, Machine Learning",Hybrid,Apr,208,Build predictive models and perform advanced analytics.
11574,Data Analyst,InnoSoft,Enterprise,Germany,Mid,Master's,51562,"DAX, Excel, Power BI",Remote,Feb,62,Analyze business data and create reports and dashboards.
11575,Data Engineer,CloudMatrix,Medium,Singapore,Entry,Master's,115756,"SQL, AWS, Spark, Python",Remote,Oct,323,Design and maintain data pipelines and data warehouses.
11576,Data Analyst,Analytica,Enterprise,Singapore,Senior,Master's,80184,"DAX, Python, Tableau, Power BI",Hybrid,Jul,185,Analyze business data and create reports and dashboards.
11577,BI Developer,DataSphere,Medium,India,Entry,Master's,31218,"Excel, Power BI, DAX",Hybrid,Jul,357,Develop interactive dashboards and business intelligence solutions.
11578,Data Engineer,ByteWorks,Startup,Australia,Senior,PhD,139111,"SQL, Python, Spark, AWS",On-site,Oct,127,Design and maintain data pipelines and data warehouses.
11579,Data Engineer,ByteWorks,Startup,Australia,Mid,Master's,130885,"SQL, Python, Spark",On-site,Apr,158,Design and maintain data pipelines and data warehouses.
11580,Business Analyst,Insight Corp,Enterprise,Germany,Mid,Master's,64066,"Power BI, Tableau, SQL, Excel",Remote,Oct,177,Gather requirements and improve business processes through data insights.
11581,Business Analyst,ByteWorks,Startup,Canada,Entry,Master's,46909,"Excel, Tableau, SQL, Power BI",Remote,Apr,343,Gather requirements and improve business processes through data insights.
11582,Data Analyst,InnoSoft,Enterprise,Singapore,Senior,PhD,74013,"SQL, DAX, Python, Power BI",Hybrid,Apr,50,Analyze business data and create reports and dashboards.
11583,AI Engineer,InnoSoft,Enterprise,Singapore,Senior,PhD,235349,"Machine Learning, TensorFlow, PyTorch, AWS",Hybrid,Dec,90,Build AI systems using deep learning and generative AI technologies.
11584,ML Engineer,CloudMatrix,Medium,UK,Entry,Bachelor's,97844,"TensorFlow, PyTorch, Python, Machine Learning",Remote,Sep,377,Deploy and optimize machine learning models in production.
11585,BI Developer,Analytica,Enterprise,Canada,Mid,Bachelor's,84363,"SQL, Power BI, DAX",Remote,May,67,Develop interactive dashboards and business intelligence solutions.
11586,Data Scientist,Analytica,Enterprise,Canada,Entry,Bachelor's,85159,"Machine Learning, TensorFlow, PyTorch, SQL",Hybrid,Aug,438,Build predictive models and perform advanced analytics.
11587,Data Analyst,CloudMatrix,Medium,UK,Entry,Bachelor's,67599,"SQL, Python, Excel, Tableau, DAX",Remote,Apr,267,Analyze business data and create reports and dashboards.
11588,Business Analyst,DataSphere,Medium,UK,Entry,Bachelor's,40904,"SQL, Tableau, Excel, Power BI",Remote,Sep,218,Gather requirements and improve business processes through data insights.
11589,Data Analyst,CloudMatrix,Medium,Australia,Entry,Master's,68528,"Power BI, SQL, Excel, DAX, Python",Remote,Mar,202,Analyze business data and create reports and dashboards.
11590,Data Analyst,Analytica,Enterprise,Singapore,Entry,Master's,63090,"SQL, Power BI, Python, Tableau, Excel",On-site,Jul,373,Analyze business data and create reports and dashboards.
11591,ML Engineer,Analytica,Enterprise,USA,Entry,Bachelor's,135006,"AWS, TensorFlow, PyTorch, Machine Learning",Hybrid,May,299,Deploy and optimize machine learning models in production.
11592,Business Analyst,NextGen AI,Startup,Australia,Entry,Bachelor's,51155,"Excel, Power BI, Tableau, SQL",Remote,Jan,356,Gather requirements and improve business processes through data insights.
11593,Data Engineer,CloudMatrix,Medium,Germany,Entry,Master's,69500,"Spark, Python, AWS, SQL",On-site,Nov,345,Design and maintain data pipelines and data warehouses.
11594,Data Engineer,Insight Corp,Enterprise,Canada,Entry,Master's,96594,"Spark, AWS, SQL, Python",Hybrid,Mar,319,Design and maintain data pipelines and data warehouses.
11595,Data Engineer,CloudMatrix,Medium,Australia,Mid,Bachelor's,156668,"Spark, AWS, Python, SQL",Hybrid,Mar,134,Design and maintain data pipelines and data warehouses.
11596,Business Analyst,DataSphere,Medium,Germany,Mid,Master's,79117,"Excel, Tableau, SQL, Power BI",Hybrid,Feb,237,Gather requirements and improve business processes through data insights.
11597,Data Scientist,TechNova,Startup,Canada,Mid,Master's,148061,"TensorFlow, Python, Machine Learning, SQL",On-site,Aug,126,Build predictive models and perform advanced analytics.
11598,AI Engineer,InnoSoft,Enterprise,UK,Senior,Master's,228382,"TensorFlow, Python, AWS, Machine Learning, PyTorch",Remote,Feb,76,Build AI systems using deep learning and generative AI technologies.
11599,Data Engineer,NextGen AI,Startup,UK,Senior,PhD,200802,"Python, AWS, Spark, SQL",Remote,Aug,187,Design and maintain data pipelines and data warehouses.
11600,Data Engineer,TechNova,Startup,Canada,Entry,Master's,111124,"Python, Spark, SQL, AWS",Remote,Dec,407,Design and maintain data pipelines and data warehouses.
11601,Data Analyst,CloudMatrix,Medium,USA,Entry,Bachelor's,70858,"Tableau, Python, DAX",Remote,Sep,186,Analyze business data and create reports and dashboards.
11602,Business Analyst,Analytica,Enterprise,Canada,Entry,Bachelor's,51555,"Excel, Power BI, Tableau, SQL",Remote,Sep,270,Gather requirements and improve business processes through data insights.
11603,ML Engineer,DataSphere,Medium,India,Entry,Master's,41847,"AWS, Python, TensorFlow",Hybrid,Apr,337,Deploy and optimize machine learning models in production.
11604,Data Scientist,ByteWorks,Startup,USA,Senior,PhD,128539,"PyTorch, SQL, TensorFlow, Python, Machine Learning",Hybrid,Apr,105,Build predictive models and perform advanced analytics.
11605,AI Engineer,TechNova,Startup,Singapore,Entry,Master's,127072,"Python, PyTorch, AWS, TensorFlow",On-site,Nov,371,Build AI systems using deep learning and generative AI technologies.
11606,Business Analyst,DataSphere,Medium,Singapore,Entry,Bachelor's,62021,"SQL, Tableau, Power BI, Excel",Hybrid,Jul,307,Gather requirements and improve business processes through data insights.
11607,BI Developer,NextGen AI,Startup,Germany,Senior,PhD,76019,"Power BI, Excel, DAX, SQL",Remote,Jan,218,Develop interactive dashboards and business intelligence solutions.
11608,AI Engineer,InnoSoft,Enterprise,UK,Mid,Bachelor's,157018,"PyTorch, TensorFlow, Machine Learning",Remote,Jul,154,Build AI systems using deep learning and generative AI technologies.
11609,AI Engineer,Insight Corp,Enterprise,Canada,Entry,Master's,122424,"AWS, PyTorch, Machine Learning, Python, TensorFlow",On-site,Jul,177,Build AI systems using deep learning and generative AI technologies.
11610,AI Engineer,Insight Corp,Enterprise,India,Senior,PhD,76543,"Python, TensorFlow, AWS, Machine Learning, PyTorch",Hybrid,Mar,133,Build AI systems using deep learning and generative AI technologies.
11611,Data Scientist,ByteWorks,Startup,USA,Mid,Master's,170912,"TensorFlow, SQL, Python, PyTorch",Remote,Apr,76,Build predictive models and perform advanced analytics.
11612,Data Analyst,ByteWorks,Startup,UK,Mid,Bachelor's,81471,"DAX, Tableau, Python, Excel, Power BI",Hybrid,Sep,176,Analyze business data and create reports and dashboards.
11613,Data Engineer,Insight Corp,Enterprise,UK,Mid,Master's,124131,"Python, Spark, AWS, SQL",On-site,Mar,131,Design and maintain data pipelines and data warehouses.
11614,AI Engineer,Analytica,Enterprise,India,Mid,Bachelor's,65115,"Machine Learning, Python, AWS, TensorFlow, PyTorch",On-site,Apr,187,Build AI systems using deep learning and generative AI technologies.
11615,BI Developer,NextGen AI,Startup,UK,Mid,Bachelor's,94788,"Excel, Power BI, DAX",Hybrid,Dec,66,Develop interactive dashboards and business intelligence solutions.
11616,Business Analyst,NextGen AI,Startup,Germany,Entry,Bachelor's,64009,"SQL, Power BI, Excel",On-site,Oct,268,Gather requirements and improve business processes through data insights.
11617,Data Analyst,CloudMatrix,Medium,USA,Mid,Master's,90585,"Power BI, SQL, Excel",Remote,Mar,55,Analyze business data and create reports and dashboards.
11618,Data Analyst,Insight Corp,Enterprise,India,Mid,Bachelor's,31593,"DAX, Excel, Power BI, SQL, Python",Hybrid,May,169,Analyze business data and create reports and dashboards.
11619,AI Engineer,Insight Corp,Enterprise,India,Entry,Bachelor's,69681,"PyTorch, Machine Learning, Python",Hybrid,Jan,457,Build AI systems using deep learning and generative AI technologies.
11620,Data Engineer,Analytica,Enterprise,Singapore,Mid,Bachelor's,104438,"Spark, AWS, SQL",On-site,Oct,212,Design and maintain data pipelines and data warehouses.
11621,ML Engineer,Analytica,Enterprise,USA,Mid,Master's,148152,"TensorFlow, PyTorch, Python",Hybrid,May,197,Deploy and optimize machine learning models in production.
11622,AI Engineer,InnoSoft,Enterprise,USA,Entry,Bachelor's,124736,"Python, Machine Learning, AWS",Remote,May,381,Build AI systems using deep learning and generative AI technologies.
11623,Data Scientist,ByteWorks,Startup,India,Mid,Bachelor's,55234,"SQL, PyTorch, TensorFlow, Python, Machine Learning",Remote,Jan,172,Build predictive models and perform advanced analytics.
11624,Data Analyst,CloudMatrix,Medium,Australia,Mid,Master's,79446,"Tableau, Excel, SQL",Hybrid,Sep,156,Analyze business data and create reports and dashboards.
11625,Data Engineer,TechNova,Startup,India,Entry,Bachelor's,61813,"SQL, Python, AWS, Spark",Remote,Aug,437,Design and maintain data pipelines and data warehouses.
11626,Business Analyst,Analytica,Enterprise,India,Entry,Bachelor's,19020,"SQL, Power BI, Tableau",Remote,Dec,503,Gather requirements and improve business processes through data insights.
11627,Data Engineer,Analytica,Enterprise,India,Mid,Bachelor's,78728,"Spark, AWS, SQL, Python",Remote,Aug,159,Design and maintain data pipelines and data warehouses.
11628,Data Analyst,InnoSoft,Enterprise,UK,Senior,Master's,71254,"Excel, DAX, SQL, Power BI",On-site,Mar,171,Analyze business data and create reports and dashboards.
11629,AI Engineer,NextGen AI,Startup,Australia,Entry,Bachelor's,96541,"AWS, Python, Machine Learning, TensorFlow, PyTorch",Remote,Oct,289,Build AI systems using deep learning and generative AI technologies.
11630,BI Developer,DataSphere,Medium,USA,Senior,Master's,81784,"Excel, Power BI, SQL, DAX",Remote,Apr,199,Develop interactive dashboards and business intelligence solutions.
11631,ML Engineer,InnoSoft,Enterprise,Germany,Mid,Master's,147694,"AWS, Machine Learning, Python",Remote,Oct,130,Deploy and optimize machine learning models in production.
11632,AI Engineer,Insight Corp,Enterprise,Singapore,Mid,Bachelor's,127721,"PyTorch, Machine Learning, Python, TensorFlow, AWS",On-site,Feb,119,Build AI systems using deep learning and generative AI technologies.
11633,Data Analyst,DataSphere,Medium,Canada,Senior,PhD,69302,"Power BI, Excel, DAX, SQL, Tableau",On-site,Sep,93,Analyze business data and create reports and dashboards.
11634,ML Engineer,ByteWorks,Startup,USA,Entry,Bachelor's,134724,"PyTorch, AWS, TensorFlow, Python",Hybrid,Aug,167,Deploy and optimize machine learning models in production.
11635,AI Engineer,DataSphere,Medium,UK,Entry,Bachelor's,84836,"TensorFlow, Python, Machine Learning, PyTorch, AWS",Hybrid,Jul,349,Build AI systems using deep learning and generative AI technologies.
11636,Data Engineer,NextGen AI,Startup,Germany,Mid,Master's,103227,"Spark, AWS, SQL",On-site,May,100,Design and maintain data pipelines and data warehouses.
11637,Data Scientist,TechNova,Startup,UK,Entry,Bachelor's,89424,"SQL, Machine Learning, Python, TensorFlow",Hybrid,Feb,431,Build predictive models and perform advanced analytics.
11638,Business Analyst,NextGen AI,Startup,Singapore,Mid,Bachelor's,59047,"Excel, Tableau, Power BI, SQL",Hybrid,Jan,53,Gather requirements and improve business processes through data insights.
11639,Data Analyst,ByteWorks,Startup,USA,Mid,Bachelor's,89288,"Tableau, Python, DAX",Remote,Feb,166,Analyze business data and create reports and dashboards.
11640,BI Developer,DataSphere,Medium,Germany,Mid,Bachelor's,57955,"Excel, DAX, SQL",On-site,Mar,198,Develop interactive dashboards and business intelligence solutions.
11641,ML Engineer,Analytica,Enterprise,USA,Senior,PhD,247553,"Machine Learning, Python, TensorFlow, AWS",Hybrid,May,247,Deploy and optimize machine learning models in production.
11642,Data Engineer,DataSphere,Medium,Australia,Senior,PhD,188264,"SQL, Python, Spark, AWS",On-site,Nov,172,Design and maintain data pipelines and data warehouses.
11643,Business Analyst,NextGen AI,Startup,Germany,Entry,Master's,41707,"Excel, Power BI, Tableau",On-site,Feb,397,Gather requirements and improve business processes through data insights.
11644,ML Engineer,CloudMatrix,Medium,Singapore,Entry,Bachelor's,143164,"TensorFlow, Python, AWS, Machine Learning",On-site,Feb,332,Deploy and optimize machine learning models in production.
11645,BI Developer,NextGen AI,Startup,Canada,Mid,Master's,72463,"DAX, Power BI, Excel, SQL",Hybrid,Jul,155,Develop interactive dashboards and business intelligence solutions.
11646,Data Scientist,Analytica,Enterprise,USA,Mid,Bachelor's,103145,"Python, Machine Learning, TensorFlow, PyTorch",Hybrid,Mar,64,Build predictive models and perform advanced analytics.
11647,ML Engineer,NextGen AI,Startup,UK,Mid,Bachelor's,138236,"TensorFlow, Python, PyTorch, Machine Learning",Remote,Aug,50,Deploy and optimize machine learning models in production.
11648,BI Developer,CloudMatrix,Medium,USA,Mid,Master's,91868,"DAX, SQL, Excel, Power BI",On-site,Jan,213,Develop interactive dashboards and business intelligence solutions.
11649,Data Analyst,Insight Corp,Enterprise,India,Entry,Master's,23042,"Python, Tableau, DAX, Excel",Hybrid,Feb,557,Analyze business data and create reports and dashboards.
11650,ML Engineer,InnoSoft,Enterprise,Australia,Mid,Master's,143896,"AWS, Python, Machine Learning, PyTorch",Hybrid,Oct,138,Deploy and optimize machine learning models in production.
11651,Business Analyst,NextGen AI,Startup,India,Entry,Bachelor's,30043,"SQL, Tableau, Excel",Remote,Feb,229,Gather requirements and improve business processes through data insights.
11652,ML Engineer,InnoSoft,Enterprise,USA,Senior,Master's,162665,"AWS, Python, TensorFlow, Machine Learning, PyTorch",Hybrid,Nov,195,Deploy and optimize machine learning models in production.
11653,BI Developer,CloudMatrix,Medium,India,Mid,Master's,43953,"DAX, Power BI, Excel, SQL",Remote,Nov,307,Develop interactive dashboards and business intelligence solutions.
11654,Business Analyst,InnoSoft,Enterprise,Germany,Mid,Master's,61128,"Excel, Power BI, Tableau",Remote,Apr,212,Gather requirements and improve business processes through data insights.
11655,Data Analyst,CloudMatrix,Medium,Germany,Mid,Master's,65736,"Excel, SQL, DAX",Remote,Feb,237,Analyze business data and create reports and dashboards.
11656,Data Scientist,ByteWorks,Startup,UK,Entry,Master's,100494,"SQL, Machine Learning, PyTorch",Hybrid,Jan,368,Build predictive models and perform advanced analytics.
11657,Data Engineer,ByteWorks,Startup,Australia,Mid,Master's,141502,"SQL, Python, AWS, Spark",On-site,Jul,139,Design and maintain data pipelines and data warehouses.
11658,AI Engineer,Analytica,Enterprise,UK,Senior,Master's,180478,"Python, TensorFlow, PyTorch, Machine Learning",Remote,Jun,209,Build AI systems using deep learning and generative AI technologies.
11659,Data Analyst,TechNova,Startup,Germany,Senior,PhD,75071,"Power BI, Excel, SQL, Python, Tableau",Remote,May,180,Analyze business data and create reports and dashboards.
11660,AI Engineer,NextGen AI,Startup,Canada,Entry,Master's,123211,"TensorFlow, Python, Machine Learning",Hybrid,May,435,Build AI systems using deep learning and generative AI technologies.
11661,Data Engineer,CloudMatrix,Medium,USA,Entry,Bachelor's,97553,"Spark, AWS, Python, SQL",Hybrid,Nov,256,Design and maintain data pipelines and data warehouses.
11662,ML Engineer,Analytica,Enterprise,Australia,Entry,Master's,141431,"Python, AWS, Machine Learning",Remote,Apr,305,Deploy and optimize machine learning models in production.
11663,BI Developer,Insight Corp,Enterprise,UK,Senior,PhD,119439,"DAX, Excel, Power BI, SQL",Hybrid,Jul,95,Develop interactive dashboards and business intelligence solutions.
11664,BI Developer,TechNova,Startup,Canada,Senior,PhD,76980,"DAX, Power BI, SQL",Remote,Feb,61,Develop interactive dashboards and business intelligence solutions.
11665,AI Engineer,InnoSoft,Enterprise,USA,Senior,PhD,168843,"Machine Learning, AWS, Python, PyTorch",Hybrid,Mar,231,Build AI systems using deep learning and generative AI technologies.
11666,Data Analyst,ByteWorks,Startup,India,Senior,Master's,41960,"Python, Tableau, Power BI",On-site,Feb,148,Analyze business data and create reports and dashboards.
11667,Data Analyst,Insight Corp,Enterprise,India,Senior,PhD,42302,"Python, Power BI, DAX",On-site,Nov,236,Analyze business data and create reports and dashboards.
11668,Data Engineer,ByteWorks,Startup,India,Mid,Master's,49925,"Spark, AWS, Python",Hybrid,Feb,357,Design and maintain data pipelines and data warehouses.
11669,Data Engineer,Insight Corp,Enterprise,Australia,Senior,Master's,196077,"Python, Spark, AWS, SQL",Remote,Aug,184,Design and maintain data pipelines and data warehouses.
11670,BI Developer,NextGen AI,Startup,Canada,Mid,Master's,61436,"Excel, DAX, SQL",Hybrid,Mar,55,Develop interactive dashboards and business intelligence solutions.
11671,AI Engineer,Analytica,Enterprise,UK,Mid,Master's,134677,"Python, AWS, Machine Learning, PyTorch",Remote,Mar,169,Build AI systems using deep learning and generative AI technologies.
11672,Business Analyst,NextGen AI,Startup,Singapore,Mid,Bachelor's,77398,"SQL, Tableau, Power BI",Hybrid,Jan,114,Gather requirements and improve business processes through data insights.
11673,Data Scientist,ByteWorks,Startup,UK,Senior,Master's,102116,"Python, TensorFlow, Machine Learning, SQL, PyTorch",On-site,Mar,96,Build predictive models and perform advanced analytics.
11674,ML Engineer,Insight Corp,Enterprise,Singapore,Senior,Master's,167880,"TensorFlow, Machine Learning, Python, AWS",Remote,Jul,246,Deploy and optimize machine learning models in production.
11675,Data Engineer,ByteWorks,Startup,UK,Entry,Bachelor's,121278,"AWS, SQL, Spark",Hybrid,Jul,317,Design and maintain data pipelines and data warehouses.
11676,Data Engineer,DataSphere,Medium,USA,Mid,Bachelor's,153497,"Python, SQL, AWS",Hybrid,Jul,228,Design and maintain data pipelines and data warehouses.
11677,BI Developer,InnoSoft,Enterprise,Germany,Entry,Bachelor's,73331,"DAX, SQL, Power BI",Remote,Dec,207,Develop interactive dashboards and business intelligence solutions.
11678,ML Engineer,DataSphere,Medium,UK,Mid,Master's,128379,"PyTorch, Python, AWS, Machine Learning, TensorFlow",Remote,Feb,197,Deploy and optimize machine learning models in production.
11679,ML Engineer,ByteWorks,Startup,UK,Senior,PhD,136478,"Python, TensorFlow, Machine Learning",Remote,Feb,53,Deploy and optimize machine learning models in production.
11680,Data Scientist,Analytica,Enterprise,Singapore,Entry,Master's,114829,"Machine Learning, TensorFlow, Python",Hybrid,Sep,402,Build predictive models and perform advanced analytics.
11681,Data Analyst,DataSphere,Medium,India,Entry,Bachelor's,23744,"Power BI, Tableau, DAX",Hybrid,Jun,527,Analyze business data and create reports and dashboards.
11682,Data Scientist,NextGen AI,Startup,UK,Entry,Bachelor's,76113,"SQL, TensorFlow, Python, PyTorch",On-site,Oct,324,Build predictive models and perform advanced analytics.
11683,BI Developer,Analytica,Enterprise,UK,Entry,Bachelor's,66367,"SQL, DAX, Power BI, Excel",Hybrid,Dec,255,Develop interactive dashboards and business intelligence solutions.
11684,Data Scientist,TechNova,Startup,USA,Entry,Master's,108367,"SQL, PyTorch, Python, TensorFlow",On-site,Feb,355,Build predictive models and perform advanced analytics.
11685,Data Scientist,DataSphere,Medium,India,Mid,Master's,43882,"TensorFlow, SQL, PyTorch, Python",Remote,Nov,287,Build predictive models and perform advanced analytics.
11686,ML Engineer,TechNova,Startup,USA,Entry,Master's,126687,"AWS, PyTorch, Python",Hybrid,Sep,286,Deploy and optimize machine learning models in production.
11687,AI Engineer,CloudMatrix,Medium,Singapore,Mid,Bachelor's,135056,"TensorFlow, PyTorch, Machine Learning, AWS, Python",Remote,Aug,148,Build AI systems using deep learning and generative AI technologies.
11688,Business Analyst,Insight Corp,Enterprise,India,Mid,Master's,38300,"Tableau, Power BI, Excel, SQL",Remote,Feb,181,Gather requirements and improve business processes through data insights.
11689,AI Engineer,NextGen AI,Startup,Canada,Entry,Master's,137607,"PyTorch, TensorFlow, Python",Hybrid,Dec,373,Build AI systems using deep learning and generative AI technologies.
11690,Data Engineer,Analytica,Enterprise,UK,Entry,Bachelor's,71063,"AWS, Spark, Python, SQL",On-site,Dec,349,Design and maintain data pipelines and data warehouses.
11691,BI Developer,CloudMatrix,Medium,Australia,Entry,Bachelor's,45354,"Power BI, Excel, SQL, DAX",Hybrid,Jun,244,Develop interactive dashboards and business intelligence solutions.
11692,Data Engineer,Analytica,Enterprise,Germany,Senior,PhD,109666,"Spark, SQL, AWS, Python",Remote,Sep,130,Design and maintain data pipelines and data warehouses.
11693,Data Engineer,Analytica,Enterprise,Germany,Mid,Bachelor's,135138,"Python, AWS, SQL",Remote,Mar,115,Design and maintain data pipelines and data warehouses.
11694,Data Scientist,NextGen AI,Startup,Australia,Mid,Bachelor's,97953,"Python, Machine Learning, PyTorch",Hybrid,Aug,166,Build predictive models and perform advanced analytics.
11695,Data Analyst,DataSphere,Medium,Australia,Entry,Bachelor's,67914,"Power BI, Python, DAX",Hybrid,Jan,369,Analyze business data and create reports and dashboards.
11696,AI Engineer,Insight Corp,Enterprise,USA,Mid,Bachelor's,201496,"Machine Learning, AWS, PyTorch, Python",Remote,Jun,145,Build AI systems using deep learning and generative AI technologies.
11697,Business Analyst,DataSphere,Medium,Australia,Mid,Master's,45579,"SQL, Excel, Power BI",Hybrid,Oct,103,Gather requirements and improve business processes through data insights.
11698,AI Engineer,TechNova,Startup,India,Senior,Master's,89915,"Python, Machine Learning, TensorFlow, AWS",Hybrid,Aug,233,Build AI systems using deep learning and generative AI technologies.
11699,Data Scientist,TechNova,Startup,USA,Senior,Master's,128857,"Python, TensorFlow, SQL, PyTorch",On-site,May,152,Build predictive models and perform advanced analytics.
11700,Data Engineer,NextGen AI,Startup,USA,Entry,Master's,135140,"SQL, Python, AWS, Spark",On-site,Aug,260,Design and maintain data pipelines and data warehouses.
11701,Data Scientist,NextGen AI,Startup,UK,Entry,Master's,89222,"TensorFlow, Python, SQL, Machine Learning",Hybrid,Feb,302,Build predictive models and perform advanced analytics.
11702,ML Engineer,NextGen AI,Startup,Singapore,Mid,Master's,120739,"TensorFlow, Python, AWS, PyTorch",Hybrid,Apr,168,Deploy and optimize machine learning models in production.
11703,BI Developer,TechNova,Startup,Canada,Senior,Master's,118197,"Excel, Power BI, DAX, SQL",Remote,Aug,159,Develop interactive dashboards and business intelligence solutions.
11704,AI Engineer,InnoSoft,Enterprise,UK,Mid,Bachelor's,153729,"Machine Learning, PyTorch, Python, TensorFlow",Hybrid,Sep,102,Build AI systems using deep learning and generative AI technologies.
11705,AI Engineer,ByteWorks,Startup,Canada,Senior,Master's,197035,"AWS, Python, Machine Learning, PyTorch",Hybrid,Nov,241,Build AI systems using deep learning and generative AI technologies.
11706,ML Engineer,DataSphere,Medium,UK,Senior,Master's,154817,"Python, PyTorch, TensorFlow",Remote,Oct,202,Deploy and optimize machine learning models in production.
11707,Data Analyst,Insight Corp,Enterprise,Canada,Mid,Bachelor's,50221,"Excel, SQL, Tableau",Remote,Mar,199,Analyze business data and create reports and dashboards.
11708,Data Analyst,InnoSoft,Enterprise,USA,Entry,Bachelor's,47669,"Excel, Python, Tableau, DAX",On-site,Jun,284,Analyze business data and create reports and dashboards.
11709,BI Developer,CloudMatrix,Medium,Australia,Mid,Bachelor's,58711,"DAX, Excel, SQL, Power BI",On-site,Apr,107,Develop interactive dashboards and business intelligence solutions.
11710,Business Analyst,Insight Corp,Enterprise,Australia,Entry,Bachelor's,45626,"Excel, SQL, Tableau, Power BI",Remote,May,410,Gather requirements and improve business processes through data insights.
11711,AI Engineer,Insight Corp,Enterprise,India,Entry,Bachelor's,74696,"AWS, PyTorch, Machine Learning, Python, TensorFlow",Remote,Mar,426,Build AI systems using deep learning and generative AI technologies.
11712,Business Analyst,Analytica,Enterprise,Germany,Entry,Bachelor's,64377,"SQL, Excel, Power BI, Tableau",Hybrid,Oct,346,Gather requirements and improve business processes through data insights.
11713,AI Engineer,Insight Corp,Enterprise,Singapore,Entry,Master's,110795,"Machine Learning, TensorFlow, Python",Hybrid,Aug,351,Build AI systems using deep learning and generative AI technologies.
11714,Data Analyst,NextGen AI,Startup,India,Mid,Master's,33869,"Excel, Power BI, DAX, Python",Remote,May,335,Analyze business data and create reports and dashboards.
11715,Data Scientist,DataSphere,Medium,USA,Mid,Bachelor's,157250,"Python, PyTorch, TensorFlow",Hybrid,Nov,80,Build predictive models and perform advanced analytics.
11716,ML Engineer,Insight Corp,Enterprise,Canada,Senior,PhD,163814,"Python, Machine Learning, TensorFlow, AWS, PyTorch",Remote,Jan,65,Deploy and optimize machine learning models in production.
11717,BI Developer,DataSphere,Medium,Canada,Entry,Master's,50274,"Power BI, DAX, SQL, Excel",Hybrid,Oct,323,Develop interactive dashboards and business intelligence solutions.
11718,Data Scientist,InnoSoft,Enterprise,Canada,Mid,Master's,92040,"Machine Learning, PyTorch, Python, TensorFlow",Hybrid,Nov,145,Build predictive models and perform advanced analytics.
11719,AI Engineer,CloudMatrix,Medium,Singapore,Senior,Master's,158607,"PyTorch, AWS, TensorFlow",Remote,Jul,201,Build AI systems using deep learning and generative AI technologies.
11720,Data Scientist,ByteWorks,Startup,Australia,Mid,Bachelor's,109563,"PyTorch, SQL, Machine Learning, Python, TensorFlow",On-site,Mar,110,Build predictive models and perform advanced analytics.
11721,BI Developer,Analytica,Enterprise,Singapore,Mid,Bachelor's,81930,"DAX, Excel, Power BI, SQL",Remote,Jun,160,Develop interactive dashboards and business intelligence solutions.
11722,ML Engineer,ByteWorks,Startup,Singapore,Mid,Master's,121945,"Machine Learning, PyTorch, TensorFlow",On-site,Mar,153,Deploy and optimize machine learning models in production.
11723,ML Engineer,InnoSoft,Enterprise,Canada,Entry,Bachelor's,96393,"Machine Learning, AWS, Python",Hybrid,Mar,430,Deploy and optimize machine learning models in production.
11724,Business Analyst,CloudMatrix,Medium,India,Mid,Bachelor's,42158,"Tableau, Excel, SQL, Power BI",Hybrid,Sep,191,Gather requirements and improve business processes through data insights.
11725,Data Scientist,NextGen AI,Startup,UK,Mid,Bachelor's,105332,"Machine Learning, PyTorch, SQL",Remote,May,215,Build predictive models and perform advanced analytics.
11726,Data Engineer,InnoSoft,Enterprise,UK,Entry,Master's,69085,"AWS, Python, Spark, SQL",Hybrid,Jan,411,Design and maintain data pipelines and data warehouses.
11727,BI Developer,CloudMatrix,Medium,Australia,Senior,Master's,126802,"SQL, Power BI, DAX",Hybrid,Jan,142,Develop interactive dashboards and business intelligence solutions.
11728,ML Engineer,NextGen AI,Startup,UK,Entry,Bachelor's,86455,"Machine Learning, TensorFlow, Python",Remote,May,353,Deploy and optimize machine learning models in production.
11729,AI Engineer,Analytica,Enterprise,India,Entry,Bachelor's,75410,"Python, TensorFlow, AWS, PyTorch",Hybrid,Jun,353,Build AI systems using deep learning and generative AI technologies.
11730,Data Scientist,Insight Corp,Enterprise,Germany,Entry,Master's,112307,"SQL, TensorFlow, Python",On-site,Jan,285,Build predictive models and perform advanced analytics.
11731,Data Analyst,CloudMatrix,Medium,USA,Mid,Bachelor's,72623,"Power BI, SQL, Tableau, Excel",Hybrid,Apr,119,Analyze business data and create reports and dashboards.
11732,AI Engineer,NextGen AI,Startup,Australia,Mid,Master's,103082,"PyTorch, Machine Learning, AWS, Python, TensorFlow",On-site,Mar,214,Build AI systems using deep learning and generative AI technologies.
11733,Business Analyst,DataSphere,Medium,Germany,Entry,Master's,52969,"Tableau, Power BI, SQL, Excel",Hybrid,Jul,229,Gather requirements and improve business processes through data insights.
11734,AI Engineer,TechNova,Startup,Germany,Senior,PhD,168939,"Machine Learning, Python, TensorFlow",Hybrid,Feb,114,Build AI systems using deep learning and generative AI technologies.
11735,Data Scientist,CloudMatrix,Medium,Australia,Entry,Master's,123350,"SQL, Machine Learning, Python",Remote,Dec,402,Build predictive models and perform advanced analytics.
11736,Business Analyst,TechNova,Startup,USA,Entry,Master's,54365,"Excel, SQL, Tableau, Power BI",Remote,Jun,341,Gather requirements and improve business processes through data insights.
11737,Data Scientist,CloudMatrix,Medium,Australia,Entry,Master's,108855,"Machine Learning, TensorFlow, PyTorch",Hybrid,Dec,361,Build predictive models and perform advanced analytics.
11738,Business Analyst,ByteWorks,Startup,Australia,Mid,Master's,75819,"Tableau, Excel, Power BI, SQL",Hybrid,Feb,193,Gather requirements and improve business processes through data insights.
11739,ML Engineer,TechNova,Startup,India,Mid,Master's,64558,"AWS, PyTorch, Python, Machine Learning",Hybrid,Dec,271,Deploy and optimize machine learning models in production.
11740,BI Developer,NextGen AI,Startup,Canada,Mid,Master's,95140,"Power BI, Excel, SQL",On-site,Nov,54,Develop interactive dashboards and business intelligence solutions.
11741,Data Scientist,TechNova,Startup,Canada,Mid,Bachelor's,131551,"SQL, TensorFlow, Machine Learning",Remote,Aug,238,Build predictive models and perform advanced analytics.
11742,Data Analyst,ByteWorks,Startup,Singapore,Entry,Master's,70851,"Power BI, DAX, SQL, Excel",On-site,Apr,405,Analyze business data and create reports and dashboards.
11743,Data Scientist,DataSphere,Medium,Canada,Mid,Master's,86508,"PyTorch, Python, SQL, TensorFlow, Machine Learning",Hybrid,Dec,182,Build predictive models and perform advanced analytics.
11744,Business Analyst,DataSphere,Medium,India,Mid,Master's,33856,"Tableau, Excel, SQL, Power BI",Hybrid,Jul,190,Gather requirements and improve business processes through data insights.
11745,AI Engineer,ByteWorks,Startup,India,Entry,Master's,42652,"Machine Learning, TensorFlow, Python, PyTorch",Remote,Aug,377,Build AI systems using deep learning and generative AI technologies.
11746,ML Engineer,Analytica,Enterprise,Singapore,Entry,Master's,131123,"TensorFlow, Machine Learning, AWS",Hybrid,Aug,300,Deploy and optimize machine learning models in production.
11747,Data Engineer,Insight Corp,Enterprise,Australia,Entry,Bachelor's,69404,"AWS, SQL, Python, Spark",Hybrid,Jul,478,Design and maintain data pipelines and data warehouses.
11748,Data Scientist,NextGen AI,Startup,UK,Mid,Master's,123676,"PyTorch, SQL, Machine Learning, Python, TensorFlow",On-site,Jan,224,Build predictive models and perform advanced analytics.
11749,AI Engineer,Insight Corp,Enterprise,UK,Entry,Master's,94913,"Machine Learning, AWS, PyTorch, Python, TensorFlow",Remote,Jan,443,Build AI systems using deep learning and generative AI technologies.
11750,Data Scientist,ByteWorks,Startup,USA,Entry,Bachelor's,78020,"PyTorch, Python, Machine Learning",Hybrid,Oct,362,Build predictive models and perform advanced analytics.
11751,Data Engineer,InnoSoft,Enterprise,Australia,Senior,PhD,123115,"SQL, AWS, Python, Spark",On-site,Dec,222,Design and maintain data pipelines and data warehouses.
11752,BI Developer,NextGen AI,Startup,Australia,Senior,Master's,115754,"Excel, Power BI, DAX",Hybrid,Jul,73,Develop interactive dashboards and business intelligence solutions.
11753,Data Engineer,Insight Corp,Enterprise,USA,Entry,Master's,105725,"Python, AWS, SQL, Spark",On-site,Aug,232,Design and maintain data pipelines and data warehouses.
11754,Data Analyst,ByteWorks,Startup,UK,Entry,Bachelor's,60552,"Excel, Tableau, SQL, Power BI",Remote,Sep,399,Analyze business data and create reports and dashboards.
11755,Data Engineer,Insight Corp,Enterprise,Singapore,Mid,Master's,97513,"Python, SQL, AWS, Spark",Remote,Sep,228,Design and maintain data pipelines and data warehouses.
11756,AI Engineer,TechNova,Startup,Germany,Mid,Master's,141221,"PyTorch, Python, AWS",Remote,Nov,219,Build AI systems using deep learning and generative AI technologies.
11757,AI Engineer,Insight Corp,Enterprise,Australia,Mid,Bachelor's,122176,"Python, TensorFlow, AWS, Machine Learning",Hybrid,Aug,217,Build AI systems using deep learning and generative AI technologies.
11758,Data Analyst,InnoSoft,Enterprise,Germany,Mid,Bachelor's,53760,"Python, Tableau, DAX",On-site,Aug,164,Analyze business data and create reports and dashboards.
11759,Business Analyst,ByteWorks,Startup,USA,Mid,Bachelor's,83965,"Power BI, Tableau, SQL, Excel",Remote,Aug,190,Gather requirements and improve business processes through data insights.
11760,Business Analyst,CloudMatrix,Medium,UK,Entry,Bachelor's,63540,"Excel, SQL, Tableau, Power BI",Remote,Mar,381,Gather requirements and improve business processes through data insights.
11761,AI Engineer,Analytica,Enterprise,Germany,Entry,Bachelor's,82834,"TensorFlow, Python, Machine Learning",Hybrid,Nov,300,Build AI systems using deep learning and generative AI technologies.
11762,AI Engineer,InnoSoft,Enterprise,Germany,Entry,Master's,112208,"AWS, TensorFlow, PyTorch, Machine Learning, Python",Remote,Jan,289,Build AI systems using deep learning and generative AI technologies.
11763,Data Analyst,InnoSoft,Enterprise,India,Mid,Master's,36195,"DAX, Excel, SQL",Remote,Oct,353,Analyze business data and create reports and dashboards.
11764,Data Analyst,DataSphere,Medium,USA,Senior,PhD,120080,"Tableau, Excel, Power BI",Remote,Dec,143,Analyze business data and create reports and dashboards.
11765,Data Analyst,NextGen AI,Startup,UK,Entry,Master's,66974,"SQL, Power BI, Excel, Python",On-site,Jan,183,Analyze business data and create reports and dashboards.
11766,BI Developer,CloudMatrix,Medium,USA,Mid,Bachelor's,97308,"Excel, Power BI, DAX",Hybrid,Apr,115,Develop interactive dashboards and business intelligence solutions.
11767,AI Engineer,ByteWorks,Startup,Australia,Mid,Master's,176455,"Machine Learning, AWS, TensorFlow, Python",Remote,May,189,Build AI systems using deep learning and generative AI technologies.
11768,ML Engineer,ByteWorks,Startup,Germany,Entry,Master's,99807,"AWS, Machine Learning, PyTorch, TensorFlow",Hybrid,Oct,241,Deploy and optimize machine learning models in production.
11769,Data Analyst,InnoSoft,Enterprise,Canada,Mid,Bachelor's,81555,"DAX, Python, Excel",On-site,Oct,220,Analyze business data and create reports and dashboards.
11770,Data Engineer,ByteWorks,Startup,USA,Entry,Bachelor's,128835,"AWS, Python, SQL, Spark",Remote,Apr,326,Design and maintain data pipelines and data warehouses.
11771,BI Developer,ByteWorks,Startup,UK,Senior,PhD,128700,"Power BI, SQL, Excel, DAX",On-site,Sep,218,Develop interactive dashboards and business intelligence solutions.
11772,Data Engineer,Analytica,Enterprise,Singapore,Mid,Master's,118213,"Python, SQL, AWS, Spark",On-site,Sep,145,Design and maintain data pipelines and data warehouses.
11773,Business Analyst,TechNova,Startup,UK,Senior,Master's,81331,"Power BI, Excel, Tableau",On-site,Mar,205,Gather requirements and improve business processes through data insights.
11774,Business Analyst,ByteWorks,Startup,India,Entry,Master's,19961,"Tableau, SQL, Excel, Power BI",Hybrid,Dec,356,Gather requirements and improve business processes through data insights.
11775,ML Engineer,NextGen AI,Startup,Australia,Entry,Master's,110030,"Python, Machine Learning, AWS, TensorFlow",Remote,Mar,481,Deploy and optimize machine learning models in production.
11776,ML Engineer,Analytica,Enterprise,USA,Entry,Master's,155798,"PyTorch, TensorFlow, Machine Learning, Python",On-site,Jan,344,Deploy and optimize machine learning models in production.
11777,BI Developer,InnoSoft,Enterprise,India,Mid,Master's,36733,"Excel, Power BI, SQL, DAX",Remote,Mar,215,Develop interactive dashboards and business intelligence solutions.
11778,Data Engineer,TechNova,Startup,Singapore,Senior,Master's,187718,"Python, SQL, Spark",Hybrid,Nov,152,Design and maintain data pipelines and data warehouses.
11779,Data Analyst,Analytica,Enterprise,UK,Mid,Master's,58034,"Power BI, SQL, Excel, Python",Hybrid,Apr,184,Analyze business data and create reports and dashboards.
11780,AI Engineer,Insight Corp,Enterprise,Germany,Entry,Bachelor's,100270,"TensorFlow, AWS, PyTorch, Machine Learning, Python",On-site,Jan,288,Build AI systems using deep learning and generative AI technologies.
11781,Data Analyst,Analytica,Enterprise,Germany,Mid,Bachelor's,63126,"Python, SQL, Power BI, DAX",Hybrid,Jan,68,Analyze business data and create reports and dashboards.
11782,Business Analyst,CloudMatrix,Medium,Australia,Mid,Bachelor's,50232,"SQL, Excel, Tableau, Power BI",Remote,May,201,Gather requirements and improve business processes through data insights.
11783,ML Engineer,InnoSoft,Enterprise,Australia,Entry,Master's,113129,"Python, PyTorch, TensorFlow, AWS, Machine Learning",Remote,Dec,334,Deploy and optimize machine learning models in production.
11784,Data Engineer,ByteWorks,Startup,Australia,Entry,Bachelor's,94099,"AWS, SQL, Spark",On-site,Oct,246,Design and maintain data pipelines and data warehouses.
11785,Data Analyst,Analytica,Enterprise,Singapore,Entry,Master's,64993,"SQL, Tableau, Excel, Python, DAX",Hybrid,Jul,295,Analyze business data and create reports and dashboards.
11786,Business Analyst,Insight Corp,Enterprise,India,Mid,Master's,25204,"Power BI, Tableau, Excel, SQL",Hybrid,Aug,287,Gather requirements and improve business processes through data insights.
11787,BI Developer,Insight Corp,Enterprise,Singapore,Senior,PhD,115088,"SQL, Power BI, Excel, DAX",Hybrid,Jan,221,Develop interactive dashboards and business intelligence solutions.
11788,Data Analyst,Insight Corp,Enterprise,India,Mid,Bachelor's,25776,"Python, Tableau, Excel, DAX",Remote,Oct,322,Analyze business data and create reports and dashboards.
11789,AI Engineer,InnoSoft,Enterprise,USA,Entry,Master's,160730,"TensorFlow, Python, AWS, Machine Learning",Hybrid,Nov,209,Build AI systems using deep learning and generative AI technologies.
11790,BI Developer,TechNova,Startup,Singapore,Mid,Master's,101437,"Power BI, DAX, Excel, SQL",Remote,May,53,Develop interactive dashboards and business intelligence solutions.
11791,ML Engineer,ByteWorks,Startup,Singapore,Mid,Master's,132646,"AWS, TensorFlow, Python, PyTorch, Machine Learning",Remote,May,234,Deploy and optimize machine learning models in production.
11792,BI Developer,TechNova,Startup,UK,Senior,Master's,77041,"Excel, SQL, Power BI, DAX",On-site,Jan,245,Develop interactive dashboards and business intelligence solutions.
11793,ML Engineer,DataSphere,Medium,UK,Mid,Bachelor's,109287,"PyTorch, TensorFlow, Python, Machine Learning, AWS",On-site,Jul,188,Deploy and optimize machine learning models in production.
11794,Data Scientist,DataSphere,Medium,India,Entry,Bachelor's,47759,"SQL, Machine Learning, Python",Remote,Feb,498,Build predictive models and perform advanced analytics.
11795,Data Engineer,ByteWorks,Startup,India,Entry,Master's,60576,"AWS, Spark, Python",Remote,Aug,433,Design and maintain data pipelines and data warehouses.
11796,BI Developer,CloudMatrix,Medium,Singapore,Entry,Master's,77399,"Power BI, DAX, SQL, Excel",On-site,Feb,349,Develop interactive dashboards and business intelligence solutions.
11797,BI Developer,ByteWorks,Startup,Singapore,Entry,Master's,83129,"Excel, Power BI, DAX, SQL",Hybrid,Mar,298,Develop interactive dashboards and business intelligence solutions.
11798,Business Analyst,CloudMatrix,Medium,Singapore,Mid,Bachelor's,76755,"SQL, Power BI, Tableau",Hybrid,Dec,50,Gather requirements and improve business processes through data insights.
11799,Data Engineer,Insight Corp,Enterprise,India,Entry,Master's,62424,"AWS, Python, SQL, Spark",Remote,Apr,456,Design and maintain data pipelines and data warehouses.
11800,Data Analyst,ByteWorks,Startup,Germany,Entry,Bachelor's,40993,"DAX, Python, Power BI, SQL, Tableau",Remote,Jan,255,Analyze business data and create reports and dashboards.
11801,AI Engineer,NextGen AI,Startup,UK,Entry,Bachelor's,94950,"Python, TensorFlow, AWS",On-site,Jan,207,Build AI systems using deep learning and generative AI technologies.
11802,Data Engineer,Insight Corp,Enterprise,Canada,Entry,Bachelor's,86035,"AWS, Spark, SQL, Python",On-site,Oct,463,Design and maintain data pipelines and data warehouses.
11803,ML Engineer,InnoSoft,Enterprise,Germany,Entry,Master's,139427,"PyTorch, AWS, TensorFlow, Machine Learning",Remote,May,271,Deploy and optimize machine learning models in production.
11804,ML Engineer,InnoSoft,Enterprise,India,Entry,Bachelor's,71093,"TensorFlow, Python, AWS, PyTorch",Remote,Dec,514,Deploy and optimize machine learning models in production.
11805,Data Engineer,ByteWorks,Startup,Canada,Mid,Bachelor's,153412,"Spark, SQL, AWS, Python",Remote,Oct,104,Design and maintain data pipelines and data warehouses.
11806,AI Engineer,CloudMatrix,Medium,USA,Entry,Master's,154886,"Python, TensorFlow, AWS, Machine Learning",Hybrid,Mar,243,Build AI systems using deep learning and generative AI technologies.
11807,BI Developer,ByteWorks,Startup,India,Mid,Master's,39048,"Excel, SQL, DAX, Power BI",Remote,Feb,295,Develop interactive dashboards and business intelligence solutions.
11808,BI Developer,CloudMatrix,Medium,India,Entry,Master's,28369,"SQL, Power BI, DAX, Excel",Hybrid,Jul,383,Develop interactive dashboards and business intelligence solutions.
11809,Data Analyst,CloudMatrix,Medium,UK,Mid,Master's,55183,"Excel, Python, SQL, Tableau",Remote,May,145,Analyze business data and create reports and dashboards.
11810,Data Scientist,Insight Corp,Enterprise,India,Mid,Bachelor's,58854,"TensorFlow, SQL, PyTorch",Hybrid,Jun,382,Build predictive models and perform advanced analytics.
11811,ML Engineer,Analytica,Enterprise,India,Mid,Bachelor's,53706,"Machine Learning, AWS, TensorFlow, PyTorch, Python",On-site,Jul,376,Deploy and optimize machine learning models in production.
11812,BI Developer,ByteWorks,Startup,India,Mid,Master's,35305,"Excel, Power BI, SQL, DAX",Hybrid,Jan,273,Develop interactive dashboards and business intelligence solutions.
11813,AI Engineer,InnoSoft,Enterprise,USA,Senior,Master's,244299,"Machine Learning, PyTorch, Python",On-site,Nov,171,Build AI systems using deep learning and generative AI technologies.
11814,Data Analyst,InnoSoft,Enterprise,USA,Entry,Bachelor's,68585,"SQL, Tableau, Power BI",Remote,Nov,385,Analyze business data and create reports and dashboards.
11815,Business Analyst,NextGen AI,Startup,UK,Senior,Master's,95807,"SQL, Tableau, Excel",Remote,Jul,124,Gather requirements and improve business processes through data insights.
11816,AI Engineer,Analytica,Enterprise,Germany,Mid,Bachelor's,188799,"AWS, Machine Learning, Python",Remote,Apr,217,Build AI systems using deep learning and generative AI technologies.
11817,ML Engineer,CloudMatrix,Medium,Singapore,Entry,Master's,97766,"PyTorch, Python, AWS",Remote,Oct,257,Deploy and optimize machine learning models in production.
11818,Business Analyst,NextGen AI,Startup,Australia,Mid,Bachelor's,83062,"Power BI, SQL, Excel",Remote,Oct,121,Gather requirements and improve business processes through data insights.
11819,Data Analyst,Analytica,Enterprise,Canada,Senior,PhD,68694,"Excel, SQL, Power BI, Python, Tableau",On-site,Jul,134,Analyze business data and create reports and dashboards.
11820,Data Engineer,DataSphere,Medium,USA,Mid,Bachelor's,129980,"AWS, SQL, Python, Spark",Remote,Mar,81,Design and maintain data pipelines and data warehouses.
11821,AI Engineer,ByteWorks,Startup,Singapore,Mid,Master's,130306,"AWS, TensorFlow, Python, PyTorch",Hybrid,Dec,82,Build AI systems using deep learning and generative AI technologies.
11822,Data Engineer,TechNova,Startup,Germany,Mid,Bachelor's,128425,"Python, AWS, SQL, Spark",Hybrid,Jul,236,Design and maintain data pipelines and data warehouses.
11823,AI Engineer,TechNova,Startup,Canada,Mid,Master's,119225,"TensorFlow, PyTorch, Python, AWS",Hybrid,Dec,209,Build AI systems using deep learning and generative AI technologies.
11824,BI Developer,TechNova,Startup,USA,Senior,PhD,108337,"Excel, Power BI, SQL, DAX",Hybrid,Jul,54,Develop interactive dashboards and business intelligence solutions.
11825,Business Analyst,CloudMatrix,Medium,UK,Senior,Master's,98150,"SQL, Power BI, Tableau",Remote,Sep,90,Gather requirements and improve business processes through data insights.
11826,ML Engineer,CloudMatrix,Medium,Singapore,Senior,PhD,209595,"Python, PyTorch, AWS, TensorFlow, Machine Learning",On-site,Oct,117,Deploy and optimize machine learning models in production.
11827,Data Scientist,NextGen AI,Startup,India,Mid,Master's,55416,"SQL, TensorFlow, PyTorch, Python, Machine Learning",On-site,Jan,339,Build predictive models and perform advanced analytics.
11828,Data Engineer,CloudMatrix,Medium,Australia,Entry,Bachelor's,100776,"AWS, SQL, Python, Spark",Remote,Dec,355,Design and maintain data pipelines and data warehouses.
11829,Business Analyst,Insight Corp,Enterprise,Germany,Entry,Master's,41947,"Excel, Power BI, Tableau, SQL",Hybrid,Sep,330,Gather requirements and improve business processes through data insights.
11830,BI Developer,NextGen AI,Startup,Canada,Entry,Master's,46579,"Power BI, SQL, DAX, Excel",Hybrid,May,311,Develop interactive dashboards and business intelligence solutions.
11831,Business Analyst,InnoSoft,Enterprise,Canada,Entry,Master's,59685,"SQL, Excel, Power BI",Hybrid,Sep,470,Gather requirements and improve business processes through data insights.
11832,ML Engineer,Analytica,Enterprise,India,Entry,Master's,70492,"Python, TensorFlow, PyTorch, AWS",Hybrid,Jul,340,Deploy and optimize machine learning models in production.
11833,BI Developer,Analytica,Enterprise,Singapore,Senior,PhD,135714,"Excel, SQL, Power BI, DAX",On-site,Oct,187,Develop interactive dashboards and business intelligence solutions.
11834,BI Developer,ByteWorks,Startup,USA,Senior,Master's,136787,"Excel, SQL, DAX, Power BI",On-site,Jan,111,Develop interactive dashboards and business intelligence solutions.
11835,AI Engineer,TechNova,Startup,UK,Senior,PhD,208339,"Python, Machine Learning, TensorFlow",Hybrid,Jun,71,Build AI systems using deep learning and generative AI technologies.
11836,BI Developer,Analytica,Enterprise,Singapore,Mid,Master's,80992,"Excel, Power BI, DAX, SQL",Hybrid,Jun,134,Develop interactive dashboards and business intelligence solutions.
11837,Data Analyst,InnoSoft,Enterprise,Canada,Mid,Master's,66933,"Tableau, Power BI, Excel, DAX",Remote,Sep,51,Analyze business data and create reports and dashboards.
11838,AI Engineer,InnoSoft,Enterprise,Canada,Mid,Bachelor's,145398,"PyTorch, Machine Learning, Python, AWS",Hybrid,May,68,Build AI systems using deep learning and generative AI technologies.
11839,AI Engineer,Insight Corp,Enterprise,Canada,Entry,Master's,133574,"TensorFlow, Machine Learning, Python",On-site,Sep,420,Build AI systems using deep learning and generative AI technologies.
11840,Data Scientist,TechNova,Startup,UK,Mid,Bachelor's,125681,"Python, SQL, PyTorch, TensorFlow, Machine Learning",On-site,Jan,170,Build predictive models and perform advanced analytics.
11841,Data Engineer,Insight Corp,Enterprise,Australia,Senior,Master's,137043,"Python, AWS, Spark, SQL",Hybrid,Sep,104,Design and maintain data pipelines and data warehouses.
11842,Data Engineer,NextGen AI,Startup,India,Senior,PhD,80233,"Python, Spark, SQL, AWS",Remote,Oct,299,Design and maintain data pipelines and data warehouses.
11843,Data Scientist,Analytica,Enterprise,USA,Senior,PhD,182596,"Machine Learning, TensorFlow, PyTorch",Hybrid,Sep,89,Build predictive models and perform advanced analytics.
11844,Data Analyst,Insight Corp,Enterprise,Canada,Senior,Master's,102558,"DAX, Power BI, Excel, Tableau",Hybrid,Oct,102,Analyze business data and create reports and dashboards.
11845,BI Developer,Analytica,Enterprise,Singapore,Mid,Bachelor's,76711,"DAX, Excel, SQL",Remote,Nov,196,Develop interactive dashboards and business intelligence solutions.
11846,Data Scientist,TechNova,Startup,USA,Mid,Bachelor's,128618,"Machine Learning, Python, PyTorch",Remote,Jun,119,Build predictive models and perform advanced analytics.
11847,Data Engineer,Insight Corp,Enterprise,UK,Senior,PhD,111313,"SQL, Python, Spark, AWS",Remote,Nov,169,Design and maintain data pipelines and data warehouses.
11848,Data Scientist,Analytica,Enterprise,Canada,Mid,Master's,138474,"TensorFlow, Python, PyTorch",Hybrid,Dec,142,Build predictive models and perform advanced analytics.
11849,BI Developer,InnoSoft,Enterprise,USA,Entry,Master's,84208,"Excel, DAX, Power BI, SQL",On-site,Mar,376,Develop interactive dashboards and business intelligence solutions.
11850,Business Analyst,NextGen AI,Startup,USA,Senior,PhD,109020,"Tableau, Power BI, SQL, Excel",Hybrid,Jul,57,Gather requirements and improve business processes through data insights.
11851,AI Engineer,Analytica,Enterprise,Canada,Senior,Master's,159795,"TensorFlow, Python, Machine Learning, PyTorch",On-site,Oct,75,Build AI systems using deep learning and generative AI technologies.
11852,Business Analyst,DataSphere,Medium,Canada,Entry,Master's,63502,"SQL, Tableau, Excel, Power BI",Hybrid,Jun,368,Gather requirements and improve business processes through data insights.
11853,Data Engineer,Insight Corp,Enterprise,Germany,Mid,Bachelor's,87825,"SQL, AWS, Python",On-site,Nov,157,Design and maintain data pipelines and data warehouses.
11854,Data Scientist,DataSphere,Medium,Germany,Mid,Master's,82726,"SQL, Python, PyTorch",On-site,Jun,88,Build predictive models and perform advanced analytics.
11855,AI Engineer,Insight Corp,Enterprise,Australia,Mid,Master's,181193,"Machine Learning, PyTorch, TensorFlow",Hybrid,Oct,210,Build AI systems using deep learning and generative AI technologies.
11856,BI Developer,Insight Corp,Enterprise,India,Mid,Master's,44535,"SQL, DAX, Excel",Remote,Dec,270,Develop interactive dashboards and business intelligence solutions.
11857,Business Analyst,Analytica,Enterprise,UK,Entry,Master's,39821,"Power BI, SQL, Tableau, Excel",Hybrid,Sep,358,Gather requirements and improve business processes through data insights.
11858,Business Analyst,Insight Corp,Enterprise,UK,Mid,Master's,75303,"Excel, Power BI, SQL",Hybrid,Feb,102,Gather requirements and improve business processes through data insights.
11859,Business Analyst,NextGen AI,Startup,UK,Entry,Bachelor's,42415,"Excel, Power BI, SQL, Tableau",On-site,Mar,225,Gather requirements and improve business processes through data insights.
11860,Data Engineer,ByteWorks,Startup,Australia,Mid,Master's,98868,"AWS, Python, SQL",On-site,Dec,180,Design and maintain data pipelines and data warehouses.
11861,AI Engineer,TechNova,Startup,Australia,Entry,Bachelor's,134636,"Machine Learning, TensorFlow, AWS",Remote,Apr,333,Build AI systems using deep learning and generative AI technologies.
11862,BI Developer,ByteWorks,Startup,Singapore,Entry,Master's,75772,"Excel, Power BI, DAX",Hybrid,Sep,223,Develop interactive dashboards and business intelligence solutions.
11863,Data Engineer,ByteWorks,Startup,Australia,Mid,Bachelor's,117594,"AWS, Python, SQL, Spark",Remote,Dec,98,Design and maintain data pipelines and data warehouses.
11864,Data Analyst,InnoSoft,Enterprise,Australia,Senior,Master's,85374,"DAX, Python, Excel, SQL",Remote,Jun,75,Analyze business data and create reports and dashboards.
11865,Business Analyst,DataSphere,Medium,UK,Mid,Bachelor's,61414,"Power BI, Excel, SQL, Tableau",Remote,Feb,182,Gather requirements and improve business processes through data insights.
11866,Data Analyst,Insight Corp,Enterprise,India,Entry,Bachelor's,34505,"DAX, Excel, Python",Remote,Jul,335,Analyze business data and create reports and dashboards.
11867,Data Engineer,Analytica,Enterprise,India,Entry,Bachelor's,56961,"AWS, SQL, Spark",Remote,Mar,611,Design and maintain data pipelines and data warehouses.
11868,Business Analyst,Insight Corp,Enterprise,Australia,Mid,Bachelor's,64685,"Power BI, SQL, Tableau, Excel",Hybrid,Apr,141,Gather requirements and improve business processes through data insights.
11869,AI Engineer,ByteWorks,Startup,Singapore,Senior,Master's,196201,"TensorFlow, PyTorch, Machine Learning",Remote,Aug,55,Build AI systems using deep learning and generative AI technologies.
11870,Data Engineer,NextGen AI,Startup,Australia,Entry,Bachelor's,126271,"SQL, Spark, AWS",Hybrid,Feb,358,Design and maintain data pipelines and data warehouses.
11871,Data Engineer,ByteWorks,Startup,UK,Mid,Bachelor's,115101,"Python, SQL, Spark, AWS",Remote,Apr,231,Design and maintain data pipelines and data warehouses.
11872,Business Analyst,InnoSoft,Enterprise,Canada,Entry,Master's,54768,"Power BI, Tableau, Excel, SQL",Remote,Jan,307,Gather requirements and improve business processes through data insights.
11873,Data Scientist,NextGen AI,Startup,Canada,Entry,Bachelor's,102315,"Python, TensorFlow, SQL, Machine Learning, PyTorch",Hybrid,Nov,335,Build predictive models and perform advanced analytics.
11874,Data Scientist,Insight Corp,Enterprise,Singapore,Senior,Master's,129291,"TensorFlow, Python, SQL",Remote,Feb,158,Build predictive models and perform advanced analytics.
11875,Data Engineer,DataSphere,Medium,Germany,Mid,Master's,94962,"Python, AWS, SQL, Spark",On-site,Jul,215,Design and maintain data pipelines and data warehouses.
11876,ML Engineer,TechNova,Startup,Singapore,Mid,Bachelor's,188481,"PyTorch, Python, Machine Learning, AWS",Hybrid,Sep,102,Deploy and optimize machine learning models in production.
11877,Data Scientist,Insight Corp,Enterprise,Singapore,Mid,Master's,120692,"Machine Learning, SQL, TensorFlow",On-site,Dec,101,Build predictive models and perform advanced analytics.
11878,Data Analyst,ByteWorks,Startup,Singapore,Senior,PhD,80011,"Power BI, DAX, Tableau, Python",On-site,Jul,192,Analyze business data and create reports and dashboards.
11879,Data Scientist,ByteWorks,Startup,India,Entry,Bachelor's,49987,"Machine Learning, PyTorch, Python",Remote,May,521,Build predictive models and perform advanced analytics.
11880,Data Engineer,TechNova,Startup,India,Senior,Master's,73700,"SQL, AWS, Spark, Python",On-site,Feb,341,Design and maintain data pipelines and data warehouses.
11881,Data Scientist,Analytica,Enterprise,UK,Entry,Bachelor's,80661,"Python, TensorFlow, Machine Learning, PyTorch",Remote,Apr,389,Build predictive models and perform advanced analytics.
11882,Business Analyst,CloudMatrix,Medium,India,Mid,Master's,37077,"Tableau, Excel, Power BI",On-site,Apr,247,Gather requirements and improve business processes through data insights.
11883,Data Scientist,InnoSoft,Enterprise,Germany,Entry,Master's,105077,"TensorFlow, PyTorch, SQL, Python, Machine Learning",On-site,Nov,435,Build predictive models and perform advanced analytics.
11884,Data Scientist,ByteWorks,Startup,Australia,Senior,Master's,118291,"Machine Learning, TensorFlow, Python",Hybrid,Dec,126,Build predictive models and perform advanced analytics.
11885,AI Engineer,CloudMatrix,Medium,Canada,Entry,Bachelor's,99705,"PyTorch, AWS, TensorFlow, Python, Machine Learning",On-site,Oct,419,Build AI systems using deep learning and generative AI technologies.
11886,Data Analyst,Insight Corp,Enterprise,Germany,Mid,Master's,67834,"Excel, Power BI, Python, SQL",Remote,May,66,Analyze business data and create reports and dashboards.
11887,Data Engineer,NextGen AI,Startup,USA,Entry,Bachelor's,90002,"AWS, Spark, SQL, Python",Hybrid,Mar,366,Design and maintain data pipelines and data warehouses.
11888,AI Engineer,TechNova,Startup,Canada,Entry,Master's,112399,"AWS, Machine Learning, Python, PyTorch, TensorFlow",Hybrid,Sep,285,Build AI systems using deep learning and generative AI technologies.
11889,Data Analyst,TechNova,Startup,India,Mid,Bachelor's,43022,"Python, Excel, DAX, Power BI, SQL",Remote,Jul,172,Analyze business data and create reports and dashboards.
11890,Data Scientist,ByteWorks,Startup,USA,Mid,Bachelor's,89921,"PyTorch, SQL, Python",On-site,Oct,174,Build predictive models and perform advanced analytics.
11891,ML Engineer,ByteWorks,Startup,Singapore,Mid,Bachelor's,166814,"Python, AWS, PyTorch, Machine Learning",Remote,Jul,127,Deploy and optimize machine learning models in production.
11892,AI Engineer,NextGen AI,Startup,USA,Senior,Master's,159120,"TensorFlow, Python, Machine Learning",On-site,Jan,145,Build AI systems using deep learning and generative AI technologies.
11893,Business Analyst,NextGen AI,Startup,India,Entry,Bachelor's,32810,"Excel, Power BI, SQL, Tableau",Hybrid,May,477,Gather requirements and improve business processes through data insights.
11894,ML Engineer,DataSphere,Medium,India,Entry,Master's,47297,"PyTorch, Python, TensorFlow",Hybrid,Dec,361,Deploy and optimize machine learning models in production.
11895,Data Engineer,InnoSoft,Enterprise,India,Entry,Master's,57448,"SQL, Python, Spark, AWS",On-site,Jan,397,Design and maintain data pipelines and data warehouses.
11896,Data Analyst,CloudMatrix,Medium,USA,Senior,Master's,85681,"Excel, Power BI, SQL",Hybrid,Feb,97,Analyze business data and create reports and dashboards.
11897,ML Engineer,TechNova,Startup,Australia,Entry,Bachelor's,101005,"Machine Learning, Python, AWS",Remote,Nov,351,Deploy and optimize machine learning models in production.
11898,Business Analyst,CloudMatrix,Medium,USA,Mid,Master's,59562,"Power BI, SQL, Tableau, Excel",Remote,Mar,104,Gather requirements and improve business processes through data insights.
11899,Business Analyst,Insight Corp,Enterprise,USA,Mid,Master's,74445,"Tableau, SQL, Excel, Power BI",On-site,Oct,247,Gather requirements and improve business processes through data insights.
11900,Data Engineer,ByteWorks,Startup,Germany,Entry,Master's,88010,"Spark, Python, SQL, AWS",Hybrid,Nov,353,Design and maintain data pipelines and data warehouses.
11901,AI Engineer,NextGen AI,Startup,Canada,Mid,Master's,172239,"Machine Learning, AWS, Python",Hybrid,Jul,213,Build AI systems using deep learning and generative AI technologies.
11902,AI Engineer,DataSphere,Medium,Canada,Mid,Master's,149052,"Machine Learning, Python, TensorFlow, PyTorch",Hybrid,Mar,153,Build AI systems using deep learning and generative AI technologies.
11903,BI Developer,NextGen AI,Startup,Australia,Mid,Master's,60716,"DAX, SQL, Power BI, Excel",On-site,Apr,208,Develop interactive dashboards and business intelligence solutions.
11904,Business Analyst,ByteWorks,Startup,Australia,Mid,Bachelor's,72343,"Power BI, SQL, Tableau, Excel",Remote,Jun,90,Gather requirements and improve business processes through data insights.
11905,Business Analyst,ByteWorks,Startup,USA,Mid,Bachelor's,77777,"SQL, Power BI, Tableau, Excel",Remote,May,241,Gather requirements and improve business processes through data insights.
11906,Data Analyst,CloudMatrix,Medium,Germany,Entry,Bachelor's,67493,"DAX, Tableau, SQL, Power BI, Excel",On-site,Nov,422,Analyze business data and create reports and dashboards.
11907,BI Developer,ByteWorks,Startup,UK,Entry,Master's,70312,"Excel, DAX, SQL",Remote,Oct,360,Develop interactive dashboards and business intelligence solutions.
11908,Data Scientist,NextGen AI,Startup,UK,Mid,Master's,90128,"PyTorch, Python, SQL",Remote,Sep,156,Build predictive models and perform advanced analytics.
11909,ML Engineer,NextGen AI,Startup,Singapore,Mid,Bachelor's,105485,"AWS, TensorFlow, Machine Learning",Remote,Aug,112,Deploy and optimize machine learning models in production.
11910,ML Engineer,InnoSoft,Enterprise,Australia,Senior,PhD,123167,"AWS, Machine Learning, PyTorch, Python, TensorFlow",Remote,Dec,74,Deploy and optimize machine learning models in production.
11911,BI Developer,NextGen AI,Startup,India,Entry,Master's,26112,"Excel, Power BI, SQL, DAX",Remote,Mar,474,Develop interactive dashboards and business intelligence solutions.
11912,ML Engineer,InnoSoft,Enterprise,Germany,Senior,Master's,178368,"TensorFlow, Python, Machine Learning",On-site,Dec,138,Deploy and optimize machine learning models in production.
11913,Data Engineer,Insight Corp,Enterprise,India,Entry,Master's,49218,"AWS, Spark, SQL, Python",Remote,Feb,434,Design and maintain data pipelines and data warehouses.
11914,Data Engineer,ByteWorks,Startup,Germany,Senior,Master's,112826,"SQL, Python, AWS, Spark",Hybrid,Jan,155,Design and maintain data pipelines and data warehouses.
11915,Data Analyst,ByteWorks,Startup,India,Entry,Bachelor's,21061,"Tableau, Excel, Python, Power BI, DAX",Hybrid,Apr,430,Analyze business data and create reports and dashboards.
11916,BI Developer,Insight Corp,Enterprise,USA,Mid,Master's,96845,"DAX, Excel, SQL",Hybrid,Jan,173,Develop interactive dashboards and business intelligence solutions.
11917,AI Engineer,Insight Corp,Enterprise,India,Mid,Bachelor's,55870,"Python, PyTorch, AWS",Hybrid,Feb,274,Build AI systems using deep learning and generative AI technologies.
11918,Data Scientist,TechNova,Startup,Canada,Mid,Master's,85938,"Machine Learning, Python, SQL, PyTorch",Remote,Feb,247,Build predictive models and perform advanced analytics.
11919,Data Scientist,TechNova,Startup,Singapore,Senior,PhD,114279,"Machine Learning, TensorFlow, SQL",Remote,May,113,Build predictive models and perform advanced analytics.
11920,Data Engineer,Insight Corp,Enterprise,USA,Senior,PhD,163940,"Python, Spark, SQL, AWS",Remote,Oct,131,Design and maintain data pipelines and data warehouses.
11921,Data Analyst,NextGen AI,Startup,UK,Entry,Bachelor's,45208,"Python, Power BI, DAX, Tableau, Excel",Remote,Oct,355,Analyze business data and create reports and dashboards.
11922,ML Engineer,Insight Corp,Enterprise,Australia,Senior,Master's,147947,"Python, TensorFlow, PyTorch, Machine Learning, AWS",On-site,Feb,127,Deploy and optimize machine learning models in production.
11923,Business Analyst,Analytica,Enterprise,Australia,Mid,Master's,68379,"Excel, Power BI, Tableau, SQL",On-site,Sep,84,Gather requirements and improve business processes through data insights.
11924,BI Developer,Analytica,Enterprise,Germany,Entry,Master's,70285,"SQL, DAX, Power BI",Remote,Oct,216,Develop interactive dashboards and business intelligence solutions.
11925,Data Analyst,ByteWorks,Startup,India,Mid,Bachelor's,35865,"Excel, DAX, Python",Hybrid,Dec,174,Analyze business data and create reports and dashboards.
11926,Business Analyst,DataSphere,Medium,Canada,Entry,Master's,36862,"Tableau, Excel, SQL",On-site,Jun,365,Gather requirements and improve business processes through data insights.
11927,BI Developer,InnoSoft,Enterprise,Canada,Entry,Master's,70176,"Power BI, DAX, Excel",On-site,Aug,418,Develop interactive dashboards and business intelligence solutions.
11928,ML Engineer,DataSphere,Medium,Singapore,Mid,Master's,185423,"Machine Learning, PyTorch, TensorFlow, AWS",Hybrid,Sep,202,Deploy and optimize machine learning models in production.
11929,Data Engineer,NextGen AI,Startup,India,Entry,Master's,40000,"AWS, Python, SQL, Spark",Hybrid,Mar,493,Design and maintain data pipelines and data warehouses.
11930,AI Engineer,InnoSoft,Enterprise,Germany,Mid,Bachelor's,113992,"TensorFlow, PyTorch, Machine Learning, AWS",Remote,May,166,Build AI systems using deep learning and generative AI technologies.
11931,Data Scientist,TechNova,Startup,Germany,Entry,Master's,68052,"TensorFlow, Python, SQL, PyTorch, Machine Learning",On-site,Mar,246,Build predictive models and perform advanced analytics.
11932,BI Developer,TechNova,Startup,Australia,Mid,Master's,89064,"SQL, DAX, Power BI",On-site,Sep,249,Develop interactive dashboards and business intelligence solutions.
11933,Data Engineer,TechNova,Startup,Singapore,Entry,Bachelor's,83737,"AWS, SQL, Python",Hybrid,Sep,308,Design and maintain data pipelines and data warehouses.
11934,ML Engineer,DataSphere,Medium,India,Entry,Bachelor's,47765,"TensorFlow, Machine Learning, AWS",Hybrid,Sep,311,Deploy and optimize machine learning models in production.
11935,BI Developer,Analytica,Enterprise,Canada,Senior,Master's,114881,"DAX, SQL, Excel, Power BI",Hybrid,Jan,99,Develop interactive dashboards and business intelligence solutions.
11936,ML Engineer,Insight Corp,Enterprise,Germany,Mid,Bachelor's,112703,"Python, TensorFlow, AWS",Hybrid,Jun,108,Deploy and optimize machine learning models in production.
11937,Business Analyst,CloudMatrix,Medium,Australia,Senior,Master's,71341,"SQL, Excel, Tableau, Power BI",On-site,Nov,92,Gather requirements and improve business processes through data insights.
11938,ML Engineer,CloudMatrix,Medium,Germany,Mid,Bachelor's,101660,"TensorFlow, Python, AWS, PyTorch, Machine Learning",On-site,May,203,Deploy and optimize machine learning models in production.
11939,Data Analyst,Insight Corp,Enterprise,Australia,Mid,Master's,74912,"Excel, SQL, Python, DAX, Tableau",Remote,Aug,112,Analyze business data and create reports and dashboards.
11940,Data Engineer,ByteWorks,Startup,Australia,Mid,Bachelor's,103380,"SQL, Python, AWS",Remote,Jun,190,Design and maintain data pipelines and data warehouses.
11941,Data Scientist,TechNova,Startup,Singapore,Senior,PhD,198972,"Machine Learning, Python, SQL",Hybrid,May,192,Build predictive models and perform advanced analytics.
11942,Business Analyst,ByteWorks,Startup,UK,Mid,Master's,68513,"Tableau, SQL, Power BI, Excel",Hybrid,Mar,134,Gather requirements and improve business processes through data insights.
11943,Data Engineer,TechNova,Startup,Australia,Mid,Bachelor's,147769,"Spark, SQL, Python, AWS",Hybrid,Jul,195,Design and maintain data pipelines and data warehouses.
11944,Data Analyst,TechNova,Startup,Germany,Entry,Master's,67613,"Excel, Power BI, Python, Tableau",Hybrid,Jun,270,Analyze business data and create reports and dashboards.
11945,Business Analyst,Analytica,Enterprise,Germany,Entry,Bachelor's,49132,"Excel, Tableau, SQL, Power BI",Remote,Sep,400,Gather requirements and improve business processes through data insights.
11946,BI Developer,NextGen AI,Startup,Germany,Mid,Master's,68099,"DAX, Power BI, Excel, SQL",Hybrid,Mar,213,Develop interactive dashboards and business intelligence solutions.
11947,BI Developer,TechNova,Startup,UK,Entry,Bachelor's,55863,"Power BI, Excel, SQL",On-site,May,247,Develop interactive dashboards and business intelligence solutions.
11948,Data Analyst,Analytica,Enterprise,Singapore,Entry,Master's,49635,"Tableau, Python, Excel, Power BI",Remote,Jun,418,Analyze business data and create reports and dashboards.
11949,Data Scientist,Insight Corp,Enterprise,Australia,Senior,PhD,106234,"PyTorch, SQL, Python, TensorFlow",Remote,Mar,148,Build predictive models and perform advanced analytics.
11950,BI Developer,Analytica,Enterprise,India,Entry,Bachelor's,28778,"DAX, Power BI, SQL, Excel",On-site,Jun,371,Develop interactive dashboards and business intelligence solutions.
11951,ML Engineer,InnoSoft,Enterprise,UK,Entry,Bachelor's,81936,"Machine Learning, AWS, TensorFlow",On-site,Dec,226,Deploy and optimize machine learning models in production.
11952,Data Engineer,DataSphere,Medium,Germany,Entry,Master's,124756,"Python, SQL, AWS",Hybrid,Aug,265,Design and maintain data pipelines and data warehouses.
11953,Data Engineer,InnoSoft,Enterprise,India,Entry,Bachelor's,47949,"AWS, Python, SQL",Hybrid,Mar,447,Design and maintain data pipelines and data warehouses.
11954,AI Engineer,CloudMatrix,Medium,Australia,Entry,Bachelor's,106415,"Python, PyTorch, AWS, TensorFlow, Machine Learning",Hybrid,Mar,240,Build AI systems using deep learning and generative AI technologies.
11955,Data Analyst,ByteWorks,Startup,India,Mid,Master's,27109,"SQL, Excel, DAX",Remote,Oct,200,Analyze business data and create reports and dashboards.
11956,Data Scientist,DataSphere,Medium,UK,Entry,Bachelor's,69857,"TensorFlow, SQL, Python, Machine Learning, PyTorch",Remote,Jun,320,Build predictive models and perform advanced analytics.
11957,Data Scientist,Insight Corp,Enterprise,Singapore,Mid,Bachelor's,163147,"TensorFlow, Python, PyTorch, Machine Learning, SQL",Hybrid,Jan,239,Build predictive models and perform advanced analytics.
11958,BI Developer,CloudMatrix,Medium,Singapore,Senior,PhD,97635,"Excel, DAX, Power BI",Hybrid,Sep,84,Develop interactive dashboards and business intelligence solutions.
11959,AI Engineer,DataSphere,Medium,Canada,Entry,Master's,108766,"Python, Machine Learning, PyTorch, TensorFlow",On-site,Apr,335,Build AI systems using deep learning and generative AI technologies.
11960,ML Engineer,DataSphere,Medium,India,Mid,Master's,84598,"Python, PyTorch, Machine Learning, TensorFlow",Hybrid,Feb,262,Deploy and optimize machine learning models in production.
11961,Business Analyst,TechNova,Startup,Australia,Mid,Bachelor's,51379,"Excel, SQL, Tableau, Power BI",Hybrid,Mar,229,Gather requirements and improve business processes through data insights.
11962,Business Analyst,DataSphere,Medium,Singapore,Entry,Bachelor's,67788,"Excel, SQL, Power BI, Tableau",Hybrid,Jun,450,Gather requirements and improve business processes through data insights.
11963,Business Analyst,InnoSoft,Enterprise,USA,Entry,Master's,71869,"Excel, Tableau, SQL",Hybrid,Nov,319,Gather requirements and improve business processes through data insights.
11964,Data Engineer,CloudMatrix,Medium,Germany,Entry,Bachelor's,126243,"Spark, Python, AWS",Remote,Jan,192,Design and maintain data pipelines and data warehouses.
11965,ML Engineer,NextGen AI,Startup,Germany,Senior,Master's,168765,"TensorFlow, Machine Learning, PyTorch, Python, AWS",On-site,May,195,Deploy and optimize machine learning models in production.
11966,Data Scientist,CloudMatrix,Medium,UK,Mid,Master's,152802,"Machine Learning, SQL, TensorFlow",Hybrid,Feb,147,Build predictive models and perform advanced analytics.
11967,Data Scientist,NextGen AI,Startup,Australia,Mid,Bachelor's,139609,"Machine Learning, PyTorch, Python, TensorFlow",Hybrid,May,137,Build predictive models and perform advanced analytics.
11968,ML Engineer,TechNova,Startup,Australia,Entry,Master's,118152,"AWS, Machine Learning, Python",Hybrid,Feb,300,Deploy and optimize machine learning models in production.
11969,AI Engineer,InnoSoft,Enterprise,Germany,Entry,Master's,113988,"AWS, PyTorch, Machine Learning",Remote,Jun,318,Build AI systems using deep learning and generative AI technologies.
11970,AI Engineer,ByteWorks,Startup,UK,Mid,Master's,161814,"PyTorch, AWS, Python, Machine Learning, TensorFlow",Hybrid,Dec,116,Build AI systems using deep learning and generative AI technologies.
11971,BI Developer,DataSphere,Medium,India,Entry,Bachelor's,26572,"Excel, Power BI, DAX, SQL",Hybrid,Mar,333,Develop interactive dashboards and business intelligence solutions.
11972,AI Engineer,TechNova,Startup,Australia,Mid,Master's,119884,"AWS, TensorFlow, PyTorch, Python",Hybrid,Dec,242,Build AI systems using deep learning and generative AI technologies.
11973,Data Analyst,Analytica,Enterprise,UK,Mid,Master's,69602,"Python, SQL, DAX",On-site,Jul,225,Analyze business data and create reports and dashboards.
11974,AI Engineer,CloudMatrix,Medium,India,Entry,Bachelor's,52053,"Python, PyTorch, TensorFlow, AWS, Machine Learning",Hybrid,Jun,459,Build AI systems using deep learning and generative AI technologies.
11975,Data Analyst,Insight Corp,Enterprise,Singapore,Mid,Master's,89155,"Tableau, DAX, SQL, Python, Power BI",Remote,Sep,56,Analyze business data and create reports and dashboards.
11976,ML Engineer,InnoSoft,Enterprise,Australia,Entry,Master's,128959,"PyTorch, Machine Learning, Python, TensorFlow, AWS",Hybrid,Dec,354,Deploy and optimize machine learning models in production.
11977,Data Scientist,TechNova,Startup,Germany,Entry,Bachelor's,88917,"SQL, Machine Learning, Python, TensorFlow, PyTorch",On-site,Mar,356,Build predictive models and perform advanced analytics.
11978,Data Analyst,TechNova,Startup,Singapore,Mid,Bachelor's,76175,"Power BI, Excel, SQL",On-site,Apr,178,Analyze business data and create reports and dashboards.
11979,Data Scientist,Analytica,Enterprise,Singapore,Mid,Master's,86694,"PyTorch, SQL, Machine Learning, Python, TensorFlow",Remote,Jan,180,Build predictive models and perform advanced analytics.
11980,AI Engineer,CloudMatrix,Medium,Singapore,Mid,Master's,201288,"TensorFlow, Python, PyTorch, Machine Learning, AWS",On-site,Oct,123,Build AI systems using deep learning and generative AI technologies.
11981,ML Engineer,TechNova,Startup,India,Senior,Master's,74937,"Machine Learning, TensorFlow, AWS",Hybrid,Nov,245,Deploy and optimize machine learning models in production.
11982,AI Engineer,TechNova,Startup,India,Entry,Master's,60070,"Python, Machine Learning, AWS, PyTorch, TensorFlow",Hybrid,Nov,388,Build AI systems using deep learning and generative AI technologies.
11983,Data Analyst,TechNova,Startup,Canada,Entry,Bachelor's,51730,"Excel, Python, SQL, Power BI, Tableau",Hybrid,May,255,Analyze business data and create reports and dashboards.
11984,Data Engineer,NextGen AI,Startup,Germany,Entry,Master's,105215,"Python, AWS, SQL",Remote,Jul,369,Design and maintain data pipelines and data warehouses.
11985,BI Developer,Analytica,Enterprise,India,Mid,Master's,44742,"SQL, Excel, Power BI, DAX",Remote,Oct,273,Develop interactive dashboards and business intelligence solutions.
11986,Data Engineer,NextGen AI,Startup,Germany,Mid,Bachelor's,148655,"AWS, SQL, Spark, Python",Remote,Oct,73,Design and maintain data pipelines and data warehouses.
11987,Data Engineer,Analytica,Enterprise,Australia,Senior,PhD,190771,"SQL, Spark, Python, AWS",Hybrid,Feb,141,Design and maintain data pipelines and data warehouses.
11988,Data Scientist,TechNova,Startup,Singapore,Entry,Bachelor's,69996,"TensorFlow, PyTorch, SQL",Remote,Oct,372,Build predictive models and perform advanced analytics.
11989,BI Developer,ByteWorks,Startup,Canada,Mid,Bachelor's,63566,"Power BI, SQL, DAX, Excel",Hybrid,Jul,189,Develop interactive dashboards and business intelligence solutions.
11990,Data Scientist,InnoSoft,Enterprise,India,Mid,Bachelor's,74909,"TensorFlow, PyTorch, Machine Learning, SQL, Python",Remote,Jan,256,Build predictive models and perform advanced analytics.
11991,AI Engineer,NextGen AI,Startup,India,Entry,Bachelor's,70901,"TensorFlow, AWS, Machine Learning, PyTorch",On-site,May,359,Build AI systems using deep learning and generative AI technologies.
11992,BI Developer,DataSphere,Medium,Singapore,Entry,Bachelor's,51311,"DAX, Power BI, Excel, SQL",Remote,Jan,273,Develop interactive dashboards and business intelligence solutions.
11993,AI Engineer,Analytica,Enterprise,Australia,Entry,Bachelor's,81902,"Python, AWS, Machine Learning",On-site,Aug,431,Build AI systems using deep learning and generative AI technologies.
11994,AI Engineer,Analytica,Enterprise,Germany,Mid,Master's,118347,"PyTorch, TensorFlow, AWS, Python, Machine Learning",On-site,Apr,80,Build AI systems using deep learning and generative AI technologies.
11995,Data Analyst,TechNova,Startup,India,Mid,Bachelor's,28369,"DAX, Excel, SQL",Remote,May,146,Analyze business data and create reports and dashboards.
11996,ML Engineer,Insight Corp,Enterprise,Germany,Entry,Master's,82613,"AWS, Machine Learning, Python, TensorFlow, PyTorch",On-site,Feb,362,Deploy and optimize machine learning models in production.
11997,Data Scientist,CloudMatrix,Medium,Singapore,Mid,Bachelor's,137580,"SQL, TensorFlow, Python, Machine Learning",Hybrid,Apr,247,Build predictive models and perform advanced analytics.
11998,BI Developer,Insight Corp,Enterprise,India,Entry,Master's,33312,"Excel, DAX, Power BI, SQL",On-site,Oct,315,Develop interactive dashboards and business intelligence solutions.
11999,Business Analyst,InnoSoft,Enterprise,USA,Senior,PhD,71961,"Excel, SQL, Tableau, Power BI",Remote,Aug,244,Gather requirements and improve business processes through data insights.
12000,ML Engineer,NextGen AI,Startup,Germany,Entry,Bachelor's,89949,"Python, Machine Learning, TensorFlow, AWS, PyTorch",On-site,Feb,361,Deploy and optimize machine learning models in production.
12001,Data Scientist,InnoSoft,Enterprise,Germany,Entry,Master's,122444,"PyTorch, Machine Learning, TensorFlow, SQL, Python",Hybrid,Oct,192,Build predictive models and perform advanced analytics.
12002,Data Scientist,NextGen AI,Startup,USA,Entry,Master's,136532,"PyTorch, Machine Learning, Python",Hybrid,Oct,330,Build predictive models and perform advanced analytics.
12003,Data Scientist,Analytica,Enterprise,UK,Entry,Bachelor's,92744,"PyTorch, SQL, TensorFlow, Machine Learning, Python",On-site,Mar,310,Build predictive models and perform advanced analytics.
12004,Data Analyst,NextGen AI,Startup,India,Senior,Master's,55749,"Power BI, Excel, SQL, Tableau",On-site,May,294,Analyze business data and create reports and dashboards.
12005,Data Scientist,CloudMatrix,Medium,Canada,Senior,Master's,124869,"TensorFlow, Python, SQL",Hybrid,Dec,234,Build predictive models and perform advanced analytics.
12006,ML Engineer,InnoSoft,Enterprise,India,Mid,Master's,51471,"Python, PyTorch, Machine Learning, AWS",Hybrid,May,160,Deploy and optimize machine learning models in production.
12007,Business Analyst,InnoSoft,Enterprise,Germany,Senior,PhD,95408,"SQL, Excel, Tableau",Remote,Nov,216,Gather requirements and improve business processes through data insights.
12008,Business Analyst,ByteWorks,Startup,UK,Mid,Bachelor's,59801,"Excel, Power BI, Tableau",Remote,Sep,53,Gather requirements and improve business processes through data insights.
12009,AI Engineer,NextGen AI,Startup,India,Mid,Master's,89039,"Machine Learning, Python, AWS, PyTorch",Remote,Dec,222,Build AI systems using deep learning and generative AI technologies.
12010,BI Developer,DataSphere,Medium,Canada,Mid,Master's,94913,"SQL, DAX, Excel, Power BI",Remote,Dec,243,Develop interactive dashboards and business intelligence solutions.
12011,Business Analyst,Analytica,Enterprise,Germany,Mid,Bachelor's,62874,"Excel, Power BI, Tableau",Hybrid,Mar,247,Gather requirements and improve business processes through data insights.
12012,ML Engineer,ByteWorks,Startup,UK,Entry,Bachelor's,143984,"AWS, Python, TensorFlow, Machine Learning",On-site,Feb,344,Deploy and optimize machine learning models in production.
12013,Data Analyst,CloudMatrix,Medium,Singapore,Mid,Master's,69942,"Python, Tableau, Power BI",On-site,Apr,222,Analyze business data and create reports and dashboards.
12014,Data Engineer,Analytica,Enterprise,UK,Mid,Bachelor's,104945,"Spark, Python, SQL",Hybrid,Aug,74,Design and maintain data pipelines and data warehouses.
12015,Data Scientist,CloudMatrix,Medium,Singapore,Entry,Bachelor's,79430,"Python, SQL, Machine Learning, TensorFlow, PyTorch",Hybrid,Jul,377,Build predictive models and perform advanced analytics.
12016,Business Analyst,ByteWorks,Startup,UK,Mid,Master's,71359,"Tableau, Power BI, Excel, SQL",Remote,Mar,56,Gather requirements and improve business processes through data insights.
12017,Data Engineer,InnoSoft,Enterprise,USA,Mid,Master's,165016,"Python, Spark, AWS, SQL",Hybrid,Feb,163,Design and maintain data pipelines and data warehouses.
12018,Data Scientist,CloudMatrix,Medium,USA,Entry,Master's,70088,"TensorFlow, Python, SQL",Hybrid,Jun,342,Build predictive models and perform advanced analytics.
12019,Data Engineer,Analytica,Enterprise,Germany,Mid,Master's,148345,"AWS, SQL, Python, Spark",On-site,Dec,132,Design and maintain data pipelines and data warehouses.
12020,Data Engineer,TechNova,Startup,Canada,Entry,Bachelor's,71819,"Python, SQL, Spark, AWS",Remote,Oct,405,Design and maintain data pipelines and data warehouses.
12021,Data Analyst,InnoSoft,Enterprise,UK,Senior,Master's,98064,"Tableau, DAX, Power BI",Hybrid,Nov,151,Analyze business data and create reports and dashboards.
12022,Data Analyst,Insight Corp,Enterprise,UK,Mid,Master's,54759,"Python, Tableau, SQL",Hybrid,May,216,Analyze business data and create reports and dashboards.
12023,Data Engineer,InnoSoft,Enterprise,UK,Senior,Master's,200724,"SQL, Spark, Python",Hybrid,Oct,139,Design and maintain data pipelines and data warehouses.
12024,Business Analyst,TechNova,Startup,India,Entry,Bachelor's,22421,"Excel, SQL, Power BI, Tableau",Hybrid,Jul,298,Gather requirements and improve business processes through data insights.
12025,ML Engineer,CloudMatrix,Medium,USA,Senior,PhD,169984,"Machine Learning, TensorFlow, Python, PyTorch",On-site,Mar,108,Deploy and optimize machine learning models in production.
12026,Data Analyst,TechNova,Startup,Australia,Senior,PhD,83255,"SQL, Power BI, Tableau, Python",On-site,Dec,55,Analyze business data and create reports and dashboards.
12027,AI Engineer,Analytica,Enterprise,Canada,Entry,Master's,108617,"Python, PyTorch, TensorFlow, AWS, Machine Learning",Hybrid,Nov,239,Build AI systems using deep learning and generative AI technologies.
12028,AI Engineer,Analytica,Enterprise,Canada,Entry,Master's,118883,"PyTorch, Machine Learning, TensorFlow, Python",On-site,Jun,414,Build AI systems using deep learning and generative AI technologies.
12029,ML Engineer,DataSphere,Medium,Canada,Entry,Bachelor's,120059,"PyTorch, TensorFlow, Machine Learning, AWS",Hybrid,May,427,Deploy and optimize machine learning models in production.
12030,Data Engineer,NextGen AI,Startup,Singapore,Senior,PhD,184362,"SQL, AWS, Spark, Python",Hybrid,Jul,217,Design and maintain data pipelines and data warehouses.
12031,AI Engineer,Insight Corp,Enterprise,UK,Entry,Bachelor's,99196,"AWS, Python, PyTorch, TensorFlow, Machine Learning",Hybrid,Nov,274,Build AI systems using deep learning and generative AI technologies.
12032,Data Scientist,NextGen AI,Startup,Singapore,Senior,Master's,156569,"SQL, TensorFlow, PyTorch, Python, Machine Learning",Remote,Dec,126,Build predictive models and perform advanced analytics.
12033,AI Engineer,Insight Corp,Enterprise,Canada,Mid,Master's,145923,"Machine Learning, PyTorch, TensorFlow",Remote,Mar,234,Build AI systems using deep learning and generative AI technologies.
12034,ML Engineer,TechNova,Startup,India,Mid,Master's,68482,"Machine Learning, Python, PyTorch",Hybrid,Aug,241,Deploy and optimize machine learning models in production.
12035,Business Analyst,Analytica,Enterprise,USA,Senior,PhD,97001,"Excel, Tableau, Power BI, SQL",Hybrid,Mar,119,Gather requirements and improve business processes through data insights.
12036,BI Developer,CloudMatrix,Medium,India,Entry,Master's,26411,"Power BI, DAX, SQL",On-site,Apr,415,Develop interactive dashboards and business intelligence solutions.
12037,BI Developer,NextGen AI,Startup,India,Entry,Bachelor's,36183,"Power BI, SQL, Excel, DAX",Hybrid,Feb,517,Develop interactive dashboards and business intelligence solutions.
12038,AI Engineer,DataSphere,Medium,India,Entry,Master's,61296,"AWS, PyTorch, Python",On-site,May,389,Build AI systems using deep learning and generative AI technologies.
12039,Business Analyst,ByteWorks,Startup,Australia,Mid,Bachelor's,58504,"Excel, Power BI, SQL, Tableau",Remote,Sep,220,Gather requirements and improve business processes through data insights.
12040,Business Analyst,CloudMatrix,Medium,Canada,Entry,Bachelor's,38470,"Excel, Power BI, Tableau, SQL",On-site,Feb,326,Gather requirements and improve business processes through data insights.
12041,Data Scientist,Insight Corp,Enterprise,Canada,Senior,Master's,150934,"SQL, Python, Machine Learning, PyTorch, TensorFlow",Hybrid,Sep,243,Build predictive models and perform advanced analytics.
12042,AI Engineer,DataSphere,Medium,Germany,Mid,Master's,137737,"TensorFlow, Python, PyTorch",Remote,Aug,163,Build AI systems using deep learning and generative AI technologies.
12043,BI Developer,ByteWorks,Startup,Singapore,Mid,Master's,72354,"Power BI, Excel, SQL",Hybrid,Sep,244,Develop interactive dashboards and business intelligence solutions.
12044,Data Analyst,Analytica,Enterprise,Germany,Entry,Bachelor's,43992,"Power BI, SQL, Python, DAX, Tableau",Remote,Jul,404,Analyze business data and create reports and dashboards.
12045,ML Engineer,Analytica,Enterprise,India,Entry,Bachelor's,40166,"Machine Learning, TensorFlow, Python, AWS, PyTorch",Hybrid,Nov,558,Deploy and optimize machine learning models in production.
12046,AI Engineer,DataSphere,Medium,USA,Senior,PhD,189153,"Machine Learning, Python, TensorFlow, PyTorch, AWS",On-site,Nov,121,Build AI systems using deep learning and generative AI technologies.
12047,Business Analyst,TechNova,Startup,USA,Entry,Bachelor's,55878,"SQL, Power BI, Excel, Tableau",Hybrid,Apr,328,Gather requirements and improve business processes through data insights.
12048,BI Developer,InnoSoft,Enterprise,Germany,Entry,Bachelor's,66887,"SQL, Excel, Power BI, DAX",Hybrid,Dec,359,Develop interactive dashboards and business intelligence solutions.
12049,BI Developer,Insight Corp,Enterprise,USA,Senior,Master's,134665,"Power BI, Excel, DAX, SQL",Remote,Jan,231,Develop interactive dashboards and business intelligence solutions.
12050,ML Engineer,InnoSoft,Enterprise,Singapore,Senior,Master's,225587,"Python, PyTorch, Machine Learning, TensorFlow, AWS",Remote,Nov,173,Deploy and optimize machine learning models in production.
12051,Data Scientist,InnoSoft,Enterprise,Germany,Senior,Master's,164921,"Machine Learning, Python, PyTorch",On-site,Nov,66,Build predictive models and perform advanced analytics.
12052,Data Engineer,DataSphere,Medium,Singapore,Entry,Master's,133934,"SQL, Python, Spark",On-site,Oct,333,Design and maintain data pipelines and data warehouses.
12053,Data Analyst,CloudMatrix,Medium,Germany,Entry,Master's,67661,"Excel, SQL, Power BI",Remote,Jan,384,Analyze business data and create reports and dashboards.
12054,Data Scientist,Insight Corp,Enterprise,Canada,Senior,Master's,109633,"TensorFlow, PyTorch, Machine Learning",On-site,Jan,145,Build predictive models and perform advanced analytics.
12055,AI Engineer,InnoSoft,Enterprise,India,Entry,Bachelor's,62752,"Machine Learning, Python, AWS, TensorFlow, PyTorch",Hybrid,Mar,554,Build AI systems using deep learning and generative AI technologies.
12056,Data Engineer,CloudMatrix,Medium,UK,Entry,Master's,114284,"Spark, Python, AWS",Hybrid,Jul,222,Design and maintain data pipelines and data warehouses.
12057,ML Engineer,Analytica,Enterprise,Singapore,Entry,Bachelor's,89317,"Machine Learning, Python, AWS, PyTorch",Remote,Sep,324,Deploy and optimize machine learning models in production.
12058,ML Engineer,InnoSoft,Enterprise,Germany,Entry,Bachelor's,82216,"PyTorch, AWS, Python",Remote,Sep,422,Deploy and optimize machine learning models in production.
12059,BI Developer,InnoSoft,Enterprise,USA,Entry,Bachelor's,65402,"Power BI, SQL, DAX",Remote,Nov,427,Develop interactive dashboards and business intelligence solutions.
12060,Data Scientist,DataSphere,Medium,Singapore,Mid,Master's,147107,"Machine Learning, Python, TensorFlow",Hybrid,Apr,106,Build predictive models and perform advanced analytics.
12061,ML Engineer,ByteWorks,Startup,UK,Entry,Bachelor's,136694,"AWS, TensorFlow, Python, PyTorch",Hybrid,Jun,379,Deploy and optimize machine learning models in production.
12062,Business Analyst,DataSphere,Medium,Canada,Mid,Bachelor's,49443,"Excel, SQL, Tableau, Power BI",Remote,May,249,Gather requirements and improve business processes through data insights.
12063,Data Engineer,CloudMatrix,Medium,Australia,Mid,Master's,162987,"SQL, AWS, Python",Remote,Feb,205,Design and maintain data pipelines and data warehouses.
12064,AI Engineer,DataSphere,Medium,Australia,Mid,Master's,113119,"PyTorch, Machine Learning, TensorFlow, AWS, Python",Remote,Mar,209,Build AI systems using deep learning and generative AI technologies.
12065,Data Engineer,ByteWorks,Startup,Canada,Entry,Bachelor's,76549,"Python, AWS, SQL, Spark",Hybrid,Dec,350,Design and maintain data pipelines and data warehouses.
12066,AI Engineer,ByteWorks,Startup,Australia,Entry,Master's,131211,"TensorFlow, AWS, Machine Learning",Hybrid,Sep,360,Build AI systems using deep learning and generative AI technologies.
12067,Business Analyst,TechNova,Startup,Canada,Entry,Bachelor's,45556,"Tableau, Power BI, SQL, Excel",Remote,Dec,292,Gather requirements and improve business processes through data insights.
12068,Business Analyst,NextGen AI,Startup,Singapore,Mid,Master's,69966,"Power BI, SQL, Tableau",Hybrid,Mar,220,Gather requirements and improve business processes through data insights.
12069,Data Scientist,ByteWorks,Startup,USA,Mid,Bachelor's,87638,"Python, SQL, Machine Learning",On-site,Nov,125,Build predictive models and perform advanced analytics.
12070,BI Developer,InnoSoft,Enterprise,Singapore,Mid,Master's,88526,"SQL, DAX, Power BI",Remote,Apr,97,Develop interactive dashboards and business intelligence solutions.
12071,Data Scientist,Insight Corp,Enterprise,Germany,Entry,Bachelor's,92520,"SQL, PyTorch, Python, TensorFlow, Machine Learning",Hybrid,Jan,329,Build predictive models and perform advanced analytics.
12072,Data Analyst,Insight Corp,Enterprise,UK,Entry,Bachelor's,53937,"Excel, Tableau, SQL",Hybrid,Dec,310,Analyze business data and create reports and dashboards.
12073,Data Engineer,DataSphere,Medium,Singapore,Mid,Master's,164170,"SQL, AWS, Python, Spark",Hybrid,Jan,64,Design and maintain data pipelines and data warehouses.
12074,Data Scientist,InnoSoft,Enterprise,UK,Entry,Bachelor's,116280,"SQL, Python, TensorFlow, PyTorch",Hybrid,Feb,225,Build predictive models and perform advanced analytics.
12075,Data Engineer,DataSphere,Medium,Germany,Mid,Master's,143427,"Spark, AWS, SQL, Python",Remote,May,216,Design and maintain data pipelines and data warehouses.
12076,Data Engineer,Analytica,Enterprise,UK,Mid,Bachelor's,130929,"Python, SQL, AWS",On-site,May,91,Design and maintain data pipelines and data warehouses.
12077,Data Engineer,ByteWorks,Startup,Australia,Entry,Master's,116750,"Python, AWS, SQL, Spark",Hybrid,Apr,373,Design and maintain data pipelines and data warehouses.
12078,ML Engineer,CloudMatrix,Medium,Germany,Senior,PhD,140276,"TensorFlow, AWS, Machine Learning",Remote,Aug,154,Deploy and optimize machine learning models in production.
12079,AI Engineer,InnoSoft,Enterprise,Singapore,Senior,Master's,219363,"Machine Learning, AWS, Python, TensorFlow",Hybrid,Feb,76,Build AI systems using deep learning and generative AI technologies.
12080,Data Engineer,NextGen AI,Startup,UK,Senior,Master's,118107,"Python, AWS, Spark",Hybrid,Aug,150,Design and maintain data pipelines and data warehouses.
12081,Data Analyst,ByteWorks,Startup,Germany,Entry,Master's,50629,"SQL, Power BI, Python, Tableau, Excel",Remote,Oct,278,Analyze business data and create reports and dashboards.
12082,AI Engineer,CloudMatrix,Medium,Canada,Mid,Bachelor's,101947,"TensorFlow, AWS, PyTorch",Hybrid,Oct,129,Build AI systems using deep learning and generative AI technologies.
12083,BI Developer,Insight Corp,Enterprise,Canada,Mid,Master's,76305,"Excel, SQL, DAX, Power BI",Remote,May,178,Develop interactive dashboards and business intelligence solutions.
12084,ML Engineer,NextGen AI,Startup,UK,Mid,Bachelor's,117078,"Python, AWS, TensorFlow, Machine Learning",On-site,Jun,132,Deploy and optimize machine learning models in production.
12085,Data Engineer,DataSphere,Medium,Singapore,Mid,Bachelor's,128606,"Python, Spark, AWS",On-site,Jul,176,Design and maintain data pipelines and data warehouses.
12086,AI Engineer,TechNova,Startup,India,Mid,Master's,79759,"PyTorch, Python, AWS, TensorFlow",Hybrid,Apr,232,Build AI systems using deep learning and generative AI technologies.
12087,Data Analyst,CloudMatrix,Medium,Germany,Entry,Bachelor's,43609,"Tableau, Power BI, Excel, DAX",Remote,Nov,366,Analyze business data and create reports and dashboards.
12088,Data Engineer,ByteWorks,Startup,Singapore,Mid,Bachelor's,145462,"Spark, AWS, Python",Hybrid,Dec,198,Design and maintain data pipelines and data warehouses.
12089,Data Analyst,Analytica,Enterprise,Germany,Mid,Bachelor's,64498,"Power BI, DAX, Python",Hybrid,Apr,134,Analyze business data and create reports and dashboards.
12090,Business Analyst,Analytica,Enterprise,USA,Senior,PhD,111481,"Excel, SQL, Tableau",Hybrid,Jan,57,Gather requirements and improve business processes through data insights.
12091,ML Engineer,InnoSoft,Enterprise,Canada,Entry,Bachelor's,91373,"Python, TensorFlow, Machine Learning, AWS",Hybrid,Mar,358,Deploy and optimize machine learning models in production.
12092,ML Engineer,NextGen AI,Startup,Germany,Entry,Master's,78200,"PyTorch, Machine Learning, Python, TensorFlow",Remote,Mar,313,Deploy and optimize machine learning models in production.
12093,ML Engineer,TechNova,Startup,USA,Mid,Bachelor's,146332,"Machine Learning, PyTorch, TensorFlow, AWS, Python",Hybrid,Feb,243,Deploy and optimize machine learning models in production.
12094,ML Engineer,ByteWorks,Startup,Singapore,Entry,Bachelor's,122632,"PyTorch, Python, TensorFlow, Machine Learning, AWS",Remote,Oct,326,Deploy and optimize machine learning models in production.
12095,Data Engineer,DataSphere,Medium,USA,Mid,Bachelor's,146165,"Spark, SQL, Python",On-site,Sep,129,Design and maintain data pipelines and data warehouses.
12096,AI Engineer,InnoSoft,Enterprise,Germany,Senior,Master's,142924,"AWS, PyTorch, Machine Learning, TensorFlow",Hybrid,Dec,56,Build AI systems using deep learning and generative AI technologies.
12097,Data Engineer,InnoSoft,Enterprise,India,Mid,Bachelor's,55053,"AWS, Spark, SQL, Python",Hybrid,Oct,222,Design and maintain data pipelines and data warehouses.
12098,BI Developer,NextGen AI,Startup,USA,Mid,Bachelor's,70140,"Power BI, DAX, SQL",Remote,May,195,Develop interactive dashboards and business intelligence solutions.
12099,Business Analyst,Insight Corp,Enterprise,Singapore,Mid,Master's,59079,"SQL, Power BI, Excel, Tableau",Remote,Apr,125,Gather requirements and improve business processes through data insights.
12100,Business Analyst,Insight Corp,Enterprise,Singapore,Mid,Master's,65405,"Power BI, Excel, SQL, Tableau",Remote,Dec,110,Gather requirements and improve business processes through data insights.
12101,Data Analyst,ByteWorks,Startup,Australia,Senior,PhD,91975,"Tableau, SQL, Power BI, Excel, Python",Remote,Jun,94,Analyze business data and create reports and dashboards.
12102,Data Analyst,Analytica,Enterprise,Canada,Entry,Master's,39458,"DAX, Tableau, Excel, Power BI, SQL",Remote,Nov,385,Analyze business data and create reports and dashboards.
12103,AI Engineer,TechNova,Startup,USA,Mid,Master's,211631,"PyTorch, Python, TensorFlow",Remote,Jun,158,Build AI systems using deep learning and generative AI technologies.
12104,Data Analyst,Insight Corp,Enterprise,Germany,Entry,Bachelor's,71349,"Tableau, Excel, DAX, Python, SQL",Remote,May,202,Analyze business data and create reports and dashboards.
12105,BI Developer,ByteWorks,Startup,Singapore,Entry,Bachelor's,74497,"DAX, Power BI, SQL, Excel",Hybrid,Aug,375,Develop interactive dashboards and business intelligence solutions.
12106,ML Engineer,TechNova,Startup,Australia,Senior,Master's,204168,"Machine Learning, AWS, Python, PyTorch",Remote,Apr,199,Deploy and optimize machine learning models in production.
12107,AI Engineer,Insight Corp,Enterprise,Australia,Senior,Master's,214162,"PyTorch, AWS, TensorFlow, Machine Learning",Remote,Nov,76,Build AI systems using deep learning and generative AI technologies.
12108,BI Developer,DataSphere,Medium,UK,Mid,Bachelor's,87390,"Excel, DAX, Power BI, SQL",Hybrid,Apr,55,Develop interactive dashboards and business intelligence solutions.
12109,BI Developer,NextGen AI,Startup,Canada,Mid,Master's,83410,"DAX, Power BI, SQL",Hybrid,Jul,197,Develop interactive dashboards and business intelligence solutions.
12110,Data Scientist,NextGen AI,Startup,Germany,Entry,Master's,68373,"SQL, Python, Machine Learning, PyTorch, TensorFlow",On-site,Feb,251,Build predictive models and perform advanced analytics.
12111,BI Developer,TechNova,Startup,Australia,Entry,Master's,48285,"Excel, Power BI, SQL, DAX",Hybrid,Sep,385,Develop interactive dashboards and business intelligence solutions.
12112,AI Engineer,DataSphere,Medium,Singapore,Mid,Bachelor's,145688,"TensorFlow, AWS, PyTorch, Python, Machine Learning",Hybrid,Jun,182,Build AI systems using deep learning and generative AI technologies.
12113,Data Engineer,CloudMatrix,Medium,USA,Entry,Master's,86086,"AWS, Spark, SQL",On-site,Feb,175,Design and maintain data pipelines and data warehouses.
12114,AI Engineer,NextGen AI,Startup,India,Mid,Bachelor's,87762,"AWS, Machine Learning, TensorFlow, PyTorch, Python",On-site,Apr,212,Build AI systems using deep learning and generative AI technologies.
12115,Data Scientist,CloudMatrix,Medium,Germany,Entry,Master's,85920,"TensorFlow, Machine Learning, PyTorch, SQL",Remote,Sep,449,Build predictive models and perform advanced analytics.
12116,AI Engineer,ByteWorks,Startup,Singapore,Mid,Master's,144946,"TensorFlow, Machine Learning, Python",Remote,Aug,109,Build AI systems using deep learning and generative AI technologies.
12117,ML Engineer,ByteWorks,Startup,India,Mid,Master's,51337,"PyTorch, Machine Learning, TensorFlow, AWS",On-site,Jul,242,Deploy and optimize machine learning models in production.
12118,Business Analyst,ByteWorks,Startup,USA,Entry,Master's,65717,"Tableau, SQL, Power BI",Remote,Jun,400,Gather requirements and improve business processes through data insights.
12119,Data Engineer,Insight Corp,Enterprise,Singapore,Entry,Master's,101062,"Spark, Python, SQL",Hybrid,May,351,Design and maintain data pipelines and data warehouses.
12120,AI Engineer,TechNova,Startup,Australia,Mid,Bachelor's,171468,"AWS, PyTorch, Python, TensorFlow, Machine Learning",Hybrid,Aug,149,Build AI systems using deep learning and generative AI technologies.
12121,Data Scientist,Analytica,Enterprise,Canada,Entry,Bachelor's,109094,"TensorFlow, SQL, Python",Remote,Jan,290,Build predictive models and perform advanced analytics.
12122,Data Engineer,TechNova,Startup,Australia,Entry,Bachelor's,72986,"Spark, SQL, AWS, Python",Hybrid,Dec,367,Design and maintain data pipelines and data warehouses.
12123,BI Developer,Insight Corp,Enterprise,Canada,Entry,Master's,61079,"Power BI, SQL, DAX, Excel",Hybrid,Jan,425,Develop interactive dashboards and business intelligence solutions.
12124,ML Engineer,TechNova,Startup,Australia,Senior,PhD,171515,"Python, Machine Learning, AWS, PyTorch, TensorFlow",Remote,Jul,169,Deploy and optimize machine learning models in production.
12125,Data Analyst,DataSphere,Medium,UK,Mid,Bachelor's,87626,"Excel, Python, Tableau, DAX",Hybrid,Nov,195,Analyze business data and create reports and dashboards.
12126,BI Developer,NextGen AI,Startup,Singapore,Senior,Master's,103560,"DAX, Power BI, Excel, SQL",Hybrid,Sep,152,Develop interactive dashboards and business intelligence solutions.
12127,ML Engineer,ByteWorks,Startup,UK,Mid,Bachelor's,95632,"Machine Learning, AWS, TensorFlow, PyTorch, Python",Hybrid,Dec,121,Deploy and optimize machine learning models in production.
12128,BI Developer,InnoSoft,Enterprise,Canada,Mid,Bachelor's,94931,"SQL, Power BI, Excel, DAX",Hybrid,Jan,200,Develop interactive dashboards and business intelligence solutions.
12129,ML Engineer,InnoSoft,Enterprise,UK,Mid,Bachelor's,168818,"PyTorch, Machine Learning, TensorFlow",On-site,Oct,158,Deploy and optimize machine learning models in production.
12130,Data Engineer,ByteWorks,Startup,USA,Senior,PhD,134068,"SQL, Python, AWS",Remote,Jan,114,Design and maintain data pipelines and data warehouses.
12131,BI Developer,Analytica,Enterprise,Canada,Mid,Bachelor's,70088,"DAX, Power BI, Excel",Hybrid,May,104,Develop interactive dashboards and business intelligence solutions.
12132,Data Scientist,Insight Corp,Enterprise,Australia,Entry,Bachelor's,78122,"TensorFlow, Python, SQL, PyTorch",Remote,Sep,198,Build predictive models and perform advanced analytics.
12133,Data Scientist,NextGen AI,Startup,Australia,Entry,Bachelor's,72683,"SQL, TensorFlow, Python, PyTorch",Hybrid,Apr,391,Build predictive models and perform advanced analytics.
12134,BI Developer,DataSphere,Medium,UK,Mid,Bachelor's,56887,"Power BI, Excel, DAX, SQL",Hybrid,Jun,86,Develop interactive dashboards and business intelligence solutions.
12135,Business Analyst,CloudMatrix,Medium,Singapore,Entry,Bachelor's,45404,"Excel, Power BI, SQL, Tableau",Hybrid,Sep,415,Gather requirements and improve business processes through data insights.
12136,Data Scientist,CloudMatrix,Medium,Canada,Senior,Master's,114914,"Machine Learning, PyTorch, TensorFlow, Python, SQL",Hybrid,May,146,Build predictive models and perform advanced analytics.
12137,Data Engineer,DataSphere,Medium,UK,Senior,Master's,115747,"Python, SQL, Spark",Remote,May,237,Design and maintain data pipelines and data warehouses.
12138,Business Analyst,InnoSoft,Enterprise,Canada,Senior,Master's,63560,"Tableau, Power BI, Excel, SQL",Hybrid,Mar,226,Gather requirements and improve business processes through data insights.
12139,Data Analyst,CloudMatrix,Medium,USA,Mid,Bachelor's,72076,"Excel, Power BI, Python",Remote,Apr,125,Analyze business data and create reports and dashboards.
12140,Data Analyst,CloudMatrix,Medium,Singapore,Entry,Master's,54938,"SQL, Python, Excel",Remote,Jan,179,Analyze business data and create reports and dashboards.
12141,Data Scientist,Analytica,Enterprise,UK,Entry,Master's,74773,"TensorFlow, PyTorch, Machine Learning, SQL, Python",Hybrid,Apr,266,Build predictive models and perform advanced analytics.
12142,ML Engineer,Insight Corp,Enterprise,Canada,Senior,PhD,169714,"TensorFlow, Python, AWS, Machine Learning, PyTorch",On-site,Mar,80,Deploy and optimize machine learning models in production.
12143,Data Analyst,ByteWorks,Startup,Canada,Mid,Bachelor's,54982,"DAX, Power BI, Tableau",Hybrid,Jan,55,Analyze business data and create reports and dashboards.
12144,Data Analyst,InnoSoft,Enterprise,USA,Mid,Master's,67226,"SQL, Power BI, DAX, Python, Excel",Remote,Jun,239,Analyze business data and create reports and dashboards.
12145,ML Engineer,ByteWorks,Startup,USA,Mid,Master's,168677,"TensorFlow, Python, PyTorch, AWS",Hybrid,Aug,208,Deploy and optimize machine learning models in production.
12146,Data Engineer,DataSphere,Medium,Singapore,Entry,Master's,114241,"Spark, SQL, Python, AWS",Remote,Jan,353,Design and maintain data pipelines and data warehouses.
12147,ML Engineer,NextGen AI,Startup,USA,Entry,Bachelor's,91111,"Machine Learning, PyTorch, AWS, TensorFlow",On-site,May,433,Deploy and optimize machine learning models in production.
12148,AI Engineer,NextGen AI,Startup,UK,Mid,Bachelor's,119253,"PyTorch, Machine Learning, Python",Hybrid,Jun,87,Build AI systems using deep learning and generative AI technologies.
12149,ML Engineer,TechNova,Startup,Singapore,Senior,Master's,232003,"Python, PyTorch, AWS, Machine Learning",Remote,Mar,152,Deploy and optimize machine learning models in production.
12150,BI Developer,TechNova,Startup,Germany,Mid,Bachelor's,78400,"DAX, SQL, Excel, Power BI",Remote,Nov,172,Develop interactive dashboards and business intelligence solutions.
12151,Data Engineer,CloudMatrix,Medium,Germany,Entry,Bachelor's,98121,"Spark, AWS, SQL, Python",Remote,Apr,211,Design and maintain data pipelines and data warehouses.
12152,Data Engineer,Analytica,Enterprise,UK,Mid,Bachelor's,159643,"Spark, SQL, Python, AWS",Hybrid,Jul,163,Design and maintain data pipelines and data warehouses.
12153,ML Engineer,TechNova,Startup,Germany,Mid,Master's,115980,"Python, TensorFlow, PyTorch",Remote,Jan,201,Deploy and optimize machine learning models in production.
12154,BI Developer,Analytica,Enterprise,Australia,Mid,Master's,89221,"SQL, Excel, DAX, Power BI",On-site,Feb,70,Develop interactive dashboards and business intelligence solutions.
12155,AI Engineer,Insight Corp,Enterprise,Australia,Senior,PhD,240366,"Machine Learning, TensorFlow, PyTorch",Remote,May,245,Build AI systems using deep learning and generative AI technologies.
12156,Data Analyst,DataSphere,Medium,Canada,Mid,Master's,51139,"SQL, Tableau, DAX, Excel",Remote,Feb,142,Analyze business data and create reports and dashboards.
12157,ML Engineer,ByteWorks,Startup,Germany,Entry,Master's,83140,"AWS, Machine Learning, Python",Hybrid,Sep,378,Deploy and optimize machine learning models in production.
12158,AI Engineer,ByteWorks,Startup,Australia,Mid,Bachelor's,162276,"TensorFlow, Machine Learning, AWS, Python, PyTorch",Hybrid,Dec,134,Build AI systems using deep learning and generative AI technologies.
12159,Data Engineer,TechNova,Startup,Australia,Mid,Master's,162075,"SQL, Python, AWS, Spark",Remote,Sep,105,Design and maintain data pipelines and data warehouses.
12160,ML Engineer,Insight Corp,Enterprise,Singapore,Senior,PhD,213354,"AWS, Python, PyTorch, TensorFlow, Machine Learning",On-site,Sep,174,Deploy and optimize machine learning models in production.
12161,Business Analyst,Analytica,Enterprise,Canada,Mid,Bachelor's,65161,"Excel, Tableau, SQL",Hybrid,Feb,197,Gather requirements and improve business processes through data insights.
12162,Data Scientist,CloudMatrix,Medium,Canada,Mid,Bachelor's,120297,"PyTorch, SQL, Machine Learning, TensorFlow, Python",Hybrid,Nov,203,Build predictive models and perform advanced analytics.
12163,Data Analyst,Insight Corp,Enterprise,UK,Entry,Master's,49729,"DAX, Python, Power BI",Remote,May,372,Analyze business data and create reports and dashboards.
12164,BI Developer,NextGen AI,Startup,Canada,Mid,Master's,77885,"Excel, Power BI, SQL, DAX",Remote,Sep,131,Develop interactive dashboards and business intelligence solutions.
12165,Data Engineer,ByteWorks,Startup,USA,Senior,Master's,121664,"Spark, AWS, Python",Hybrid,Feb,62,Design and maintain data pipelines and data warehouses.
12166,Data Scientist,NextGen AI,Startup,Australia,Entry,Bachelor's,101607,"Machine Learning, TensorFlow, Python",Hybrid,Sep,418,Build predictive models and perform advanced analytics.
12167,BI Developer,NextGen AI,Startup,Canada,Mid,Bachelor's,94917,"SQL, DAX, Power BI, Excel",Hybrid,Feb,92,Develop interactive dashboards and business intelligence solutions.
12168,AI Engineer,TechNova,Startup,Canada,Entry,Bachelor's,99225,"PyTorch, TensorFlow, AWS",Hybrid,Jun,276,Build AI systems using deep learning and generative AI technologies.
12169,AI Engineer,ByteWorks,Startup,Germany,Senior,PhD,221323,"PyTorch, Machine Learning, TensorFlow, Python",On-site,Apr,76,Build AI systems using deep learning and generative AI technologies.
12170,Data Engineer,InnoSoft,Enterprise,Germany,Entry,Master's,119099,"SQL, AWS, Python, Spark",On-site,Dec,342,Design and maintain data pipelines and data warehouses.
12171,Business Analyst,ByteWorks,Startup,Singapore,Senior,PhD,90575,"SQL, Power BI, Tableau",Hybrid,Aug,209,Gather requirements and improve business processes through data insights.
12172,ML Engineer,InnoSoft,Enterprise,Australia,Mid,Bachelor's,101902,"PyTorch, TensorFlow, Machine Learning, Python",On-site,Nov,93,Deploy and optimize machine learning models in production.
12173,Data Scientist,Analytica,Enterprise,Canada,Senior,PhD,119934,"Machine Learning, SQL, PyTorch, Python",On-site,Jul,72,Build predictive models and perform advanced analytics.
12174,Data Scientist,Insight Corp,Enterprise,Canada,Mid,Bachelor's,74726,"SQL, TensorFlow, Python",Hybrid,Oct,164,Build predictive models and perform advanced analytics.
12175,Data Engineer,DataSphere,Medium,Germany,Mid,Bachelor's,138981,"Spark, SQL, Python, AWS",Remote,Jun,67,Design and maintain data pipelines and data warehouses.
12176,Business Analyst,DataSphere,Medium,Germany,Senior,PhD,74383,"Power BI, Tableau, SQL",On-site,Aug,183,Gather requirements and improve business processes through data insights.
12177,Data Scientist,ByteWorks,Startup,Canada,Entry,Bachelor's,95066,"TensorFlow, PyTorch, SQL, Machine Learning",Hybrid,Nov,308,Build predictive models and perform advanced analytics.
12178,AI Engineer,Insight Corp,Enterprise,USA,Senior,Master's,234577,"Python, PyTorch, TensorFlow, Machine Learning",Hybrid,Dec,187,Build AI systems using deep learning and generative AI technologies.
12179,Data Analyst,Insight Corp,Enterprise,Australia,Mid,Master's,54588,"SQL, Excel, Python, DAX, Power BI",Hybrid,Oct,174,Analyze business data and create reports and dashboards.
12180,Data Scientist,Analytica,Enterprise,India,Senior,PhD,54905,"TensorFlow, SQL, Machine Learning, Python, PyTorch",On-site,Apr,143,Build predictive models and perform advanced analytics.
12181,ML Engineer,DataSphere,Medium,Australia,Senior,PhD,171928,"TensorFlow, PyTorch, Machine Learning",Hybrid,Sep,227,Deploy and optimize machine learning models in production.
12182,BI Developer,ByteWorks,Startup,Canada,Entry,Bachelor's,61585,"DAX, Excel, Power BI, SQL",Remote,Oct,343,Develop interactive dashboards and business intelligence solutions.
12183,ML Engineer,CloudMatrix,Medium,USA,Entry,Master's,103948,"Machine Learning, Python, PyTorch, TensorFlow",On-site,Dec,380,Deploy and optimize machine learning models in production.
12184,Data Engineer,Insight Corp,Enterprise,Australia,Mid,Bachelor's,158335,"Python, AWS, SQL, Spark",Hybrid,Jul,75,Design and maintain data pipelines and data warehouses.
12185,Business Analyst,NextGen AI,Startup,USA,Mid,Master's,74735,"Tableau, Excel, SQL",Remote,Oct,163,Gather requirements and improve business processes through data insights.
12186,Data Scientist,DataSphere,Medium,Canada,Mid,Master's,142990,"Machine Learning, TensorFlow, Python, PyTorch, SQL",Hybrid,Jan,221,Build predictive models and perform advanced analytics.
12187,Data Engineer,NextGen AI,Startup,Germany,Senior,Master's,178374,"Python, SQL, AWS",On-site,Oct,232,Design and maintain data pipelines and data warehouses.
12188,AI Engineer,ByteWorks,Startup,India,Entry,Master's,67638,"AWS, Python, TensorFlow",On-site,Oct,380,Build AI systems using deep learning and generative AI technologies.
12189,AI Engineer,Insight Corp,Enterprise,UK,Entry,Bachelor's,145053,"PyTorch, Python, TensorFlow, AWS",On-site,Dec,305,Build AI systems using deep learning and generative AI technologies.
12190,AI Engineer,CloudMatrix,Medium,UK,Senior,Master's,174208,"AWS, Machine Learning, TensorFlow, Python, PyTorch",Hybrid,Jul,220,Build AI systems using deep learning and generative AI technologies.
12191,Data Scientist,NextGen AI,Startup,Canada,Senior,Master's,158667,"Python, SQL, PyTorch, Machine Learning",Hybrid,Mar,230,Build predictive models and perform advanced analytics.
12192,Data Engineer,NextGen AI,Startup,Canada,Mid,Bachelor's,109438,"SQL, Spark, Python",On-site,May,109,Design and maintain data pipelines and data warehouses.
12193,Business Analyst,TechNova,Startup,UK,Mid,Master's,67846,"SQL, Tableau, Power BI, Excel",Hybrid,Aug,92,Gather requirements and improve business processes through data insights.
12194,ML Engineer,ByteWorks,Startup,Germany,Mid,Bachelor's,104848,"TensorFlow, Python, PyTorch",Remote,Aug,227,Deploy and optimize machine learning models in production.
12195,ML Engineer,NextGen AI,Startup,Australia,Entry,Master's,128044,"Python, TensorFlow, AWS, Machine Learning",On-site,Apr,386,Deploy and optimize machine learning models in production.
12196,ML Engineer,Analytica,Enterprise,Australia,Mid,Bachelor's,134614,"TensorFlow, AWS, Machine Learning",On-site,Feb,231,Deploy and optimize machine learning models in production.
12197,AI Engineer,InnoSoft,Enterprise,Singapore,Entry,Bachelor's,109920,"TensorFlow, PyTorch, Python, Machine Learning, AWS",Remote,Oct,211,Build AI systems using deep learning and generative AI technologies.
12198,Data Scientist,InnoSoft,Enterprise,Australia,Entry,Bachelor's,99112,"TensorFlow, SQL, Machine Learning, Python",Hybrid,Jun,331,Build predictive models and perform advanced analytics.
12199,ML Engineer,CloudMatrix,Medium,Canada,Entry,Master's,80762,"Machine Learning, PyTorch, Python, AWS, TensorFlow",Remote,Apr,311,Deploy and optimize machine learning models in production.
12200,Data Engineer,TechNova,Startup,Singapore,Entry,Master's,78464,"Python, Spark, AWS, SQL",On-site,Sep,343,Design and maintain data pipelines and data warehouses.
12201,BI Developer,DataSphere,Medium,UK,Mid,Bachelor's,76853,"Excel, DAX, SQL, Power BI",On-site,Feb,177,Develop interactive dashboards and business intelligence solutions.
12202,BI Developer,NextGen AI,Startup,USA,Entry,Bachelor's,67495,"Power BI, DAX, SQL, Excel",Remote,Apr,189,Develop interactive dashboards and business intelligence solutions.
12203,Data Analyst,Analytica,Enterprise,Australia,Entry,Bachelor's,57668,"Python, Power BI, Tableau, SQL, DAX",Remote,Aug,392,Analyze business data and create reports and dashboards.
12204,Data Scientist,InnoSoft,Enterprise,Singapore,Mid,Master's,83526,"Python, SQL, PyTorch, TensorFlow",Hybrid,Mar,173,Build predictive models and perform advanced analytics.
12205,Data Analyst,Insight Corp,Enterprise,UK,Mid,Bachelor's,88679,"Excel, Python, Power BI, DAX, Tableau",Hybrid,Apr,151,Analyze business data and create reports and dashboards.
12206,AI Engineer,InnoSoft,Enterprise,Germany,Senior,PhD,191603,"AWS, PyTorch, Python, Machine Learning",Remote,Jan,152,Build AI systems using deep learning and generative AI technologies.
12207,BI Developer,NextGen AI,Startup,UK,Mid,Bachelor's,84775,"SQL, DAX, Power BI, Excel",On-site,May,250,Develop interactive dashboards and business intelligence solutions.
12208,Business Analyst,CloudMatrix,Medium,Australia,Mid,Bachelor's,53440,"Excel, Tableau, Power BI, SQL",On-site,Apr,230,Gather requirements and improve business processes through data insights.
12209,Data Scientist,InnoSoft,Enterprise,UK,Entry,Master's,64270,"Machine Learning, Python, TensorFlow, SQL",Remote,Dec,338,Build predictive models and perform advanced analytics.
12210,Business Analyst,CloudMatrix,Medium,USA,Mid,Master's,50281,"Excel, Power BI, SQL, Tableau",Remote,Sep,85,Gather requirements and improve business processes through data insights.
12211,Data Analyst,InnoSoft,Enterprise,Australia,Senior,Master's,86685,"Tableau, SQL, Excel, Python",On-site,Jan,100,Analyze business data and create reports and dashboards.
12212,Data Scientist,CloudMatrix,Medium,Germany,Entry,Bachelor's,101488,"SQL, Machine Learning, TensorFlow, PyTorch",Remote,Jan,293,Build predictive models and perform advanced analytics.
12213,Business Analyst,DataSphere,Medium,Canada,Entry,Bachelor's,38925,"Power BI, SQL, Tableau",Remote,Apr,327,Gather requirements and improve business processes through data insights.
12214,BI Developer,Analytica,Enterprise,India,Mid,Master's,46296,"SQL, Power BI, DAX",Hybrid,Jan,182,Develop interactive dashboards and business intelligence solutions.
12215,Data Engineer,Insight Corp,Enterprise,India,Entry,Bachelor's,56280,"SQL, Spark, AWS, Python",On-site,Aug,296,Design and maintain data pipelines and data warehouses.
12216,Data Scientist,Insight Corp,Enterprise,India,Mid,Bachelor's,72813,"SQL, Python, PyTorch, Machine Learning, TensorFlow",Hybrid,May,346,Build predictive models and perform advanced analytics.
12217,BI Developer,Analytica,Enterprise,Singapore,Mid,Bachelor's,77521,"Power BI, SQL, DAX, Excel",Hybrid,May,70,Develop interactive dashboards and business intelligence solutions.
12218,Data Engineer,ByteWorks,Startup,Singapore,Senior,PhD,203889,"Spark, SQL, Python, AWS",On-site,Sep,135,Design and maintain data pipelines and data warehouses.
12219,BI Developer,TechNova,Startup,UK,Entry,Master's,70880,"SQL, Power BI, DAX, Excel",On-site,May,390,Develop interactive dashboards and business intelligence solutions.
12220,Business Analyst,Analytica,Enterprise,India,Mid,Bachelor's,35766,"Tableau, Excel, Power BI, SQL",On-site,Aug,339,Gather requirements and improve business processes through data insights.
12221,Data Engineer,Analytica,Enterprise,Germany,Entry,Master's,120533,"AWS, SQL, Spark, Python",Hybrid,Mar,316,Design and maintain data pipelines and data warehouses.
12222,Business Analyst,ByteWorks,Startup,Singapore,Mid,Master's,70538,"Excel, Tableau, Power BI, SQL",Remote,Sep,179,Gather requirements and improve business processes through data insights.
12223,AI Engineer,CloudMatrix,Medium,Singapore,Mid,Bachelor's,174405,"Machine Learning, TensorFlow, PyTorch, AWS, Python",Hybrid,Sep,147,Build AI systems using deep learning and generative AI technologies.
12224,Business Analyst,ByteWorks,Startup,Australia,Mid,Master's,47489,"Tableau, SQL, Power BI, Excel",On-site,Jan,209,Gather requirements and improve business processes through data insights.
12225,AI Engineer,NextGen AI,Startup,UK,Mid,Bachelor's,161156,"AWS, TensorFlow, PyTorch, Machine Learning",Hybrid,Nov,86,Build AI systems using deep learning and generative AI technologies.
12226,AI Engineer,DataSphere,Medium,India,Senior,Master's,87294,"AWS, TensorFlow, Python, PyTorch, Machine Learning",Remote,May,206,Build AI systems using deep learning and generative AI technologies.
12227,Business Analyst,InnoSoft,Enterprise,USA,Entry,Bachelor's,55850,"SQL, Tableau, Power BI, Excel",Remote,Jul,199,Gather requirements and improve business processes through data insights.
12228,AI Engineer,TechNova,Startup,Australia,Senior,Master's,200916,"TensorFlow, Python, Machine Learning, PyTorch",On-site,Apr,194,Build AI systems using deep learning and generative AI technologies.
12229,BI Developer,Analytica,Enterprise,UK,Senior,PhD,102492,"SQL, Excel, Power BI, DAX",Remote,Dec,249,Develop interactive dashboards and business intelligence solutions.
12230,AI Engineer,TechNova,Startup,India,Mid,Bachelor's,70155,"PyTorch, Machine Learning, AWS, TensorFlow, Python",On-site,Feb,231,Build AI systems using deep learning and generative AI technologies.
12231,Data Analyst,TechNova,Startup,Canada,Entry,Master's,57749,"Excel, SQL, Power BI",Hybrid,May,265,Analyze business data and create reports and dashboards.
12232,Business Analyst,CloudMatrix,Medium,Canada,Senior,Master's,97151,"Tableau, Power BI, SQL, Excel",On-site,Jan,192,Gather requirements and improve business processes through data insights.
12233,Business Analyst,InnoSoft,Enterprise,USA,Entry,Master's,44925,"Power BI, Tableau, SQL",On-site,Apr,281,Gather requirements and improve business processes through data insights.
12234,Data Engineer,InnoSoft,Enterprise,UK,Senior,Master's,206992,"AWS, Python, Spark, SQL",Hybrid,May,248,Design and maintain data pipelines and data warehouses.
12235,Data Engineer,CloudMatrix,Medium,Australia,Mid,Master's,101052,"AWS, SQL, Spark, Python",On-site,Jan,171,Design and maintain data pipelines and data warehouses.
12236,Business Analyst,NextGen AI,Startup,Australia,Entry,Master's,65877,"Excel, Power BI, Tableau, SQL",Remote,May,271,Gather requirements and improve business processes through data insights.
12237,BI Developer,DataSphere,Medium,USA,Senior,PhD,95427,"SQL, Excel, Power BI, DAX",Remote,Jun,224,Develop interactive dashboards and business intelligence solutions.
12238,BI Developer,DataSphere,Medium,Germany,Entry,Master's,74389,"SQL, Excel, Power BI, DAX",Hybrid,Mar,343,Develop interactive dashboards and business intelligence solutions.
12239,AI Engineer,Analytica,Enterprise,Canada,Mid,Master's,98118,"AWS, Machine Learning, TensorFlow",Remote,Mar,249,Build AI systems using deep learning and generative AI technologies.
12240,AI Engineer,TechNova,Startup,USA,Senior,PhD,227516,"PyTorch, TensorFlow, Python, Machine Learning",Hybrid,Sep,64,Build AI systems using deep learning and generative AI technologies.
12241,Data Scientist,InnoSoft,Enterprise,USA,Mid,Master's,122916,"Python, SQL, PyTorch, TensorFlow, Machine Learning",Hybrid,Aug,151,Build predictive models and perform advanced analytics.
12242,Data Engineer,InnoSoft,Enterprise,USA,Entry,Bachelor's,138625,"Spark, AWS, Python, SQL",Hybrid,Feb,237,Design and maintain data pipelines and data warehouses.
12243,BI Developer,TechNova,Startup,Singapore,Entry,Bachelor's,74413,"Power BI, Excel, SQL",Hybrid,Jan,400,Develop interactive dashboards and business intelligence solutions.
12244,Data Analyst,InnoSoft,Enterprise,UK,Mid,Bachelor's,76638,"SQL, Tableau, Power BI, Python, DAX",Remote,Aug,82,Analyze business data and create reports and dashboards.
12245,Data Engineer,CloudMatrix,Medium,UK,Entry,Master's,79666,"Spark, SQL, Python, AWS",On-site,Apr,374,Design and maintain data pipelines and data warehouses.
12246,AI Engineer,Analytica,Enterprise,India,Entry,Master's,50224,"PyTorch, Python, TensorFlow, AWS",On-site,Sep,365,Build AI systems using deep learning and generative AI technologies.
12247,AI Engineer,Analytica,Enterprise,Australia,Entry,Master's,129606,"Python, TensorFlow, PyTorch, Machine Learning, AWS",Remote,Nov,288,Build AI systems using deep learning and generative AI technologies.
12248,Data Engineer,Analytica,Enterprise,Singapore,Mid,Master's,156651,"SQL, AWS, Spark, Python",On-site,Apr,231,Design and maintain data pipelines and data warehouses.
12249,ML Engineer,CloudMatrix,Medium,Australia,Entry,Master's,131050,"PyTorch, AWS, Python, TensorFlow",Remote,Dec,408,Deploy and optimize machine learning models in production.
12250,AI Engineer,Insight Corp,Enterprise,USA,Senior,Master's,153019,"Python, TensorFlow, AWS, Machine Learning, PyTorch",Hybrid,May,90,Build AI systems using deep learning and generative AI technologies.
12251,Data Scientist,ByteWorks,Startup,India,Mid,Bachelor's,43049,"SQL, TensorFlow, Machine Learning",Remote,Aug,281,Build predictive models and perform advanced analytics.
12252,Data Scientist,InnoSoft,Enterprise,Canada,Senior,Master's,167485,"Machine Learning, PyTorch, SQL, TensorFlow, Python",Hybrid,Apr,147,Build predictive models and perform advanced analytics.
12253,Data Scientist,NextGen AI,Startup,India,Mid,Master's,45606,"Python, PyTorch, TensorFlow, Machine Learning, SQL",On-site,Apr,317,Build predictive models and perform advanced analytics.
12254,Data Analyst,DataSphere,Medium,Australia,Mid,Master's,64063,"Excel, Power BI, DAX",Remote,Oct,151,Analyze business data and create reports and dashboards.
12255,AI Engineer,TechNova,Startup,India,Mid,Master's,89088,"TensorFlow, PyTorch, AWS",On-site,Aug,184,Build AI systems using deep learning and generative AI technologies.
12256,AI Engineer,Insight Corp,Enterprise,USA,Entry,Master's,160609,"PyTorch, AWS, Machine Learning, TensorFlow, Python",On-site,Feb,375,Build AI systems using deep learning and generative AI technologies.
12257,BI Developer,NextGen AI,Startup,Australia,Mid,Master's,68695,"DAX, Power BI, SQL",Hybrid,Jun,92,Develop interactive dashboards and business intelligence solutions.
12258,Data Analyst,TechNova,Startup,Singapore,Entry,Bachelor's,43738,"Python, Power BI, Excel, SQL, Tableau",Hybrid,Nov,306,Analyze business data and create reports and dashboards.
12259,BI Developer,Insight Corp,Enterprise,USA,Mid,Master's,102548,"DAX, Power BI, Excel, SQL",On-site,Mar,113,Develop interactive dashboards and business intelligence solutions.
12260,ML Engineer,NextGen AI,Startup,India,Mid,Bachelor's,84138,"Python, AWS, TensorFlow, PyTorch, Machine Learning",Hybrid,Oct,271,Deploy and optimize machine learning models in production.
12261,Business Analyst,Insight Corp,Enterprise,USA,Mid,Bachelor's,82787,"SQL, Power BI, Excel, Tableau",Remote,Sep,200,Gather requirements and improve business processes through data insights.
12262,Data Scientist,NextGen AI,Startup,Canada,Mid,Bachelor's,108928,"Machine Learning, Python, PyTorch",Remote,May,180,Build predictive models and perform advanced analytics.
12263,BI Developer,NextGen AI,Startup,Singapore,Senior,Master's,96738,"Excel, Power BI, SQL",Remote,Mar,62,Develop interactive dashboards and business intelligence solutions.
12264,BI Developer,Analytica,Enterprise,Canada,Entry,Master's,74255,"Power BI, SQL, DAX, Excel",Remote,Jan,382,Develop interactive dashboards and business intelligence solutions.
12265,BI Developer,DataSphere,Medium,Germany,Entry,Master's,59659,"Excel, DAX, SQL",Remote,Jun,266,Develop interactive dashboards and business intelligence solutions.
12266,BI Developer,Analytica,Enterprise,India,Senior,PhD,48587,"Power BI, DAX, Excel",Remote,Jul,351,Develop interactive dashboards and business intelligence solutions.
12267,BI Developer,DataSphere,Medium,India,Mid,Master's,33885,"DAX, SQL, Excel",On-site,Sep,242,Develop interactive dashboards and business intelligence solutions.
12268,Data Analyst,DataSphere,Medium,Australia,Entry,Bachelor's,60863,"DAX, Excel, Tableau",Hybrid,Oct,244,Analyze business data and create reports and dashboards.
12269,ML Engineer,Analytica,Enterprise,India,Entry,Bachelor's,67576,"AWS, Machine Learning, Python",Hybrid,Sep,518,Deploy and optimize machine learning models in production.
12270,ML Engineer,InnoSoft,Enterprise,Canada,Mid,Bachelor's,92742,"AWS, TensorFlow, Python, Machine Learning, PyTorch",Hybrid,Jun,250,Deploy and optimize machine learning models in production.
12271,Business Analyst,TechNova,Startup,Australia,Mid,Master's,78781,"Excel, SQL, Tableau, Power BI",On-site,Oct,161,Gather requirements and improve business processes through data insights.
12272,Data Engineer,ByteWorks,Startup,UK,Senior,PhD,187276,"Spark, Python, AWS",Hybrid,Jan,202,Design and maintain data pipelines and data warehouses.
12273,Data Engineer,TechNova,Startup,Singapore,Mid,Bachelor's,94967,"AWS, Spark, Python, SQL",Remote,Oct,77,Design and maintain data pipelines and data warehouses.
12274,Business Analyst,Analytica,Enterprise,Australia,Mid,Bachelor's,81924,"SQL, Excel, Tableau, Power BI",Remote,Jul,192,Gather requirements and improve business processes through data insights.
12275,Business Analyst,DataSphere,Medium,Germany,Senior,Master's,102250,"Excel, Power BI, SQL, Tableau",Hybrid,Jun,231,Gather requirements and improve business processes through data insights.
12276,ML Engineer,TechNova,Startup,Singapore,Mid,Bachelor's,152934,"TensorFlow, AWS, Machine Learning, Python, PyTorch",On-site,Aug,152,Deploy and optimize machine learning models in production.
12277,Business Analyst,Analytica,Enterprise,USA,Senior,Master's,75771,"Tableau, Excel, Power BI, SQL",Hybrid,Jun,222,Gather requirements and improve business processes through data insights.
12278,Data Scientist,Insight Corp,Enterprise,India,Mid,Master's,55836,"PyTorch, Machine Learning, Python",Hybrid,Oct,378,Build predictive models and perform advanced analytics.
12279,Data Scientist,CloudMatrix,Medium,India,Mid,Master's,64934,"SQL, Python, Machine Learning, TensorFlow",Hybrid,May,249,Build predictive models and perform advanced analytics.
12280,Data Engineer,TechNova,Startup,Germany,Entry,Bachelor's,128263,"Spark, SQL, Python",Hybrid,Jul,441,Design and maintain data pipelines and data warehouses.
12281,BI Developer,CloudMatrix,Medium,Germany,Entry,Bachelor's,80838,"Power BI, SQL, DAX, Excel",Remote,Oct,345,Develop interactive dashboards and business intelligence solutions.
12282,Business Analyst,TechNova,Startup,Singapore,Entry,Master's,59758,"SQL, Tableau, Power BI",Hybrid,Apr,373,Gather requirements and improve business processes through data insights.
12283,Data Analyst,NextGen AI,Startup,India,Entry,Bachelor's,34435,"Tableau, Power BI, SQL, Python",Remote,Mar,321,Analyze business data and create reports and dashboards.
12284,BI Developer,TechNova,Startup,USA,Senior,Master's,110416,"SQL, Power BI, DAX, Excel",Remote,Nov,136,Develop interactive dashboards and business intelligence solutions.
12285,Data Engineer,NextGen AI,Startup,UK,Senior,Master's,183772,"AWS, Python, SQL, Spark",Hybrid,Jul,211,Design and maintain data pipelines and data warehouses.
12286,Business Analyst,TechNova,Startup,USA,Mid,Master's,73108,"Excel, Tableau, Power BI, SQL",Hybrid,Apr,113,Gather requirements and improve business processes through data insights.
12287,BI Developer,InnoSoft,Enterprise,UK,Entry,Master's,58330,"DAX, SQL, Power BI, Excel",Hybrid,May,279,Develop interactive dashboards and business intelligence solutions.
12288,Data Scientist,ByteWorks,Startup,USA,Mid,Bachelor's,168851,"PyTorch, SQL, Python",Remote,Jun,227,Build predictive models and perform advanced analytics.
12289,Business Analyst,Analytica,Enterprise,Australia,Entry,Master's,59841,"Excel, Tableau, Power BI",Remote,Jan,165,Gather requirements and improve business processes through data insights.
12290,BI Developer,ByteWorks,Startup,Singapore,Mid,Bachelor's,67319,"DAX, Excel, SQL, Power BI",Hybrid,Sep,97,Develop interactive dashboards and business intelligence solutions.
12291,AI Engineer,InnoSoft,Enterprise,Australia,Senior,Master's,131859,"AWS, Python, PyTorch, Machine Learning",Remote,Apr,136,Build AI systems using deep learning and generative AI technologies.
12292,Data Engineer,InnoSoft,Enterprise,Germany,Mid,Master's,127713,"Python, Spark, SQL, AWS",Remote,Feb,247,Design and maintain data pipelines and data warehouses.
12293,BI Developer,InnoSoft,Enterprise,Germany,Entry,Master's,64048,"SQL, Excel, DAX",Remote,Dec,363,Develop interactive dashboards and business intelligence solutions.
12294,Data Engineer,InnoSoft,Enterprise,Canada,Mid,Bachelor's,134402,"AWS, Python, SQL",Hybrid,May,98,Design and maintain data pipelines and data warehouses.
12295,BI Developer,TechNova,Startup,USA,Senior,Master's,91520,"Excel, DAX, Power BI",Remote,May,186,Develop interactive dashboards and business intelligence solutions.
12296,AI Engineer,DataSphere,Medium,UK,Mid,Bachelor's,185852,"Python, PyTorch, TensorFlow",Remote,Sep,154,Build AI systems using deep learning and generative AI technologies.
12297,Data Engineer,DataSphere,Medium,Australia,Entry,Bachelor's,82268,"SQL, AWS, Spark, Python",On-site,May,417,Design and maintain data pipelines and data warehouses.
12298,Data Analyst,TechNova,Startup,USA,Entry,Master's,63409,"Python, DAX, Tableau, SQL, Power BI",On-site,Feb,223,Analyze business data and create reports and dashboards.
12299,ML Engineer,NextGen AI,Startup,USA,Entry,Master's,100183,"PyTorch, AWS, Python, TensorFlow",Hybrid,Jan,413,Deploy and optimize machine learning models in production.
12300,Data Engineer,Insight Corp,Enterprise,Australia,Entry,Bachelor's,113080,"AWS, Spark, Python, SQL",Remote,Apr,291,Design and maintain data pipelines and data warehouses.
12301,Data Analyst,Insight Corp,Enterprise,Australia,Senior,PhD,101579,"SQL, Power BI, Excel",Remote,Oct,119,Analyze business data and create reports and dashboards.
12302,BI Developer,TechNova,Startup,Germany,Mid,Bachelor's,58263,"DAX, Power BI, Excel, SQL",Remote,Apr,106,Develop interactive dashboards and business intelligence solutions.
12303,Data Engineer,DataSphere,Medium,Singapore,Entry,Bachelor's,107226,"Spark, Python, AWS, SQL",On-site,Apr,219,Design and maintain data pipelines and data warehouses.
12304,Business Analyst,ByteWorks,Startup,Australia,Senior,Master's,90685,"Excel, SQL, Power BI, Tableau",On-site,Feb,109,Gather requirements and improve business processes through data insights.
12305,ML Engineer,TechNova,Startup,India,Entry,Master's,69735,"Python, TensorFlow, AWS, Machine Learning",Remote,Jan,539,Deploy and optimize machine learning models in production.
12306,Data Scientist,Insight Corp,Enterprise,India,Entry,Master's,57500,"PyTorch, SQL, TensorFlow, Machine Learning",Hybrid,Sep,458,Build predictive models and perform advanced analytics.
12307,Data Analyst,Analytica,Enterprise,India,Senior,Master's,44028,"Power BI, DAX, Python",Remote,Aug,216,Analyze business data and create reports and dashboards.
12308,Data Scientist,NextGen AI,Startup,Singapore,Mid,Bachelor's,131366,"Python, SQL, TensorFlow",Remote,Feb,202,Build predictive models and perform advanced analytics.
12309,Data Analyst,Analytica,Enterprise,India,Mid,Master's,40910,"SQL, Python, Excel",Remote,May,117,Analyze business data and create reports and dashboards.
12310,Data Analyst,CloudMatrix,Medium,Canada,Senior,PhD,98889,"SQL, Tableau, Excel",Remote,Dec,164,Analyze business data and create reports and dashboards.
12311,BI Developer,CloudMatrix,Medium,USA,Entry,Bachelor's,57136,"Power BI, Excel, SQL, DAX",On-site,May,278,Develop interactive dashboards and business intelligence solutions.
12312,Data Engineer,InnoSoft,Enterprise,Germany,Mid,Bachelor's,135686,"Python, Spark, SQL, AWS",Hybrid,Feb,104,Design and maintain data pipelines and data warehouses.
12313,Data Scientist,NextGen AI,Startup,UK,Senior,Master's,181500,"PyTorch, SQL, TensorFlow, Python",On-site,Dec,227,Build predictive models and perform advanced analytics.
12314,AI Engineer,CloudMatrix,Medium,Australia,Mid,Bachelor's,149846,"TensorFlow, AWS, PyTorch, Machine Learning, Python",Remote,May,219,Build AI systems using deep learning and generative AI technologies.
12315,ML Engineer,DataSphere,Medium,USA,Entry,Master's,111313,"AWS, Python, TensorFlow, Machine Learning",On-site,Jun,304,Deploy and optimize machine learning models in production.
12316,Data Engineer,DataSphere,Medium,Germany,Senior,PhD,168289,"Python, SQL, AWS",Hybrid,Jan,168,Design and maintain data pipelines and data warehouses.
12317,Data Scientist,NextGen AI,Startup,Canada,Mid,Master's,129125,"PyTorch, SQL, Python, TensorFlow, Machine Learning",Hybrid,Jun,127,Build predictive models and perform advanced analytics.
12318,Data Scientist,TechNova,Startup,Australia,Senior,PhD,145595,"Python, SQL, Machine Learning, PyTorch",Hybrid,Jun,114,Build predictive models and perform advanced analytics.
12319,Business Analyst,TechNova,Startup,Canada,Entry,Master's,43672,"Excel, Tableau, Power BI, SQL",Remote,Jul,262,Gather requirements and improve business processes through data insights.
12320,Data Analyst,ByteWorks,Startup,India,Senior,Master's,54090,"DAX, Tableau, Python, Power BI",Remote,Apr,220,Analyze business data and create reports and dashboards.
12321,Data Analyst,TechNova,Startup,Singapore,Mid,Bachelor's,93282,"Tableau, Excel, Power BI",Hybrid,Nov,85,Analyze business data and create reports and dashboards.
12322,ML Engineer,ByteWorks,Startup,Germany,Entry,Bachelor's,102222,"Machine Learning, Python, TensorFlow, PyTorch",Remote,Nov,183,Deploy and optimize machine learning models in production.
12323,Data Scientist,CloudMatrix,Medium,Canada,Mid,Bachelor's,84152,"PyTorch, Machine Learning, Python",Remote,Jul,205,Build predictive models and perform advanced analytics.
12324,Business Analyst,DataSphere,Medium,UK,Mid,Bachelor's,74316,"Excel, Power BI, Tableau, SQL",Remote,Apr,123,Gather requirements and improve business processes through data insights.
12325,Data Scientist,Insight Corp,Enterprise,Australia,Entry,Master's,114474,"TensorFlow, Python, Machine Learning",Hybrid,Jul,366,Build predictive models and perform advanced analytics.
12326,BI Developer,TechNova,Startup,Australia,Entry,Bachelor's,58290,"Power BI, DAX, SQL, Excel",Hybrid,Sep,497,Develop interactive dashboards and business intelligence solutions.
12327,Business Analyst,ByteWorks,Startup,Australia,Mid,Bachelor's,52497,"SQL, Tableau, Power BI, Excel",Hybrid,Mar,94,Gather requirements and improve business processes through data insights.
12328,BI Developer,InnoSoft,Enterprise,UK,Mid,Bachelor's,75216,"DAX, SQL, Power BI, Excel",Remote,Feb,116,Develop interactive dashboards and business intelligence solutions.
12329,Data Analyst,Insight Corp,Enterprise,Australia,Senior,PhD,85635,"Tableau, DAX, Python",Hybrid,Sep,61,Analyze business data and create reports and dashboards.
12330,Data Scientist,Analytica,Enterprise,India,Senior,PhD,80340,"Python, SQL, TensorFlow, PyTorch, Machine Learning",Hybrid,Oct,323,Build predictive models and perform advanced analytics.
12331,Data Analyst,InnoSoft,Enterprise,Canada,Mid,Bachelor's,58391,"Power BI, SQL, DAX, Python",Hybrid,Jul,54,Analyze business data and create reports and dashboards.
12332,Business Analyst,ByteWorks,Startup,Germany,Mid,Master's,60951,"Power BI, Excel, Tableau, SQL",Remote,Jun,87,Gather requirements and improve business processes through data insights.
12333,ML Engineer,Analytica,Enterprise,Germany,Mid,Bachelor's,162771,"AWS, PyTorch, TensorFlow, Python",Remote,May,196,Deploy and optimize machine learning models in production.
12334,ML Engineer,Analytica,Enterprise,Canada,Mid,Bachelor's,100546,"AWS, Machine Learning, Python",Hybrid,Dec,66,Deploy and optimize machine learning models in production.
12335,Data Engineer,ByteWorks,Startup,USA,Senior,PhD,202406,"Python, AWS, Spark, SQL",Hybrid,Dec,217,Design and maintain data pipelines and data warehouses.
12336,AI Engineer,InnoSoft,Enterprise,USA,Entry,Bachelor's,91889,"Python, TensorFlow, PyTorch",Hybrid,Nov,299,Build AI systems using deep learning and generative AI technologies.
12337,BI Developer,InnoSoft,Enterprise,UK,Mid,Bachelor's,68878,"Power BI, SQL, DAX, Excel",Remote,Dec,78,Develop interactive dashboards and business intelligence solutions.
12338,Data Scientist,CloudMatrix,Medium,Australia,Senior,Master's,166658,"Machine Learning, Python, SQL, PyTorch",Remote,Sep,88,Build predictive models and perform advanced analytics.
12339,BI Developer,InnoSoft,Enterprise,UK,Mid,Bachelor's,61363,"Excel, DAX, Power BI",Hybrid,Nov,161,Develop interactive dashboards and business intelligence solutions.
12340,Data Scientist,CloudMatrix,Medium,India,Entry,Bachelor's,50800,"Python, TensorFlow, PyTorch",Hybrid,Sep,385,Build predictive models and perform advanced analytics.
12341,Data Analyst,Insight Corp,Enterprise,Singapore,Mid,Bachelor's,73354,"SQL, DAX, Python, Power BI",Remote,Jul,231,Analyze business data and create reports and dashboards.
12342,Data Analyst,Analytica,Enterprise,USA,Entry,Bachelor's,66118,"SQL, Python, DAX, Excel, Power BI",Hybrid,Nov,198,Analyze business data and create reports and dashboards.
12343,BI Developer,NextGen AI,Startup,Germany,Entry,Master's,57073,"Power BI, DAX, SQL, Excel",On-site,Dec,326,Develop interactive dashboards and business intelligence solutions.
12344,Data Scientist,NextGen AI,Startup,India,Mid,Bachelor's,70803,"TensorFlow, Python, SQL, PyTorch",On-site,May,305,Build predictive models and perform advanced analytics.
12345,BI Developer,Insight Corp,Enterprise,Canada,Entry,Master's,43550,"Excel, SQL, DAX, Power BI",Hybrid,Dec,274,Develop interactive dashboards and business intelligence solutions.
12346,BI Developer,TechNova,Startup,India,Entry,Master's,25300,"Power BI, DAX, SQL, Excel",Remote,Feb,467,Develop interactive dashboards and business intelligence solutions.
12347,Data Analyst,CloudMatrix,Medium,India,Entry,Bachelor's,20785,"Power BI, Python, SQL, Tableau, DAX",Hybrid,Dec,549,Analyze business data and create reports and dashboards.
12348,BI Developer,CloudMatrix,Medium,USA,Mid,Master's,75823,"SQL, Power BI, Excel, DAX",Hybrid,Nov,84,Develop interactive dashboards and business intelligence solutions.
12349,BI Developer,NextGen AI,Startup,Canada,Senior,Master's,73102,"Excel, Power BI, SQL, DAX",On-site,Oct,229,Develop interactive dashboards and business intelligence solutions.
12350,BI Developer,TechNova,Startup,Australia,Entry,Bachelor's,51830,"Excel, SQL, Power BI, DAX",On-site,Jul,274,Develop interactive dashboards and business intelligence solutions.
12351,Data Analyst,NextGen AI,Startup,India,Senior,Master's,45439,"Python, Excel, Tableau",Remote,Dec,311,Analyze business data and create reports and dashboards.
12352,AI Engineer,Analytica,Enterprise,India,Senior,PhD,105546,"TensorFlow, Machine Learning, AWS",On-site,Dec,156,Build AI systems using deep learning and generative AI technologies.
12353,AI Engineer,Insight Corp,Enterprise,Singapore,Mid,Master's,199680,"PyTorch, AWS, TensorFlow, Machine Learning, Python",Remote,Oct,96,Build AI systems using deep learning and generative AI technologies.
12354,Data Engineer,DataSphere,Medium,India,Mid,Bachelor's,75306,"Spark, SQL, AWS, Python",Remote,Aug,321,Design and maintain data pipelines and data warehouses.
12355,AI Engineer,Insight Corp,Enterprise,Canada,Mid,Master's,110118,"Machine Learning, PyTorch, AWS",On-site,Jan,72,Build AI systems using deep learning and generative AI technologies.
12356,AI Engineer,DataSphere,Medium,Canada,Mid,Master's,119005,"TensorFlow, AWS, PyTorch",Remote,Jan,96,Build AI systems using deep learning and generative AI technologies.
12357,Data Analyst,NextGen AI,Startup,Canada,Mid,Master's,52710,"Tableau, DAX, SQL, Python, Power BI",Hybrid,Jul,83,Analyze business data and create reports and dashboards.
12358,Data Analyst,DataSphere,Medium,Singapore,Entry,Master's,72581,"Excel, Power BI, Python, Tableau, DAX",Hybrid,Dec,329,Analyze business data and create reports and dashboards.
12359,Data Engineer,CloudMatrix,Medium,Australia,Entry,Bachelor's,110615,"AWS, Spark, Python, SQL",On-site,Oct,480,Design and maintain data pipelines and data warehouses.
12360,Data Scientist,ByteWorks,Startup,Singapore,Entry,Master's,67564,"PyTorch, TensorFlow, SQL, Machine Learning",Hybrid,Jun,316,Build predictive models and perform advanced analytics.
12361,Data Scientist,Insight Corp,Enterprise,Australia,Mid,Bachelor's,119610,"SQL, PyTorch, TensorFlow",On-site,Dec,78,Build predictive models and perform advanced analytics.
12362,Data Scientist,InnoSoft,Enterprise,Germany,Mid,Master's,129379,"SQL, TensorFlow, PyTorch, Python",Hybrid,Jan,122,Build predictive models and perform advanced analytics.
12363,AI Engineer,Insight Corp,Enterprise,USA,Entry,Master's,157553,"Machine Learning, Python, TensorFlow, PyTorch, AWS",Remote,Aug,335,Build AI systems using deep learning and generative AI technologies.
12364,Data Engineer,NextGen AI,Startup,Singapore,Mid,Bachelor's,153910,"Python, SQL, Spark, AWS",On-site,May,220,Design and maintain data pipelines and data warehouses.
12365,ML Engineer,TechNova,Startup,Germany,Senior,Master's,162132,"Python, AWS, TensorFlow, PyTorch, Machine Learning",On-site,Jun,64,Deploy and optimize machine learning models in production.
12366,ML Engineer,TechNova,Startup,Singapore,Mid,Bachelor's,177505,"Machine Learning, TensorFlow, Python, PyTorch",Hybrid,Dec,180,Deploy and optimize machine learning models in production.
12367,ML Engineer,CloudMatrix,Medium,Canada,Entry,Bachelor's,93316,"TensorFlow, PyTorch, AWS, Python",Hybrid,Apr,402,Deploy and optimize machine learning models in production.
12368,Data Analyst,InnoSoft,Enterprise,Australia,Mid,Master's,79569,"SQL, Excel, Tableau, Python",Remote,Oct,130,Analyze business data and create reports and dashboards.
12369,Data Scientist,InnoSoft,Enterprise,Canada,Mid,Master's,81843,"Machine Learning, TensorFlow, PyTorch",Remote,Feb,98,Build predictive models and perform advanced analytics.
12370,BI Developer,ByteWorks,Startup,Australia,Mid,Bachelor's,58710,"DAX, Power BI, Excel, SQL",Remote,Mar,199,Develop interactive dashboards and business intelligence solutions.
12371,Data Analyst,TechNova,Startup,Germany,Entry,Master's,55332,"Excel, DAX, Tableau, SQL",Hybrid,Feb,217,Analyze business data and create reports and dashboards.
12372,AI Engineer,InnoSoft,Enterprise,India,Mid,Master's,69003,"TensorFlow, AWS, PyTorch, Python, Machine Learning",Remote,Jan,345,Build AI systems using deep learning and generative AI technologies.
12373,Data Scientist,ByteWorks,Startup,India,Senior,PhD,66335,"Python, TensorFlow, Machine Learning, SQL, PyTorch",Hybrid,Sep,207,Build predictive models and perform advanced analytics.
12374,ML Engineer,CloudMatrix,Medium,USA,Mid,Master's,148302,"Machine Learning, PyTorch, Python, AWS",Hybrid,Apr,144,Deploy and optimize machine learning models in production.
12375,ML Engineer,CloudMatrix,Medium,Germany,Entry,Master's,135295,"PyTorch, TensorFlow, Python, Machine Learning, AWS",Hybrid,Apr,411,Deploy and optimize machine learning models in production.
12376,Data Engineer,TechNova,Startup,Canada,Mid,Bachelor's,136932,"SQL, AWS, Spark",Remote,Jul,59,Design and maintain data pipelines and data warehouses.
12377,Data Engineer,TechNova,Startup,USA,Senior,Master's,158536,"Spark, SQL, Python, AWS",Remote,Aug,88,Design and maintain data pipelines and data warehouses.
12378,AI Engineer,TechNova,Startup,Germany,Mid,Bachelor's,169408,"PyTorch, Python, AWS",On-site,Jan,56,Build AI systems using deep learning and generative AI technologies.
12379,Business Analyst,NextGen AI,Startup,Canada,Entry,Bachelor's,35847,"Excel, SQL, Tableau",Hybrid,Sep,378,Gather requirements and improve business processes through data insights.
12380,ML Engineer,NextGen AI,Startup,Singapore,Entry,Bachelor's,109539,"Machine Learning, AWS, PyTorch",Hybrid,Feb,318,Deploy and optimize machine learning models in production.
12381,Data Analyst,CloudMatrix,Medium,USA,Entry,Bachelor's,50573,"Python, Tableau, SQL",On-site,Sep,234,Analyze business data and create reports and dashboards.
12382,Business Analyst,Analytica,Enterprise,Germany,Mid,Master's,58405,"Power BI, Tableau, SQL, Excel",On-site,Mar,166,Gather requirements and improve business processes through data insights.
12383,Data Engineer,InnoSoft,Enterprise,India,Mid,Bachelor's,53299,"Python, AWS, Spark, SQL",Hybrid,May,228,Design and maintain data pipelines and data warehouses.
12384,BI Developer,ByteWorks,Startup,Singapore,Mid,Master's,98541,"DAX, Power BI, Excel, SQL",Remote,Dec,198,Develop interactive dashboards and business intelligence solutions.
12385,AI Engineer,TechNova,Startup,Singapore,Mid,Bachelor's,148163,"PyTorch, Machine Learning, Python, TensorFlow, AWS",Remote,Aug,162,Build AI systems using deep learning and generative AI technologies.
12386,Data Engineer,Analytica,Enterprise,Singapore,Entry,Master's,132863,"Python, Spark, SQL, AWS",Remote,Aug,427,Design and maintain data pipelines and data warehouses.
12387,Data Scientist,Analytica,Enterprise,Australia,Senior,PhD,182710,"PyTorch, SQL, Python, Machine Learning, TensorFlow",Remote,Sep,72,Build predictive models and perform advanced analytics.
12388,Data Analyst,InnoSoft,Enterprise,UK,Mid,Bachelor's,61435,"DAX, Power BI, Excel",Hybrid,Aug,152,Analyze business data and create reports and dashboards.
12389,Data Analyst,TechNova,Startup,Canada,Entry,Bachelor's,65695,"Excel, Power BI, Tableau",On-site,Apr,301,Analyze business data and create reports and dashboards.
12390,Data Analyst,ByteWorks,Startup,Germany,Entry,Bachelor's,68336,"Power BI, Tableau, SQL",Hybrid,Mar,391,Analyze business data and create reports and dashboards.
12391,AI Engineer,Insight Corp,Enterprise,USA,Mid,Bachelor's,171640,"PyTorch, Python, TensorFlow, AWS, Machine Learning",On-site,Oct,110,Build AI systems using deep learning and generative AI technologies.
12392,Data Engineer,Insight Corp,Enterprise,UK,Entry,Bachelor's,119403,"AWS, SQL, Python, Spark",Hybrid,Jan,180,Design and maintain data pipelines and data warehouses.
12393,Data Scientist,Analytica,Enterprise,Singapore,Entry,Master's,73324,"Machine Learning, SQL, TensorFlow",Remote,Dec,343,Build predictive models and perform advanced analytics.
12394,Data Scientist,ByteWorks,Startup,Germany,Mid,Bachelor's,122053,"TensorFlow, Python, SQL",Remote,Oct,155,Build predictive models and perform advanced analytics.
12395,Data Analyst,TechNova,Startup,Singapore,Mid,Bachelor's,61696,"Python, SQL, DAX, Tableau",Hybrid,Mar,177,Analyze business data and create reports and dashboards.
12396,BI Developer,Insight Corp,Enterprise,UK,Mid,Bachelor's,73180,"SQL, Excel, DAX",Hybrid,Oct,230,Develop interactive dashboards and business intelligence solutions.
12397,Data Scientist,CloudMatrix,Medium,UK,Mid,Master's,148550,"TensorFlow, Machine Learning, PyTorch, SQL, Python",Hybrid,Dec,118,Build predictive models and perform advanced analytics.
12398,BI Developer,Insight Corp,Enterprise,Australia,Mid,Master's,81799,"DAX, Excel, SQL, Power BI",Hybrid,Feb,88,Develop interactive dashboards and business intelligence solutions.
12399,Data Scientist,Insight Corp,Enterprise,India,Entry,Bachelor's,43956,"TensorFlow, Python, SQL, PyTorch, Machine Learning",On-site,Aug,391,Build predictive models and perform advanced analytics.
12400,AI Engineer,ByteWorks,Startup,Australia,Mid,Bachelor's,185805,"AWS, Machine Learning, PyTorch, Python, TensorFlow",On-site,Sep,247,Build AI systems using deep learning and generative AI technologies.
12401,BI Developer,CloudMatrix,Medium,Germany,Mid,Master's,90002,"DAX, Excel, Power BI",Hybrid,Sep,127,Develop interactive dashboards and business intelligence solutions.
12402,Data Engineer,DataSphere,Medium,Canada,Entry,Master's,67633,"AWS, Python, SQL, Spark",Remote,Aug,295,Design and maintain data pipelines and data warehouses.
12403,BI Developer,Insight Corp,Enterprise,Canada,Entry,Master's,74672,"DAX, SQL, Power BI, Excel",Remote,Dec,403,Develop interactive dashboards and business intelligence solutions.
12404,Data Engineer,DataSphere,Medium,India,Senior,PhD,62542,"Spark, AWS, Python, SQL",On-site,Nov,284,Design and maintain data pipelines and data warehouses.
12405,Data Scientist,CloudMatrix,Medium,UK,Entry,Master's,82575,"SQL, Python, TensorFlow, PyTorch, Machine Learning",Hybrid,Dec,231,Build predictive models and perform advanced analytics.
12406,ML Engineer,NextGen AI,Startup,Singapore,Entry,Master's,146977,"AWS, PyTorch, Python",On-site,Oct,162,Deploy and optimize machine learning models in production.
12407,Data Scientist,InnoSoft,Enterprise,India,Entry,Master's,51075,"SQL, Python, TensorFlow, PyTorch, Machine Learning",On-site,Aug,434,Build predictive models and perform advanced analytics.
12408,ML Engineer,Insight Corp,Enterprise,UK,Mid,Bachelor's,136918,"PyTorch, TensorFlow, Machine Learning",Remote,Aug,164,Deploy and optimize machine learning models in production.
12409,Data Analyst,Analytica,Enterprise,Singapore,Mid,Bachelor's,73053,"Python, Excel, Power BI",Hybrid,Aug,224,Analyze business data and create reports and dashboards.
12410,Business Analyst,Analytica,Enterprise,Canada,Mid,Master's,61399,"SQL, Tableau, Power BI, Excel",On-site,Oct,138,Gather requirements and improve business processes through data insights.
12411,Data Engineer,Analytica,Enterprise,Germany,Entry,Bachelor's,100386,"Spark, Python, AWS, SQL",Remote,Feb,365,Design and maintain data pipelines and data warehouses.
12412,Data Engineer,InnoSoft,Enterprise,Singapore,Senior,Master's,156441,"Spark, AWS, SQL",On-site,Dec,156,Design and maintain data pipelines and data warehouses.
12413,Data Scientist,CloudMatrix,Medium,Singapore,Senior,Master's,147997,"PyTorch, Python, SQL",Hybrid,May,114,Build predictive models and perform advanced analytics.
12414,AI Engineer,Insight Corp,Enterprise,Australia,Entry,Master's,152255,"PyTorch, AWS, Python, Machine Learning, TensorFlow",Hybrid,Sep,320,Build AI systems using deep learning and generative AI technologies.
12415,AI Engineer,ByteWorks,Startup,USA,Mid,Bachelor's,151820,"Python, AWS, TensorFlow, PyTorch",On-site,Jun,65,Build AI systems using deep learning and generative AI technologies.
12416,Business Analyst,DataSphere,Medium,Germany,Entry,Master's,43698,"SQL, Tableau, Excel",Remote,Feb,341,Gather requirements and improve business processes through data insights.
12417,Data Engineer,ByteWorks,Startup,Singapore,Mid,Bachelor's,133307,"AWS, Python, Spark, SQL",Hybrid,Nov,126,Design and maintain data pipelines and data warehouses.
12418,Data Analyst,NextGen AI,Startup,UK,Mid,Bachelor's,86864,"Power BI, Tableau, Python, SQL, Excel",On-site,Jun,189,Analyze business data and create reports and dashboards.
12419,ML Engineer,Insight Corp,Enterprise,Canada,Mid,Master's,161427,"TensorFlow, PyTorch, Machine Learning, AWS",Hybrid,Feb,134,Deploy and optimize machine learning models in production.
12420,Data Engineer,TechNova,Startup,USA,Mid,Master's,179315,"SQL, Spark, AWS",Remote,Oct,95,Design and maintain data pipelines and data warehouses.
12421,Data Analyst,CloudMatrix,Medium,Australia,Senior,PhD,90516,"Tableau, DAX, Excel, Python, Power BI",Hybrid,Aug,149,Analyze business data and create reports and dashboards.
12422,Data Analyst,CloudMatrix,Medium,USA,Entry,Bachelor's,50193,"Tableau, DAX, Power BI",On-site,Dec,377,Analyze business data and create reports and dashboards.
12423,AI Engineer,InnoSoft,Enterprise,USA,Mid,Master's,115247,"Machine Learning, AWS, TensorFlow, Python",On-site,Dec,103,Build AI systems using deep learning and generative AI technologies.
12424,Data Scientist,ByteWorks,Startup,USA,Mid,Bachelor's,142865,"SQL, PyTorch, Python, TensorFlow, Machine Learning",Hybrid,Sep,97,Build predictive models and perform advanced analytics.
12425,Data Scientist,Analytica,Enterprise,UK,Entry,Bachelor's,94689,"SQL, Machine Learning, TensorFlow",On-site,Apr,282,Build predictive models and perform advanced analytics.
12426,BI Developer,CloudMatrix,Medium,Australia,Senior,PhD,106754,"Power BI, SQL, DAX, Excel",Remote,Nov,172,Develop interactive dashboards and business intelligence solutions.
12427,ML Engineer,TechNova,Startup,India,Entry,Bachelor's,50810,"TensorFlow, Python, AWS, Machine Learning",Hybrid,Dec,466,Deploy and optimize machine learning models in production.
12428,ML Engineer,InnoSoft,Enterprise,USA,Mid,Bachelor's,179676,"PyTorch, Python, Machine Learning",Remote,Jun,55,Deploy and optimize machine learning models in production.
12429,BI Developer,CloudMatrix,Medium,Canada,Senior,Master's,114453,"Power BI, DAX, Excel, SQL",Hybrid,May,204,Develop interactive dashboards and business intelligence solutions.
12430,Data Analyst,DataSphere,Medium,Germany,Mid,Master's,55722,"DAX, Excel, Power BI, Tableau",On-site,Apr,142,Analyze business data and create reports and dashboards.
12431,Data Engineer,ByteWorks,Startup,Australia,Mid,Master's,134992,"Spark, AWS, SQL, Python",Hybrid,Dec,147,Design and maintain data pipelines and data warehouses.
12432,Business Analyst,NextGen AI,Startup,USA,Mid,Bachelor's,55778,"Power BI, SQL, Tableau, Excel",Remote,Jan,226,Gather requirements and improve business processes through data insights.
12433,ML Engineer,ByteWorks,Startup,USA,Entry,Master's,119310,"PyTorch, TensorFlow, AWS, Machine Learning, Python",On-site,Jul,379,Deploy and optimize machine learning models in production.
12434,Data Analyst,CloudMatrix,Medium,USA,Entry,Bachelor's,53439,"Tableau, DAX, Python",Remote,Apr,345,Analyze business data and create reports and dashboards.
12435,ML Engineer,Analytica,Enterprise,India,Senior,Master's,96675,"AWS, Python, TensorFlow, Machine Learning",Remote,Sep,205,Deploy and optimize machine learning models in production.
12436,ML Engineer,TechNova,Startup,India,Entry,Bachelor's,51134,"PyTorch, AWS, TensorFlow",On-site,Mar,404,Deploy and optimize machine learning models in production.
12437,ML Engineer,Analytica,Enterprise,Germany,Entry,Master's,130858,"Machine Learning, AWS, PyTorch, TensorFlow",On-site,Dec,249,Deploy and optimize machine learning models in production.
12438,Data Engineer,Insight Corp,Enterprise,Canada,Senior,PhD,162718,"Spark, SQL, Python, AWS",Remote,Nov,195,Design and maintain data pipelines and data warehouses.
12439,Business Analyst,ByteWorks,Startup,USA,Mid,Master's,56797,"Power BI, SQL, Excel, Tableau",Remote,Mar,163,Gather requirements and improve business processes through data insights.
12440,ML Engineer,CloudMatrix,Medium,USA,Mid,Master's,166373,"AWS, TensorFlow, Python",On-site,Nov,86,Deploy and optimize machine learning models in production.
12441,BI Developer,DataSphere,Medium,Australia,Entry,Bachelor's,55909,"Excel, Power BI, DAX, SQL",On-site,Jan,249,Develop interactive dashboards and business intelligence solutions.
12442,AI Engineer,NextGen AI,Startup,India,Mid,Master's,60615,"PyTorch, AWS, Python, Machine Learning, TensorFlow",Hybrid,Jan,301,Build AI systems using deep learning and generative AI technologies.
12443,Business Analyst,CloudMatrix,Medium,Singapore,Senior,Master's,77963,"Power BI, SQL, Excel",On-site,Oct,235,Gather requirements and improve business processes through data insights.
12444,Business Analyst,ByteWorks,Startup,USA,Entry,Bachelor's,41445,"Excel, Power BI, Tableau, SQL",Remote,Jun,361,Gather requirements and improve business processes through data insights.
12445,Data Scientist,CloudMatrix,Medium,UK,Mid,Bachelor's,82717,"PyTorch, TensorFlow, Python, SQL",On-site,Mar,122,Build predictive models and perform advanced analytics.
12446,BI Developer,Insight Corp,Enterprise,Germany,Entry,Master's,77657,"Power BI, Excel, SQL",On-site,Sep,324,Develop interactive dashboards and business intelligence solutions.
12447,ML Engineer,CloudMatrix,Medium,Germany,Entry,Master's,101783,"AWS, Machine Learning, Python, PyTorch",Hybrid,Apr,413,Deploy and optimize machine learning models in production.
12448,BI Developer,InnoSoft,Enterprise,India,Mid,Bachelor's,33681,"Power BI, DAX, SQL",Remote,Jan,204,Develop interactive dashboards and business intelligence solutions.
12449,Data Analyst,Insight Corp,Enterprise,UK,Senior,PhD,68042,"Python, Tableau, DAX, Excel, SQL",Hybrid,May,91,Analyze business data and create reports and dashboards.
12450,AI Engineer,CloudMatrix,Medium,USA,Entry,Bachelor's,165009,"Machine Learning, TensorFlow, Python",On-site,Apr,324,Build AI systems using deep learning and generative AI technologies.
12451,BI Developer,ByteWorks,Startup,UK,Mid,Master's,71503,"Power BI, Excel, DAX",Hybrid,Jan,74,Develop interactive dashboards and business intelligence solutions.
12452,BI Developer,DataSphere,Medium,Germany,Entry,Master's,57837,"SQL, DAX, Power BI",On-site,Jan,466,Develop interactive dashboards and business intelligence solutions.
12453,BI Developer,TechNova,Startup,India,Entry,Master's,28573,"DAX, Power BI, Excel",On-site,Jan,442,Develop interactive dashboards and business intelligence solutions.
12454,Data Scientist,DataSphere,Medium,Canada,Senior,Master's,179827,"SQL, PyTorch, Machine Learning",Hybrid,Jun,247,Build predictive models and perform advanced analytics.
12455,ML Engineer,Analytica,Enterprise,USA,Entry,Bachelor's,134456,"TensorFlow, AWS, PyTorch",Remote,Feb,396,Deploy and optimize machine learning models in production.
12456,ML Engineer,TechNova,Startup,Canada,Mid,Master's,151517,"Machine Learning, AWS, Python, PyTorch, TensorFlow",On-site,Aug,57,Deploy and optimize machine learning models in production.
12457,Data Analyst,TechNova,Startup,Canada,Mid,Bachelor's,67374,"Power BI, Tableau, SQL, Excel",On-site,Apr,153,Analyze business data and create reports and dashboards.
12458,Business Analyst,Analytica,Enterprise,India,Entry,Bachelor's,21187,"Tableau, Excel, SQL",On-site,Sep,537,Gather requirements and improve business processes through data insights.
12459,Data Scientist,NextGen AI,Startup,USA,Entry,Bachelor's,109091,"TensorFlow, SQL, Machine Learning, PyTorch",On-site,Oct,212,Build predictive models and perform advanced analytics.
12460,ML Engineer,InnoSoft,Enterprise,USA,Mid,Bachelor's,107102,"Machine Learning, PyTorch, AWS",Hybrid,Nov,197,Deploy and optimize machine learning models in production.
12461,BI Developer,CloudMatrix,Medium,Singapore,Entry,Master's,67196,"Excel, SQL, DAX",Hybrid,Sep,232,Develop interactive dashboards and business intelligence solutions.
12462,AI Engineer,InnoSoft,Enterprise,Australia,Mid,Master's,164414,"Machine Learning, AWS, Python",Hybrid,Oct,176,Build AI systems using deep learning and generative AI technologies.
12463,AI Engineer,NextGen AI,Startup,USA,Senior,PhD,255544,"TensorFlow, AWS, Machine Learning, PyTorch, Python",Remote,Jul,54,Build AI systems using deep learning and generative AI technologies.
12464,Data Scientist,Insight Corp,Enterprise,UK,Mid,Bachelor's,149470,"Machine Learning, SQL, Python, TensorFlow",Remote,Jul,232,Build predictive models and perform advanced analytics.
12465,Business Analyst,DataSphere,Medium,Germany,Entry,Master's,45947,"Excel, SQL, Power BI",Hybrid,Jan,410,Gather requirements and improve business processes through data insights.
12466,Data Engineer,DataSphere,Medium,India,Mid,Bachelor's,62046,"Python, Spark, SQL",Hybrid,Dec,174,Design and maintain data pipelines and data warehouses.
12467,Data Scientist,DataSphere,Medium,India,Mid,Bachelor's,67480,"Machine Learning, SQL, Python",Remote,Sep,143,Build predictive models and perform advanced analytics.
12468,Data Engineer,InnoSoft,Enterprise,Germany,Mid,Bachelor's,87638,"Spark, SQL, AWS, Python",Remote,Dec,250,Design and maintain data pipelines and data warehouses.
12469,Data Scientist,NextGen AI,Startup,Germany,Mid,Master's,116422,"SQL, PyTorch, Python",On-site,Jan,249,Build predictive models and perform advanced analytics.
12470,Business Analyst,Insight Corp,Enterprise,Australia,Mid,Bachelor's,68206,"Power BI, Tableau, SQL, Excel",On-site,Jan,121,Gather requirements and improve business processes through data insights.
12471,Business Analyst,TechNova,Startup,Australia,Entry,Master's,60398,"SQL, Power BI, Tableau",Remote,May,349,Gather requirements and improve business processes through data insights.
12472,ML Engineer,InnoSoft,Enterprise,Singapore,Entry,Master's,136162,"TensorFlow, PyTorch, AWS, Python, Machine Learning",Hybrid,Jan,393,Deploy and optimize machine learning models in production.
12473,AI Engineer,NextGen AI,Startup,Canada,Entry,Master's,143854,"Python, Machine Learning, AWS, PyTorch",Hybrid,Dec,317,Build AI systems using deep learning and generative AI technologies.
12474,AI Engineer,Insight Corp,Enterprise,Australia,Senior,Master's,133234,"PyTorch, Machine Learning, Python, TensorFlow, AWS",Remote,Jan,111,Build AI systems using deep learning and generative AI technologies.
12475,ML Engineer,ByteWorks,Startup,USA,Senior,PhD,255624,"PyTorch, Python, TensorFlow, AWS, Machine Learning",Hybrid,May,134,Deploy and optimize machine learning models in production.
12476,Data Engineer,ByteWorks,Startup,Germany,Mid,Bachelor's,127679,"AWS, Spark, SQL, Python",On-site,Aug,85,Design and maintain data pipelines and data warehouses.
12477,BI Developer,InnoSoft,Enterprise,UK,Entry,Master's,45706,"SQL, DAX, Power BI, Excel",On-site,May,284,Develop interactive dashboards and business intelligence solutions.
12478,Data Scientist,Insight Corp,Enterprise,Singapore,Mid,Bachelor's,111782,"SQL, Machine Learning, TensorFlow",Remote,Mar,109,Build predictive models and perform advanced analytics.
12479,Data Scientist,Insight Corp,Enterprise,Singapore,Mid,Master's,158834,"Python, PyTorch, SQL, Machine Learning, TensorFlow",Remote,Sep,233,Build predictive models and perform advanced analytics.
12480,Data Analyst,InnoSoft,Enterprise,Singapore,Mid,Master's,75528,"Power BI, Python, SQL, Tableau",Hybrid,Oct,212,Analyze business data and create reports and dashboards.
12481,BI Developer,Insight Corp,Enterprise,India,Mid,Bachelor's,38756,"Power BI, Excel, DAX, SQL",Hybrid,Nov,224,Develop interactive dashboards and business intelligence solutions.
12482,Business Analyst,Analytica,Enterprise,USA,Mid,Bachelor's,88655,"Tableau, Power BI, Excel, SQL",Hybrid,Mar,232,Gather requirements and improve business processes through data insights.
12483,Data Scientist,CloudMatrix,Medium,Germany,Entry,Bachelor's,116832,"TensorFlow, Machine Learning, PyTorch",Remote,Sep,452,Build predictive models and perform advanced analytics.
12484,AI Engineer,Analytica,Enterprise,India,Mid,Master's,89091,"Python, AWS, PyTorch, Machine Learning, TensorFlow",Remote,Feb,287,Build AI systems using deep learning and generative AI technologies.
12485,Data Analyst,Insight Corp,Enterprise,Germany,Entry,Master's,63020,"Tableau, SQL, Python, Excel, DAX",On-site,May,352,Analyze business data and create reports and dashboards.
12486,Business Analyst,Insight Corp,Enterprise,Australia,Senior,PhD,77689,"Power BI, Tableau, Excel, SQL",On-site,Dec,237,Gather requirements and improve business processes through data insights.
12487,ML Engineer,Analytica,Enterprise,Canada,Mid,Master's,159328,"Machine Learning, Python, PyTorch, AWS",Remote,Apr,167,Deploy and optimize machine learning models in production.
12488,Business Analyst,CloudMatrix,Medium,India,Entry,Master's,18908,"Excel, Power BI, SQL, Tableau",Remote,Dec,477,Gather requirements and improve business processes through data insights.
12489,Data Analyst,InnoSoft,Enterprise,UK,Mid,Master's,65611,"DAX, Excel, Power BI, Python, SQL",On-site,Jul,190,Analyze business data and create reports and dashboards.
12490,AI Engineer,InnoSoft,Enterprise,India,Mid,Bachelor's,50710,"AWS, Python, PyTorch, Machine Learning, TensorFlow",Hybrid,Apr,127,Build AI systems using deep learning and generative AI technologies.
12491,Data Scientist,TechNova,Startup,UK,Mid,Master's,140225,"PyTorch, Machine Learning, Python, TensorFlow",Hybrid,Dec,232,Build predictive models and perform advanced analytics.
12492,Data Analyst,NextGen AI,Startup,Canada,Mid,Bachelor's,58573,"Power BI, Excel, DAX, SQL",Hybrid,Oct,222,Analyze business data and create reports and dashboards.
12493,Data Scientist,CloudMatrix,Medium,India,Senior,PhD,77427,"TensorFlow, SQL, Python, Machine Learning",On-site,Jul,306,Build predictive models and perform advanced analytics.
12494,BI Developer,Insight Corp,Enterprise,India,Mid,Bachelor's,46919,"DAX, Power BI, Excel, SQL",Remote,Jan,205,Develop interactive dashboards and business intelligence solutions.
12495,Business Analyst,Insight Corp,Enterprise,Canada,Mid,Bachelor's,52885,"Tableau, Power BI, Excel",Remote,Apr,65,Gather requirements and improve business processes through data insights.
12496,Business Analyst,ByteWorks,Startup,Singapore,Senior,Master's,86269,"Tableau, Excel, Power BI, SQL",Remote,Aug,138,Gather requirements and improve business processes through data insights.
12497,AI Engineer,Insight Corp,Enterprise,Australia,Mid,Master's,157444,"Machine Learning, PyTorch, Python, AWS",Remote,Aug,108,Build AI systems using deep learning and generative AI technologies.
12498,Data Scientist,Analytica,Enterprise,Canada,Entry,Master's,97669,"PyTorch, Python, SQL, Machine Learning, TensorFlow",Remote,Dec,473,Build predictive models and perform advanced analytics.
12499,AI Engineer,ByteWorks,Startup,UK,Senior,Master's,166239,"TensorFlow, PyTorch, Python",Hybrid,Sep,84,Build AI systems using deep learning and generative AI technologies.
12500,BI Developer,ByteWorks,Startup,USA,Mid,Bachelor's,105067,"Excel, DAX, SQL",Hybrid,Jun,109,Develop interactive dashboards and business intelligence solutions.
12501,AI Engineer,NextGen AI,Startup,India,Entry,Bachelor's,54031,"Python, Machine Learning, PyTorch, TensorFlow, AWS",Hybrid,May,601,Build AI systems using deep learning and generative AI technologies.
12502,Data Analyst,NextGen AI,Startup,Singapore,Mid,Master's,74223,"DAX, Python, SQL",Remote,Jun,100,Analyze business data and create reports and dashboards.
12503,Data Scientist,DataSphere,Medium,USA,Entry,Master's,133814,"SQL, Python, TensorFlow",Remote,Nov,293,Build predictive models and perform advanced analytics.
12504,ML Engineer,DataSphere,Medium,Germany,Senior,PhD,230241,"AWS, PyTorch, TensorFlow",Hybrid,May,218,Deploy and optimize machine learning models in production.
12505,BI Developer,InnoSoft,Enterprise,India,Entry,Bachelor's,38406,"DAX, SQL, Power BI, Excel",Hybrid,Nov,453,Develop interactive dashboards and business intelligence solutions.
12506,AI Engineer,Analytica,Enterprise,USA,Mid,Bachelor's,211218,"Machine Learning, TensorFlow, AWS, Python",Hybrid,Nov,159,Build AI systems using deep learning and generative AI technologies.
12507,AI Engineer,TechNova,Startup,USA,Mid,Master's,211981,"Machine Learning, TensorFlow, PyTorch, Python, AWS",On-site,Jan,169,Build AI systems using deep learning and generative AI technologies.
12508,Business Analyst,InnoSoft,Enterprise,India,Mid,Bachelor's,36291,"Power BI, SQL, Excel, Tableau",On-site,Jun,367,Gather requirements and improve business processes through data insights.
12509,Data Analyst,ByteWorks,Startup,Germany,Mid,Master's,89258,"Power BI, DAX, SQL",Hybrid,Aug,153,Analyze business data and create reports and dashboards.
12510,Data Scientist,Analytica,Enterprise,India,Senior,PhD,100595,"TensorFlow, Python, PyTorch, SQL, Machine Learning",Remote,Mar,240,Build predictive models and perform advanced analytics.
12511,BI Developer,InnoSoft,Enterprise,Australia,Mid,Bachelor's,68701,"Excel, SQL, Power BI, DAX",Remote,Oct,89,Develop interactive dashboards and business intelligence solutions.
12512,ML Engineer,ByteWorks,Startup,USA,Mid,Master's,148383,"PyTorch, Python, AWS, TensorFlow, Machine Learning",Remote,Jul,207,Deploy and optimize machine learning models in production.
12513,BI Developer,ByteWorks,Startup,Australia,Mid,Bachelor's,83381,"Excel, SQL, DAX",Remote,Mar,100,Develop interactive dashboards and business intelligence solutions.
12514,ML Engineer,DataSphere,Medium,India,Mid,Master's,82297,"TensorFlow, PyTorch, AWS",Hybrid,Nov,200,Deploy and optimize machine learning models in production.
12515,AI Engineer,Analytica,Enterprise,USA,Mid,Bachelor's,142955,"PyTorch, AWS, TensorFlow",On-site,Oct,93,Build AI systems using deep learning and generative AI technologies.
12516,Data Analyst,ByteWorks,Startup,Singapore,Entry,Master's,48728,"Excel, Tableau, Power BI",Remote,Dec,329,Analyze business data and create reports and dashboards.
12517,ML Engineer,TechNova,Startup,Singapore,Mid,Master's,124946,"Machine Learning, TensorFlow, PyTorch, AWS",Remote,Oct,155,Deploy and optimize machine learning models in production.
12518,BI Developer,Insight Corp,Enterprise,India,Mid,Bachelor's,44003,"SQL, DAX, Excel, Power BI",On-site,Jul,214,Develop interactive dashboards and business intelligence solutions.
12519,BI Developer,CloudMatrix,Medium,Singapore,Senior,PhD,86702,"Power BI, DAX, Excel, SQL",Remote,Oct,53,Develop interactive dashboards and business intelligence solutions.
12520,AI Engineer,Insight Corp,Enterprise,Canada,Senior,Master's,160440,"Machine Learning, AWS, PyTorch",On-site,Dec,226,Build AI systems using deep learning and generative AI technologies.
12521,AI Engineer,CloudMatrix,Medium,USA,Mid,Master's,206313,"AWS, PyTorch, Python, Machine Learning",Hybrid,Sep,57,Build AI systems using deep learning and generative AI technologies.
12522,AI Engineer,Insight Corp,Enterprise,Singapore,Mid,Master's,120971,"Machine Learning, TensorFlow, AWS, PyTorch, Python",Hybrid,Jun,201,Build AI systems using deep learning and generative AI technologies.
12523,Data Analyst,ByteWorks,Startup,UK,Entry,Master's,53140,"Excel, Python, SQL, Tableau, DAX",Hybrid,May,288,Analyze business data and create reports and dashboards.
12524,Data Scientist,InnoSoft,Enterprise,Canada,Senior,Master's,148350,"TensorFlow, SQL, PyTorch, Machine Learning",On-site,Feb,248,Build predictive models and perform advanced analytics.
12525,Business Analyst,DataSphere,Medium,Singapore,Entry,Master's,40003,"Excel, Tableau, SQL",Hybrid,Jul,339,Gather requirements and improve business processes through data insights.
12526,Data Engineer,Insight Corp,Enterprise,Germany,Mid,Master's,128560,"AWS, SQL, Spark",On-site,May,200,Design and maintain data pipelines and data warehouses.
12527,Data Scientist,ByteWorks,Startup,Singapore,Senior,Master's,130809,"SQL, Python, PyTorch",Hybrid,Feb,218,Build predictive models and perform advanced analytics.
12528,AI Engineer,CloudMatrix,Medium,India,Senior,Master's,87235,"PyTorch, Machine Learning, AWS, TensorFlow",On-site,Nov,359,Build AI systems using deep learning and generative AI technologies.
12529,Data Engineer,TechNova,Startup,India,Mid,Bachelor's,64504,"SQL, Python, AWS",Hybrid,Sep,171,Design and maintain data pipelines and data warehouses.
12530,Data Scientist,ByteWorks,Startup,India,Entry,Bachelor's,44677,"Machine Learning, TensorFlow, PyTorch",Hybrid,Sep,451,Build predictive models and perform advanced analytics.
12531,Data Analyst,DataSphere,Medium,India,Entry,Master's,28929,"Excel, Tableau, Python",On-site,Dec,421,Analyze business data and create reports and dashboards.
12532,ML Engineer,DataSphere,Medium,UK,Entry,Bachelor's,143527,"PyTorch, Python, TensorFlow, Machine Learning",Remote,Oct,495,Deploy and optimize machine learning models in production.
12533,Data Analyst,NextGen AI,Startup,Australia,Senior,Master's,103659,"Power BI, DAX, Python, SQL, Tableau",Hybrid,Nov,186,Analyze business data and create reports and dashboards.
12534,BI Developer,InnoSoft,Enterprise,UK,Senior,PhD,87376,"DAX, SQL, Power BI, Excel",On-site,Feb,242,Develop interactive dashboards and business intelligence solutions.
12535,Business Analyst,NextGen AI,Startup,USA,Senior,PhD,71782,"Power BI, Excel, Tableau, SQL",Remote,Jan,245,Gather requirements and improve business processes through data insights.
12536,ML Engineer,TechNova,Startup,Australia,Entry,Bachelor's,85115,"PyTorch, AWS, Python, TensorFlow, Machine Learning",Hybrid,Jul,396,Deploy and optimize machine learning models in production.
12537,Data Scientist,DataSphere,Medium,India,Mid,Master's,52742,"Python, Machine Learning, PyTorch",On-site,Oct,306,Build predictive models and perform advanced analytics.
12538,AI Engineer,CloudMatrix,Medium,India,Mid,Bachelor's,86779,"Machine Learning, AWS, Python",Remote,Sep,283,Build AI systems using deep learning and generative AI technologies.
12539,Data Analyst,DataSphere,Medium,Singapore,Mid,Master's,71337,"SQL, DAX, Python, Power BI, Tableau",Hybrid,Oct,223,Analyze business data and create reports and dashboards.
12540,AI Engineer,Analytica,Enterprise,UK,Mid,Master's,121252,"TensorFlow, Python, Machine Learning",Hybrid,Oct,65,Build AI systems using deep learning and generative AI technologies.
12541,Data Scientist,DataSphere,Medium,Australia,Entry,Bachelor's,108640,"PyTorch, Python, Machine Learning, TensorFlow",Hybrid,Jun,339,Build predictive models and perform advanced analytics.
12542,Business Analyst,DataSphere,Medium,India,Entry,Master's,19443,"Power BI, Excel, Tableau, SQL",Hybrid,Dec,363,Gather requirements and improve business processes through data insights.
12543,AI Engineer,ByteWorks,Startup,Australia,Entry,Master's,144832,"Python, PyTorch, Machine Learning, AWS",Hybrid,Jul,348,Build AI systems using deep learning and generative AI technologies.
12544,Data Engineer,CloudMatrix,Medium,Canada,Entry,Bachelor's,103010,"Spark, AWS, Python, SQL",Remote,Dec,260,Design and maintain data pipelines and data warehouses.
12545,Data Scientist,Insight Corp,Enterprise,Canada,Entry,Bachelor's,84059,"PyTorch, Python, Machine Learning, TensorFlow",On-site,Oct,464,Build predictive models and perform advanced analytics.
12546,BI Developer,DataSphere,Medium,Canada,Entry,Bachelor's,43395,"Excel, Power BI, SQL, DAX",Hybrid,Nov,315,Develop interactive dashboards and business intelligence solutions.
12547,AI Engineer,Insight Corp,Enterprise,Germany,Mid,Master's,158836,"PyTorch, TensorFlow, Python, Machine Learning, AWS",Remote,Aug,204,Build AI systems using deep learning and generative AI technologies.
12548,Business Analyst,ByteWorks,Startup,India,Mid,Master's,33319,"Power BI, Tableau, Excel, SQL",Hybrid,Mar,363,Gather requirements and improve business processes through data insights.
12549,Data Engineer,Analytica,Enterprise,Germany,Entry,Master's,113533,"AWS, SQL, Python, Spark",On-site,Oct,284,Design and maintain data pipelines and data warehouses.
12550,Data Engineer,InnoSoft,Enterprise,Canada,Senior,PhD,173306,"AWS, SQL, Python, Spark",Hybrid,Jun,190,Design and maintain data pipelines and data warehouses.
12551,Data Scientist,InnoSoft,Enterprise,Australia,Mid,Bachelor's,151160,"Python, TensorFlow, Machine Learning",Remote,Apr,225,Build predictive models and perform advanced analytics.
12552,Data Analyst,InnoSoft,Enterprise,Canada,Entry,Master's,48238,"Power BI, Python, Tableau, Excel, SQL",Remote,Oct,288,Analyze business data and create reports and dashboards.
12553,Data Scientist,DataSphere,Medium,Germany,Entry,Bachelor's,105698,"TensorFlow, Machine Learning, SQL",On-site,Feb,250,Build predictive models and perform advanced analytics.
12554,Business Analyst,DataSphere,Medium,UK,Entry,Bachelor's,60400,"SQL, Tableau, Excel, Power BI",Hybrid,Mar,238,Gather requirements and improve business processes through data insights.
12555,ML Engineer,DataSphere,Medium,India,Mid,Bachelor's,58641,"TensorFlow, Python, Machine Learning, AWS, PyTorch",On-site,Sep,282,Deploy and optimize machine learning models in production.
12556,AI Engineer,Analytica,Enterprise,UK,Entry,Bachelor's,104219,"Machine Learning, TensorFlow, PyTorch, AWS",On-site,Mar,443,Build AI systems using deep learning and generative AI technologies.
12557,Data Analyst,DataSphere,Medium,Germany,Senior,Master's,78697,"Tableau, DAX, Python, Excel",Remote,Nov,108,Analyze business data and create reports and dashboards.
12558,Data Analyst,TechNova,Startup,Australia,Mid,Master's,78852,"Power BI, Excel, DAX",On-site,Apr,88,Analyze business data and create reports and dashboards.
12559,ML Engineer,CloudMatrix,Medium,Canada,Mid,Bachelor's,153211,"TensorFlow, AWS, Python, Machine Learning",On-site,Apr,122,Deploy and optimize machine learning models in production.
12560,ML Engineer,Analytica,Enterprise,Australia,Mid,Master's,142008,"TensorFlow, PyTorch, Python",Remote,Feb,129,Deploy and optimize machine learning models in production.
12561,Data Analyst,Analytica,Enterprise,UK,Mid,Master's,64379,"SQL, Excel, Tableau",Remote,Apr,191,Analyze business data and create reports and dashboards.
12562,Data Engineer,InnoSoft,Enterprise,UK,Senior,PhD,137979,"AWS, SQL, Spark, Python",On-site,Dec,51,Design and maintain data pipelines and data warehouses.
12563,Data Analyst,InnoSoft,Enterprise,UK,Mid,Bachelor's,87130,"Tableau, Power BI, Python, Excel, DAX",Remote,Nov,126,Analyze business data and create reports and dashboards.
12564,Data Scientist,CloudMatrix,Medium,USA,Entry,Bachelor's,98199,"Machine Learning, Python, PyTorch, SQL, TensorFlow",Hybrid,Feb,432,Build predictive models and perform advanced analytics.
12565,ML Engineer,TechNova,Startup,Germany,Senior,Master's,137914,"TensorFlow, Python, PyTorch, AWS",On-site,Jul,115,Deploy and optimize machine learning models in production.
12566,Data Analyst,Insight Corp,Enterprise,Canada,Entry,Master's,59526,"Excel, SQL, Tableau, Python",Hybrid,Feb,318,Analyze business data and create reports and dashboards.
12567,AI Engineer,DataSphere,Medium,Singapore,Senior,PhD,181980,"Machine Learning, AWS, Python, TensorFlow",On-site,Jan,108,Build AI systems using deep learning and generative AI technologies.
12568,Data Analyst,TechNova,Startup,Australia,Entry,Master's,52650,"Tableau, DAX, Power BI, SQL",Remote,Sep,389,Analyze business data and create reports and dashboards.
12569,ML Engineer,ByteWorks,Startup,Singapore,Entry,Bachelor's,146829,"Machine Learning, AWS, Python, PyTorch",Remote,Jun,413,Deploy and optimize machine learning models in production.
12570,Data Engineer,InnoSoft,Enterprise,Germany,Mid,Bachelor's,116424,"SQL, AWS, Spark",Hybrid,Apr,166,Design and maintain data pipelines and data warehouses.
12571,Business Analyst,DataSphere,Medium,USA,Entry,Master's,55015,"Tableau, Excel, SQL",Remote,Apr,386,Gather requirements and improve business processes through data insights.
12572,ML Engineer,DataSphere,Medium,Canada,Mid,Master's,163476,"AWS, PyTorch, TensorFlow, Machine Learning, Python",On-site,Jan,105,Deploy and optimize machine learning models in production.
12573,Data Scientist,TechNova,Startup,USA,Mid,Bachelor's,154858,"Python, SQL, Machine Learning",Hybrid,Mar,245,Build predictive models and perform advanced analytics.
12574,AI Engineer,InnoSoft,Enterprise,India,Senior,PhD,81879,"Machine Learning, TensorFlow, PyTorch",Hybrid,Sep,357,Build AI systems using deep learning and generative AI technologies.
12575,Business Analyst,Analytica,Enterprise,UK,Mid,Bachelor's,77466,"SQL, Power BI, Excel, Tableau",Hybrid,May,84,Gather requirements and improve business processes through data insights.
12576,ML Engineer,CloudMatrix,Medium,Singapore,Mid,Master's,168003,"AWS, Machine Learning, PyTorch",Remote,Jan,195,Deploy and optimize machine learning models in production.
12577,BI Developer,CloudMatrix,Medium,USA,Entry,Master's,63263,"DAX, Excel, SQL, Power BI",Remote,Jul,281,Develop interactive dashboards and business intelligence solutions.
12578,BI Developer,DataSphere,Medium,USA,Senior,Master's,99011,"Power BI, Excel, SQL, DAX",Remote,May,80,Develop interactive dashboards and business intelligence solutions.
12579,Data Engineer,NextGen AI,Startup,Australia,Entry,Master's,129906,"Spark, AWS, SQL, Python",Hybrid,Oct,195,Design and maintain data pipelines and data warehouses.
12580,BI Developer,InnoSoft,Enterprise,India,Mid,Master's,46543,"Power BI, Excel, SQL",Remote,Jun,342,Develop interactive dashboards and business intelligence solutions.
12581,Data Engineer,Analytica,Enterprise,USA,Mid,Master's,169315,"AWS, SQL, Python, Spark",Hybrid,Feb,159,Design and maintain data pipelines and data warehouses.
12582,Business Analyst,Insight Corp,Enterprise,India,Mid,Master's,25189,"Excel, Power BI, SQL, Tableau",Remote,Aug,293,Gather requirements and improve business processes through data insights.
12583,AI Engineer,InnoSoft,Enterprise,USA,Entry,Bachelor's,169551,"PyTorch, Python, AWS",On-site,Feb,278,Build AI systems using deep learning and generative AI technologies.
12584,Data Analyst,NextGen AI,Startup,UK,Entry,Master's,58662,"DAX, SQL, Power BI",Remote,Aug,284,Analyze business data and create reports and dashboards.
12585,Data Engineer,InnoSoft,Enterprise,Australia,Entry,Master's,69005,"AWS, Python, SQL, Spark",On-site,Dec,172,Design and maintain data pipelines and data warehouses.
12586,Data Engineer,TechNova,Startup,Canada,Senior,PhD,117965,"SQL, Spark, Python, AWS",On-site,Oct,137,Design and maintain data pipelines and data warehouses.
12587,Data Engineer,ByteWorks,Startup,Germany,Mid,Bachelor's,141455,"AWS, Python, Spark",Remote,Apr,165,Design and maintain data pipelines and data warehouses.
12588,Data Scientist,InnoSoft,Enterprise,Germany,Entry,Master's,83460,"PyTorch, SQL, Python, Machine Learning",Hybrid,Oct,257,Build predictive models and perform advanced analytics.
12589,Data Scientist,DataSphere,Medium,Singapore,Senior,PhD,178925,"PyTorch, Machine Learning, Python, SQL",On-site,Jan,142,Build predictive models and perform advanced analytics.
12590,Data Analyst,DataSphere,Medium,Singapore,Entry,Master's,48718,"DAX, Power BI, Python",Remote,Sep,396,Analyze business data and create reports and dashboards.
12591,BI Developer,ByteWorks,Startup,UK,Mid,Bachelor's,95770,"SQL, Excel, Power BI, DAX",Hybrid,Jun,214,Develop interactive dashboards and business intelligence solutions.
12592,Data Engineer,ByteWorks,Startup,Germany,Senior,PhD,163366,"AWS, SQL, Spark",On-site,Jan,104,Design and maintain data pipelines and data warehouses.
12593,Business Analyst,ByteWorks,Startup,USA,Entry,Master's,65926,"Tableau, SQL, Power BI, Excel",On-site,Jul,384,Gather requirements and improve business processes through data insights.
12594,Data Engineer,Insight Corp,Enterprise,Australia,Mid,Master's,123462,"Spark, AWS, Python, SQL",Hybrid,May,163,Design and maintain data pipelines and data warehouses.
12595,AI Engineer,CloudMatrix,Medium,Singapore,Entry,Bachelor's,101650,"AWS, Machine Learning, Python",On-site,Sep,220,Build AI systems using deep learning and generative AI technologies.
12596,ML Engineer,Insight Corp,Enterprise,Singapore,Senior,Master's,233639,"Machine Learning, PyTorch, TensorFlow",Hybrid,Apr,206,Deploy and optimize machine learning models in production.
12597,Data Scientist,CloudMatrix,Medium,Canada,Mid,Master's,78905,"Python, TensorFlow, PyTorch, SQL, Machine Learning",On-site,Jul,247,Build predictive models and perform advanced analytics.
12598,Data Engineer,NextGen AI,Startup,USA,Mid,Bachelor's,113552,"Spark, AWS, Python, SQL",Hybrid,Aug,113,Design and maintain data pipelines and data warehouses.
12599,Business Analyst,Analytica,Enterprise,USA,Entry,Master's,58011,"SQL, Excel, Tableau, Power BI",Remote,Feb,262,Gather requirements and improve business processes through data insights.
12600,Data Analyst,InnoSoft,Enterprise,Germany,Entry,Master's,54092,"SQL, DAX, Excel, Tableau",Hybrid,May,401,Analyze business data and create reports and dashboards.
12601,ML Engineer,ByteWorks,Startup,Canada,Mid,Bachelor's,145194,"TensorFlow, Machine Learning, AWS",Hybrid,Oct,160,Deploy and optimize machine learning models in production.
12602,Data Engineer,Analytica,Enterprise,Canada,Entry,Bachelor's,80086,"Spark, Python, AWS, SQL",Hybrid,Mar,363,Design and maintain data pipelines and data warehouses.
12603,ML Engineer,Analytica,Enterprise,Germany,Entry,Master's,139412,"Machine Learning, PyTorch, AWS, TensorFlow",Remote,Oct,261,Deploy and optimize machine learning models in production.
12604,ML Engineer,Analytica,Enterprise,USA,Mid,Master's,144925,"PyTorch, TensorFlow, AWS, Machine Learning",Hybrid,May,55,Deploy and optimize machine learning models in production.
12605,ML Engineer,Analytica,Enterprise,UK,Mid,Master's,145965,"TensorFlow, AWS, Python, PyTorch",On-site,Jan,55,Deploy and optimize machine learning models in production.
12606,ML Engineer,ByteWorks,Startup,Australia,Mid,Bachelor's,144892,"AWS, Python, PyTorch",On-site,Mar,160,Deploy and optimize machine learning models in production.
12607,Data Engineer,InnoSoft,Enterprise,USA,Senior,PhD,203702,"Python, AWS, Spark, SQL",On-site,May,74,Design and maintain data pipelines and data warehouses.
12608,BI Developer,Insight Corp,Enterprise,Singapore,Entry,Master's,60393,"Excel, SQL, Power BI, DAX",Hybrid,Oct,340,Develop interactive dashboards and business intelligence solutions.
12609,Data Analyst,TechNova,Startup,Singapore,Senior,PhD,108689,"Power BI, Excel, Python",Hybrid,Jan,214,Analyze business data and create reports and dashboards.
12610,Data Scientist,NextGen AI,Startup,Australia,Mid,Master's,123190,"PyTorch, Machine Learning, Python, TensorFlow",Hybrid,Sep,162,Build predictive models and perform advanced analytics.
12611,AI Engineer,CloudMatrix,Medium,Germany,Entry,Bachelor's,119758,"PyTorch, Machine Learning, AWS",Hybrid,Aug,390,Build AI systems using deep learning and generative AI technologies.
12612,Business Analyst,TechNova,Startup,UK,Entry,Bachelor's,42940,"SQL, Power BI, Tableau, Excel",On-site,Dec,406,Gather requirements and improve business processes through data insights.
12613,Data Analyst,ByteWorks,Startup,Germany,Mid,Master's,74631,"Excel, DAX, Python, Tableau",Hybrid,Dec,241,Analyze business data and create reports and dashboards.
12614,Data Engineer,NextGen AI,Startup,India,Entry,Master's,44731,"AWS, Python, SQL, Spark",Hybrid,Oct,427,Design and maintain data pipelines and data warehouses.
12615,Data Engineer,TechNova,Startup,India,Mid,Bachelor's,53906,"AWS, SQL, Python",Remote,Jan,235,Design and maintain data pipelines and data warehouses.
12616,Data Engineer,InnoSoft,Enterprise,USA,Entry,Master's,127369,"Python, SQL, AWS",On-site,May,307,Design and maintain data pipelines and data warehouses.
12617,AI Engineer,TechNova,Startup,Australia,Entry,Bachelor's,135606,"Machine Learning, PyTorch, Python",Remote,Sep,244,Build AI systems using deep learning and generative AI technologies.
12618,BI Developer,TechNova,Startup,India,Entry,Master's,28412,"Excel, DAX, SQL, Power BI",Hybrid,Sep,373,Develop interactive dashboards and business intelligence solutions.
12619,AI Engineer,DataSphere,Medium,Australia,Mid,Master's,184800,"PyTorch, Machine Learning, AWS",On-site,Dec,110,Build AI systems using deep learning and generative AI technologies.
12620,Data Scientist,NextGen AI,Startup,UK,Entry,Bachelor's,120261,"PyTorch, Machine Learning, SQL, TensorFlow, Python",On-site,Sep,417,Build predictive models and perform advanced analytics.
12621,AI Engineer,DataSphere,Medium,Canada,Senior,PhD,217907,"TensorFlow, Machine Learning, AWS, PyTorch, Python",Hybrid,Feb,90,Build AI systems using deep learning and generative AI technologies.
12622,Data Engineer,CloudMatrix,Medium,USA,Senior,Master's,196572,"Python, SQL, Spark, AWS",Hybrid,Jan,215,Design and maintain data pipelines and data warehouses.
12623,Data Engineer,DataSphere,Medium,UK,Mid,Bachelor's,132790,"AWS, SQL, Python, Spark",Remote,Dec,127,Design and maintain data pipelines and data warehouses.
12624,AI Engineer,Insight Corp,Enterprise,UK,Mid,Master's,187540,"PyTorch, Python, Machine Learning, AWS, TensorFlow",Remote,Jul,239,Build AI systems using deep learning and generative AI technologies.
12625,ML Engineer,Insight Corp,Enterprise,India,Entry,Master's,57857,"PyTorch, Machine Learning, AWS, Python",Hybrid,Jun,371,Deploy and optimize machine learning models in production.
12626,Data Engineer,DataSphere,Medium,Australia,Entry,Master's,83319,"Spark, SQL, AWS, Python",Hybrid,May,358,Design and maintain data pipelines and data warehouses.
12627,BI Developer,InnoSoft,Enterprise,Canada,Entry,Master's,49043,"DAX, Excel, SQL",Hybrid,Oct,237,Develop interactive dashboards and business intelligence solutions.
12628,Data Scientist,TechNova,Startup,India,Mid,Master's,60388,"PyTorch, TensorFlow, SQL, Machine Learning",Hybrid,May,230,Build predictive models and perform advanced analytics.
12629,ML Engineer,DataSphere,Medium,Germany,Mid,Master's,124743,"AWS, Python, Machine Learning, TensorFlow",Hybrid,Oct,223,Deploy and optimize machine learning models in production.
12630,Business Analyst,CloudMatrix,Medium,India,Senior,Master's,50052,"Excel, SQL, Power BI, Tableau",Remote,Mar,267,Gather requirements and improve business processes through data insights.
12631,Data Scientist,InnoSoft,Enterprise,Singapore,Mid,Master's,139227,"TensorFlow, Python, PyTorch, SQL",On-site,Feb,100,Build predictive models and perform advanced analytics.
12632,Data Scientist,TechNova,Startup,India,Entry,Bachelor's,53001,"TensorFlow, PyTorch, Machine Learning, SQL",On-site,Feb,458,Build predictive models and perform advanced analytics.
12633,Data Scientist,NextGen AI,Startup,USA,Entry,Master's,133393,"PyTorch, TensorFlow, Python",Hybrid,Dec,435,Build predictive models and perform advanced analytics.
12634,Data Engineer,DataSphere,Medium,India,Mid,Master's,45933,"Spark, SQL, AWS",Remote,Mar,200,Design and maintain data pipelines and data warehouses.
12635,Data Analyst,Analytica,Enterprise,UK,Entry,Bachelor's,63559,"DAX, SQL, Python, Excel, Tableau",On-site,Sep,390,Analyze business data and create reports and dashboards.
12636,Data Engineer,CloudMatrix,Medium,Singapore,Mid,Bachelor's,102757,"SQL, Spark, Python, AWS",Hybrid,Jun,58,Design and maintain data pipelines and data warehouses.
12637,AI Engineer,NextGen AI,Startup,USA,Entry,Bachelor's,143201,"TensorFlow, Machine Learning, PyTorch, Python, AWS",Remote,Aug,234,Build AI systems using deep learning and generative AI technologies.
12638,Data Engineer,TechNova,Startup,USA,Senior,PhD,169534,"SQL, Spark, Python, AWS",Hybrid,May,189,Design and maintain data pipelines and data warehouses.
12639,Data Scientist,DataSphere,Medium,Australia,Mid,Master's,145518,"TensorFlow, Machine Learning, PyTorch, Python, SQL",Hybrid,Sep,160,Build predictive models and perform advanced analytics.
12640,ML Engineer,DataSphere,Medium,USA,Entry,Bachelor's,138052,"AWS, PyTorch, TensorFlow",Hybrid,May,335,Deploy and optimize machine learning models in production.
12641,Data Scientist,NextGen AI,Startup,Australia,Mid,Bachelor's,103294,"SQL, Machine Learning, PyTorch, TensorFlow",Hybrid,Nov,244,Build predictive models and perform advanced analytics.
12642,ML Engineer,Analytica,Enterprise,Germany,Senior,PhD,179465,"PyTorch, AWS, Machine Learning",Hybrid,Nov,119,Deploy and optimize machine learning models in production.
12643,Data Analyst,Insight Corp,Enterprise,Canada,Entry,Bachelor's,50350,"Excel, Power BI, Tableau, SQL",Remote,Apr,380,Analyze business data and create reports and dashboards.
12644,Data Engineer,Insight Corp,Enterprise,India,Senior,PhD,89753,"AWS, SQL, Spark, Python",Remote,Nov,346,Design and maintain data pipelines and data warehouses.
12645,AI Engineer,DataSphere,Medium,India,Mid,Master's,90273,"TensorFlow, Machine Learning, AWS",Hybrid,Sep,163,Build AI systems using deep learning and generative AI technologies.
12646,Data Scientist,InnoSoft,Enterprise,USA,Senior,Master's,159512,"PyTorch, TensorFlow, Python, Machine Learning",Remote,Apr,169,Build predictive models and perform advanced analytics.
12647,Data Engineer,ByteWorks,Startup,Germany,Senior,PhD,206301,"Python, SQL, Spark",Hybrid,Oct,133,Design and maintain data pipelines and data warehouses.
12648,Data Scientist,CloudMatrix,Medium,Singapore,Mid,Bachelor's,145289,"SQL, PyTorch, TensorFlow, Python",On-site,Jun,216,Build predictive models and perform advanced analytics.
12649,BI Developer,DataSphere,Medium,Australia,Mid,Bachelor's,85415,"Excel, Power BI, DAX, SQL",Hybrid,Jul,213,Develop interactive dashboards and business intelligence solutions.
12650,Business Analyst,InnoSoft,Enterprise,Germany,Entry,Bachelor's,60246,"SQL, Tableau, Power BI, Excel",On-site,Jan,242,Gather requirements and improve business processes through data insights.
12651,BI Developer,InnoSoft,Enterprise,India,Senior,Master's,60069,"SQL, Power BI, Excel, DAX",Remote,Jun,266,Develop interactive dashboards and business intelligence solutions.
12652,Data Analyst,DataSphere,Medium,UK,Senior,Master's,97603,"Excel, Power BI, DAX",On-site,Apr,221,Analyze business data and create reports and dashboards.
12653,Business Analyst,CloudMatrix,Medium,Australia,Mid,Master's,48660,"SQL, Excel, Power BI, Tableau",Remote,Jul,189,Gather requirements and improve business processes through data insights.
12654,ML Engineer,NextGen AI,Startup,USA,Senior,PhD,145985,"TensorFlow, Python, AWS",Remote,Jan,249,Deploy and optimize machine learning models in production.
12655,ML Engineer,DataSphere,Medium,Singapore,Senior,PhD,137809,"Machine Learning, Python, PyTorch",Hybrid,Jun,59,Deploy and optimize machine learning models in production.
12656,Data Scientist,Insight Corp,Enterprise,UK,Senior,Master's,177510,"TensorFlow, Machine Learning, SQL",Hybrid,Dec,142,Build predictive models and perform advanced analytics.
12657,Business Analyst,CloudMatrix,Medium,UK,Mid,Bachelor's,52053,"Power BI, Tableau, Excel",On-site,May,78,Gather requirements and improve business processes through data insights.
12658,AI Engineer,TechNova,Startup,Singapore,Mid,Bachelor's,163885,"Python, Machine Learning, PyTorch, AWS",Remote,Feb,81,Build AI systems using deep learning and generative AI technologies.
12659,Data Scientist,Analytica,Enterprise,Canada,Entry,Bachelor's,81911,"Machine Learning, PyTorch, Python, SQL",Remote,Feb,295,Build predictive models and perform advanced analytics.
12660,Data Engineer,InnoSoft,Enterprise,Germany,Entry,Bachelor's,77760,"AWS, Python, Spark, SQL",Hybrid,Jul,300,Design and maintain data pipelines and data warehouses.
12661,Data Analyst,ByteWorks,Startup,Canada,Entry,Master's,39484,"Excel, DAX, SQL, Power BI",Remote,Mar,294,Analyze business data and create reports and dashboards.
12662,Data Analyst,NextGen AI,Startup,Germany,Mid,Bachelor's,85503,"DAX, Excel, Python, Power BI",Remote,Jun,241,Analyze business data and create reports and dashboards.
12663,ML Engineer,ByteWorks,Startup,UK,Mid,Bachelor's,158479,"Python, Machine Learning, AWS, PyTorch",Remote,Jul,198,Deploy and optimize machine learning models in production.
12664,Data Scientist,NextGen AI,Startup,Australia,Entry,Master's,91420,"Machine Learning, Python, TensorFlow",Hybrid,May,291,Build predictive models and perform advanced analytics.
12665,Data Engineer,Insight Corp,Enterprise,Singapore,Mid,Master's,138818,"Spark, SQL, Python, AWS",On-site,Apr,70,Design and maintain data pipelines and data warehouses.
12666,Business Analyst,DataSphere,Medium,Singapore,Mid,Bachelor's,49994,"Power BI, SQL, Tableau, Excel",Remote,Oct,87,Gather requirements and improve business processes through data insights.
12667,Data Analyst,InnoSoft,Enterprise,Singapore,Entry,Bachelor's,47034,"Tableau, DAX, Python, SQL",Remote,Jan,364,Analyze business data and create reports and dashboards.
12668,Data Engineer,NextGen AI,Startup,USA,Entry,Master's,122844,"SQL, Python, Spark, AWS",Remote,Dec,398,Design and maintain data pipelines and data warehouses.
12669,AI Engineer,CloudMatrix,Medium,Singapore,Entry,Master's,143458,"PyTorch, Python, TensorFlow, Machine Learning, AWS",Remote,Aug,342,Build AI systems using deep learning and generative AI technologies.
12670,Data Analyst,InnoSoft,Enterprise,India,Mid,Bachelor's,25707,"SQL, Excel, DAX",Hybrid,Apr,325,Analyze business data and create reports and dashboards.
12671,ML Engineer,Analytica,Enterprise,India,Mid,Master's,87557,"AWS, Machine Learning, TensorFlow, Python",Hybrid,Oct,243,Deploy and optimize machine learning models in production.
12672,Data Analyst,Analytica,Enterprise,Singapore,Entry,Bachelor's,57627,"Excel, DAX, Python, SQL, Power BI",On-site,Dec,174,Analyze business data and create reports and dashboards.
12673,ML Engineer,DataSphere,Medium,Germany,Mid,Master's,151036,"Machine Learning, PyTorch, AWS",Hybrid,Jan,123,Deploy and optimize machine learning models in production.
12674,Data Scientist,CloudMatrix,Medium,Singapore,Mid,Master's,129198,"TensorFlow, Machine Learning, SQL, PyTorch, Python",On-site,Jul,140,Build predictive models and perform advanced analytics.
12675,AI Engineer,CloudMatrix,Medium,India,Mid,Bachelor's,79522,"PyTorch, AWS, Python, Machine Learning, TensorFlow",Hybrid,Oct,147,Build AI systems using deep learning and generative AI technologies.
12676,ML Engineer,InnoSoft,Enterprise,Germany,Entry,Bachelor's,91678,"Python, AWS, PyTorch",On-site,Dec,409,Deploy and optimize machine learning models in production.
12677,Data Analyst,TechNova,Startup,UK,Senior,Master's,85587,"DAX, Python, Excel, Power BI, Tableau",On-site,Nov,161,Analyze business data and create reports and dashboards.
12678,Data Scientist,TechNova,Startup,India,Senior,PhD,63228,"PyTorch, Python, Machine Learning",Hybrid,Aug,315,Build predictive models and perform advanced analytics.
12679,AI Engineer,Analytica,Enterprise,Australia,Mid,Bachelor's,108586,"AWS, TensorFlow, PyTorch, Machine Learning, Python",Remote,Feb,71,Build AI systems using deep learning and generative AI technologies.
12680,Data Engineer,CloudMatrix,Medium,Germany,Mid,Master's,143538,"AWS, Python, SQL, Spark",Hybrid,Dec,128,Design and maintain data pipelines and data warehouses.
12681,AI Engineer,DataSphere,Medium,UK,Senior,Master's,157777,"TensorFlow, PyTorch, Machine Learning",Hybrid,Dec,59,Build AI systems using deep learning and generative AI technologies.
12682,AI Engineer,Analytica,Enterprise,Australia,Entry,Master's,143596,"AWS, PyTorch, Python",Hybrid,Aug,394,Build AI systems using deep learning and generative AI technologies.
12683,ML Engineer,Insight Corp,Enterprise,Australia,Mid,Bachelor's,156975,"Machine Learning, Python, PyTorch, AWS",Hybrid,Aug,213,Deploy and optimize machine learning models in production.
12684,ML Engineer,Analytica,Enterprise,Canada,Mid,Master's,129605,"PyTorch, Machine Learning, AWS",Hybrid,Apr,177,Deploy and optimize machine learning models in production.
12685,Data Engineer,NextGen AI,Startup,Canada,Entry,Bachelor's,116076,"Python, AWS, Spark",Remote,Dec,373,Design and maintain data pipelines and data warehouses.
12686,Data Scientist,Insight Corp,Enterprise,Germany,Mid,Bachelor's,96899,"Python, PyTorch, TensorFlow, Machine Learning",Hybrid,Apr,88,Build predictive models and perform advanced analytics.
12687,BI Developer,NextGen AI,Startup,Singapore,Entry,Bachelor's,52250,"SQL, Power BI, DAX",Hybrid,Sep,354,Develop interactive dashboards and business intelligence solutions.
12688,AI Engineer,Analytica,Enterprise,Canada,Entry,Master's,113201,"Python, TensorFlow, PyTorch",Hybrid,Sep,279,Build AI systems using deep learning and generative AI technologies.
12689,Data Scientist,Insight Corp,Enterprise,Germany,Mid,Bachelor's,95520,"PyTorch, Machine Learning, SQL, TensorFlow",Hybrid,Aug,97,Build predictive models and perform advanced analytics.
12690,Business Analyst,InnoSoft,Enterprise,Australia,Entry,Master's,49036,"Tableau, SQL, Excel, Power BI",Hybrid,Nov,283,Gather requirements and improve business processes through data insights.
12691,ML Engineer,Analytica,Enterprise,Canada,Senior,PhD,125488,"AWS, Machine Learning, PyTorch, Python",Remote,May,130,Deploy and optimize machine learning models in production.
12692,Business Analyst,DataSphere,Medium,USA,Mid,Bachelor's,67340,"Power BI, Excel, Tableau",Hybrid,Dec,127,Gather requirements and improve business processes through data insights.
12693,BI Developer,Analytica,Enterprise,Canada,Entry,Master's,75232,"DAX, Excel, SQL, Power BI",Remote,Oct,303,Develop interactive dashboards and business intelligence solutions.
12694,ML Engineer,CloudMatrix,Medium,Germany,Mid,Master's,157217,"TensorFlow, Machine Learning, PyTorch, Python",On-site,Sep,97,Deploy and optimize machine learning models in production.
12695,Data Scientist,Analytica,Enterprise,India,Senior,Master's,80166,"Machine Learning, TensorFlow, PyTorch, Python",Hybrid,Dec,185,Build predictive models and perform advanced analytics.
12696,Data Analyst,TechNova,Startup,Canada,Entry,Bachelor's,65365,"Excel, DAX, SQL",Remote,Jan,470,Analyze business data and create reports and dashboards.
12697,Data Analyst,DataSphere,Medium,UK,Mid,Master's,81270,"DAX, Python, SQL, Tableau, Excel",On-site,Aug,206,Analyze business data and create reports and dashboards.
12698,BI Developer,NextGen AI,Startup,UK,Entry,Master's,74655,"Excel, SQL, DAX, Power BI",Remote,Jun,331,Develop interactive dashboards and business intelligence solutions.
12699,Data Scientist,TechNova,Startup,Singapore,Entry,Bachelor's,117805,"TensorFlow, PyTorch, Machine Learning, SQL",Hybrid,Jan,264,Build predictive models and perform advanced analytics.
12700,Business Analyst,DataSphere,Medium,Australia,Entry,Bachelor's,50784,"Power BI, Excel, SQL",Remote,Aug,292,Gather requirements and improve business processes through data insights.
12701,Business Analyst,Insight Corp,Enterprise,USA,Entry,Master's,65101,"Tableau, Power BI, Excel, SQL",On-site,Jan,252,Gather requirements and improve business processes through data insights.
12702,AI Engineer,NextGen AI,Startup,UK,Mid,Bachelor's,112602,"Python, AWS, Machine Learning, TensorFlow",Hybrid,Feb,63,Build AI systems using deep learning and generative AI technologies.
12703,BI Developer,DataSphere,Medium,Singapore,Entry,Bachelor's,58112,"DAX, Power BI, SQL, Excel",Hybrid,Oct,266,Develop interactive dashboards and business intelligence solutions.
12704,BI Developer,ByteWorks,Startup,Canada,Mid,Bachelor's,59105,"DAX, SQL, Excel, Power BI",Hybrid,Jul,185,Develop interactive dashboards and business intelligence solutions.
12705,Data Scientist,CloudMatrix,Medium,Singapore,Senior,PhD,134386,"Python, TensorFlow, Machine Learning, SQL, PyTorch",Remote,Nov,182,Build predictive models and perform advanced analytics.
12706,Data Engineer,DataSphere,Medium,Singapore,Entry,Bachelor's,130202,"Spark, Python, SQL, AWS",Hybrid,Feb,333,Design and maintain data pipelines and data warehouses.
12707,AI Engineer,DataSphere,Medium,Singapore,Mid,Bachelor's,150944,"PyTorch, Python, TensorFlow, AWS, Machine Learning",Hybrid,Feb,90,Build AI systems using deep learning and generative AI technologies.
12708,Business Analyst,CloudMatrix,Medium,Singapore,Mid,Bachelor's,62252,"Tableau, SQL, Excel",Remote,Feb,198,Gather requirements and improve business processes through data insights.
12709,AI Engineer,InnoSoft,Enterprise,Australia,Mid,Master's,117185,"TensorFlow, Python, PyTorch",Remote,Dec,165,Build AI systems using deep learning and generative AI technologies.
12710,BI Developer,ByteWorks,Startup,UK,Senior,PhD,120458,"DAX, Excel, SQL, Power BI",Hybrid,Mar,183,Develop interactive dashboards and business intelligence solutions.
12711,AI Engineer,DataSphere,Medium,USA,Mid,Master's,187385,"Python, AWS, TensorFlow, PyTorch, Machine Learning",Remote,Apr,221,Build AI systems using deep learning and generative AI technologies.
12712,AI Engineer,InnoSoft,Enterprise,Singapore,Entry,Master's,88667,"PyTorch, TensorFlow, Python, Machine Learning, AWS",Remote,Sep,199,Build AI systems using deep learning and generative AI technologies.
12713,AI Engineer,InnoSoft,Enterprise,USA,Entry,Master's,161191,"PyTorch, AWS, Python",Hybrid,Aug,217,Build AI systems using deep learning and generative AI technologies.
12714,AI Engineer,DataSphere,Medium,Singapore,Entry,Master's,105185,"TensorFlow, Machine Learning, PyTorch, AWS",Remote,Jan,187,Build AI systems using deep learning and generative AI technologies.
12715,AI Engineer,Analytica,Enterprise,Germany,Entry,Master's,117679,"TensorFlow, AWS, PyTorch, Machine Learning, Python",Hybrid,May,381,Build AI systems using deep learning and generative AI technologies.
12716,Data Analyst,Analytica,Enterprise,Germany,Senior,Master's,71880,"SQL, Excel, Python, Power BI",Hybrid,Apr,60,Analyze business data and create reports and dashboards.
12717,ML Engineer,TechNova,Startup,Australia,Entry,Master's,85115,"PyTorch, AWS, Python",On-site,May,280,Deploy and optimize machine learning models in production.
12718,Business Analyst,ByteWorks,Startup,Canada,Entry,Bachelor's,37605,"SQL, Tableau, Power BI",Hybrid,Oct,397,Gather requirements and improve business processes through data insights.
12719,Data Engineer,CloudMatrix,Medium,Singapore,Entry,Master's,84124,"SQL, AWS, Python, Spark",On-site,Sep,334,Design and maintain data pipelines and data warehouses.
12720,ML Engineer,ByteWorks,Startup,UK,Entry,Bachelor's,81186,"PyTorch, AWS, Machine Learning",Hybrid,Feb,266,Deploy and optimize machine learning models in production.
12721,Data Engineer,CloudMatrix,Medium,UK,Entry,Master's,77013,"SQL, Spark, Python, AWS",Hybrid,Apr,444,Design and maintain data pipelines and data warehouses.
12722,BI Developer,Analytica,Enterprise,Singapore,Entry,Master's,47925,"SQL, DAX, Power BI, Excel",Hybrid,Apr,270,Develop interactive dashboards and business intelligence solutions.
12723,AI Engineer,CloudMatrix,Medium,Germany,Entry,Master's,130090,"TensorFlow, Python, Machine Learning",Remote,Feb,436,Build AI systems using deep learning and generative AI technologies.
12724,Data Engineer,Insight Corp,Enterprise,UK,Entry,Bachelor's,109848,"Spark, SQL, Python, AWS",Remote,Dec,264,Design and maintain data pipelines and data warehouses.
12725,Data Analyst,CloudMatrix,Medium,UK,Entry,Bachelor's,57849,"DAX, Excel, Python, Tableau, Power BI",Hybrid,Oct,322,Analyze business data and create reports and dashboards.
12726,Data Scientist,Analytica,Enterprise,Canada,Entry,Master's,85168,"PyTorch, Python, Machine Learning, SQL",Hybrid,Feb,317,Build predictive models and perform advanced analytics.
12727,Data Scientist,NextGen AI,Startup,Germany,Senior,PhD,127668,"SQL, PyTorch, TensorFlow",Remote,Jan,86,Build predictive models and perform advanced analytics.
12728,ML Engineer,NextGen AI,Startup,Australia,Mid,Bachelor's,127545,"TensorFlow, Python, Machine Learning",On-site,Sep,212,Deploy and optimize machine learning models in production.
12729,AI Engineer,NextGen AI,Startup,Canada,Senior,PhD,177161,"PyTorch, TensorFlow, Python, Machine Learning, AWS",Hybrid,Dec,222,Build AI systems using deep learning and generative AI technologies.
12730,BI Developer,ByteWorks,Startup,USA,Mid,Master's,103298,"Power BI, SQL, DAX, Excel",Remote,Mar,105,Develop interactive dashboards and business intelligence solutions.
12731,Business Analyst,TechNova,Startup,Australia,Mid,Bachelor's,69648,"Excel, Tableau, Power BI, SQL",On-site,Apr,250,Gather requirements and improve business processes through data insights.
12732,ML Engineer,ByteWorks,Startup,Canada,Mid,Bachelor's,142149,"Python, TensorFlow, Machine Learning",Remote,May,233,Deploy and optimize machine learning models in production.
12733,Data Analyst,Insight Corp,Enterprise,India,Mid,Master's,41817,"Python, Power BI, Tableau, Excel",Hybrid,Nov,128,Analyze business data and create reports and dashboards.
12734,AI Engineer,NextGen AI,Startup,USA,Mid,Bachelor's,158628,"Python, TensorFlow, PyTorch, Machine Learning",Hybrid,May,195,Build AI systems using deep learning and generative AI technologies.
12735,Business Analyst,Insight Corp,Enterprise,Singapore,Mid,Master's,64079,"SQL, Excel, Power BI, Tableau",Remote,Feb,235,Gather requirements and improve business processes through data insights.
12736,AI Engineer,TechNova,Startup,Australia,Entry,Master's,127607,"Python, TensorFlow, Machine Learning, PyTorch",Remote,Jun,166,Build AI systems using deep learning and generative AI technologies.
12737,BI Developer,Analytica,Enterprise,UK,Entry,Master's,47790,"Power BI, DAX, SQL",On-site,Jul,454,Develop interactive dashboards and business intelligence solutions.
12738,AI Engineer,Analytica,Enterprise,USA,Mid,Master's,192637,"Machine Learning, AWS, PyTorch",On-site,Aug,146,Build AI systems using deep learning and generative AI technologies.
12739,Data Scientist,Analytica,Enterprise,Singapore,Mid,Bachelor's,140880,"SQL, Python, PyTorch, TensorFlow",Remote,Sep,66,Build predictive models and perform advanced analytics.
12740,Data Engineer,NextGen AI,Startup,UK,Mid,Bachelor's,108076,"SQL, Python, AWS, Spark",Remote,Oct,60,Design and maintain data pipelines and data warehouses.
12741,BI Developer,CloudMatrix,Medium,Canada,Mid,Master's,81665,"Excel, DAX, SQL",On-site,Feb,180,Develop interactive dashboards and business intelligence solutions.
12742,Data Engineer,TechNova,Startup,Germany,Senior,PhD,184013,"Python, AWS, Spark, SQL",Remote,Jun,249,Design and maintain data pipelines and data warehouses.
12743,Data Engineer,CloudMatrix,Medium,UK,Entry,Bachelor's,80009,"AWS, Spark, Python",Hybrid,Jun,484,Design and maintain data pipelines and data warehouses.
12744,BI Developer,Insight Corp,Enterprise,UK,Entry,Bachelor's,58892,"DAX, Power BI, SQL, Excel",Hybrid,Sep,345,Develop interactive dashboards and business intelligence solutions.
12745,BI Developer,ByteWorks,Startup,Germany,Entry,Master's,48216,"DAX, SQL, Power BI",On-site,Mar,458,Develop interactive dashboards and business intelligence solutions.
12746,Data Analyst,CloudMatrix,Medium,Canada,Mid,Master's,72060,"DAX, Excel, Tableau",Remote,Jan,234,Analyze business data and create reports and dashboards.
12747,Data Scientist,ByteWorks,Startup,Germany,Mid,Master's,152969,"Machine Learning, PyTorch, Python, TensorFlow, SQL",Hybrid,Mar,184,Build predictive models and perform advanced analytics.
12748,ML Engineer,TechNova,Startup,Canada,Entry,Master's,106826,"PyTorch, AWS, Python",On-site,Jun,293,Deploy and optimize machine learning models in production.
12749,ML Engineer,Analytica,Enterprise,UK,Mid,Master's,136837,"PyTorch, AWS, TensorFlow",On-site,Feb,74,Deploy and optimize machine learning models in production.
12750,Data Engineer,ByteWorks,Startup,Canada,Senior,PhD,128548,"Spark, SQL, Python, AWS",Remote,Aug,160,Design and maintain data pipelines and data warehouses.
12751,Data Analyst,DataSphere,Medium,Australia,Entry,Master's,47428,"SQL, DAX, Tableau",Hybrid,Aug,396,Analyze business data and create reports and dashboards.
12752,AI Engineer,TechNova,Startup,Singapore,Entry,Master's,122077,"PyTorch, AWS, Machine Learning",Hybrid,Sep,214,Build AI systems using deep learning and generative AI technologies.
12753,Data Engineer,Analytica,Enterprise,Singapore,Senior,PhD,125921,"Spark, Python, AWS",Remote,Aug,243,Design and maintain data pipelines and data warehouses.
12754,Data Engineer,InnoSoft,Enterprise,Canada,Mid,Bachelor's,102087,"Python, AWS, Spark, SQL",Hybrid,Sep,122,Design and maintain data pipelines and data warehouses.
12755,Data Scientist,Insight Corp,Enterprise,USA,Entry,Master's,80975,"Python, PyTorch, SQL, Machine Learning",Hybrid,Oct,308,Build predictive models and perform advanced analytics.
12756,Data Analyst,Analytica,Enterprise,India,Entry,Master's,28248,"Excel, Power BI, Tableau",Remote,Jan,412,Analyze business data and create reports and dashboards.
12757,AI Engineer,CloudMatrix,Medium,USA,Entry,Bachelor's,131314,"PyTorch, Machine Learning, Python",Remote,Feb,212,Build AI systems using deep learning and generative AI technologies.
12758,Data Engineer,TechNova,Startup,Singapore,Entry,Bachelor's,118464,"AWS, Spark, Python, SQL",Remote,Jun,277,Design and maintain data pipelines and data warehouses.
12759,AI Engineer,InnoSoft,Enterprise,USA,Entry,Bachelor's,130539,"AWS, TensorFlow, PyTorch, Machine Learning",Hybrid,Sep,258,Build AI systems using deep learning and generative AI technologies.
12760,BI Developer,InnoSoft,Enterprise,Canada,Mid,Master's,61475,"DAX, Excel, Power BI",On-site,Dec,81,Develop interactive dashboards and business intelligence solutions.
12761,Business Analyst,ByteWorks,Startup,Australia,Mid,Bachelor's,84366,"Power BI, Excel, SQL, Tableau",On-site,Jul,120,Gather requirements and improve business processes through data insights.
12762,Data Engineer,InnoSoft,Enterprise,Singapore,Mid,Bachelor's,146456,"Spark, Python, AWS, SQL",Hybrid,Apr,65,Design and maintain data pipelines and data warehouses.
12763,BI Developer,CloudMatrix,Medium,UK,Entry,Master's,65514,"DAX, Excel, SQL, Power BI",Hybrid,Jan,294,Develop interactive dashboards and business intelligence solutions.
12764,AI Engineer,Analytica,Enterprise,Canada,Entry,Bachelor's,131879,"AWS, TensorFlow, Machine Learning, PyTorch, Python",Remote,Jun,463,Build AI systems using deep learning and generative AI technologies.
12765,Business Analyst,Insight Corp,Enterprise,Singapore,Mid,Bachelor's,85815,"Power BI, Tableau, SQL, Excel",Hybrid,Jan,175,Gather requirements and improve business processes through data insights.
12766,BI Developer,ByteWorks,Startup,Canada,Senior,Master's,72349,"Power BI, Excel, DAX, SQL",Remote,Dec,161,Develop interactive dashboards and business intelligence solutions.
12767,ML Engineer,Analytica,Enterprise,Canada,Senior,PhD,152657,"Machine Learning, PyTorch, AWS",Hybrid,Nov,177,Deploy and optimize machine learning models in production.
12768,AI Engineer,ByteWorks,Startup,India,Mid,Master's,60925,"Python, AWS, Machine Learning, TensorFlow",On-site,Jun,133,Build AI systems using deep learning and generative AI technologies.
12769,ML Engineer,NextGen AI,Startup,UK,Mid,Bachelor's,109275,"Machine Learning, TensorFlow, Python, AWS, PyTorch",Hybrid,Aug,243,Deploy and optimize machine learning models in production.
12770,Data Engineer,InnoSoft,Enterprise,Germany,Senior,Master's,176054,"AWS, SQL, Python",On-site,Nov,221,Design and maintain data pipelines and data warehouses.
12771,Data Scientist,TechNova,Startup,USA,Entry,Bachelor's,77696,"PyTorch, TensorFlow, Python, Machine Learning, SQL",Hybrid,Aug,375,Build predictive models and perform advanced analytics.
12772,Data Engineer,CloudMatrix,Medium,USA,Mid,Master's,133528,"Spark, AWS, SQL, Python",Remote,May,159,Design and maintain data pipelines and data warehouses.
12773,Data Engineer,CloudMatrix,Medium,Singapore,Mid,Bachelor's,160102,"SQL, AWS, Python",Hybrid,Aug,237,Design and maintain data pipelines and data warehouses.
12774,ML Engineer,Insight Corp,Enterprise,Singapore,Mid,Bachelor's,123307,"TensorFlow, Machine Learning, Python, AWS, PyTorch",Hybrid,Apr,162,Deploy and optimize machine learning models in production.
12775,Data Engineer,NextGen AI,Startup,Germany,Senior,Master's,132412,"AWS, SQL, Python, Spark",Hybrid,May,171,Design and maintain data pipelines and data warehouses.
12776,ML Engineer,ByteWorks,Startup,Canada,Mid,Master's,104140,"TensorFlow, Python, AWS, PyTorch",Remote,Jan,70,Deploy and optimize machine learning models in production.
12777,Business Analyst,InnoSoft,Enterprise,UK,Mid,Bachelor's,56938,"Power BI, Tableau, SQL, Excel",Hybrid,Sep,59,Gather requirements and improve business processes through data insights.
12778,ML Engineer,InnoSoft,Enterprise,Germany,Mid,Master's,157556,"TensorFlow, Machine Learning, PyTorch, Python",Hybrid,Dec,175,Deploy and optimize machine learning models in production.
12779,BI Developer,NextGen AI,Startup,Australia,Entry,Bachelor's,71943,"Power BI, DAX, Excel, SQL",Hybrid,Jun,233,Develop interactive dashboards and business intelligence solutions.
12780,Data Analyst,TechNova,Startup,India,Entry,Master's,20291,"SQL, Excel, Power BI, Tableau",Remote,Jun,533,Analyze business data and create reports and dashboards.
12781,Business Analyst,Analytica,Enterprise,India,Entry,Master's,28512,"SQL, Excel, Power BI, Tableau",On-site,Apr,398,Gather requirements and improve business processes through data insights.
12782,Data Analyst,CloudMatrix,Medium,India,Mid,Bachelor's,33038,"Python, SQL, Power BI",Hybrid,May,218,Analyze business data and create reports and dashboards.
12783,Data Analyst,Insight Corp,Enterprise,UK,Entry,Bachelor's,49931,"Tableau, Python, SQL, Power BI",Hybrid,Jan,441,Analyze business data and create reports and dashboards.
12784,Data Engineer,TechNova,Startup,Germany,Entry,Master's,70745,"Python, Spark, SQL",Remote,Mar,415,Design and maintain data pipelines and data warehouses.
12785,Business Analyst,CloudMatrix,Medium,UK,Mid,Master's,47786,"Power BI, Tableau, SQL",Remote,Feb,83,Gather requirements and improve business processes through data insights.
12786,Data Scientist,CloudMatrix,Medium,Germany,Mid,Bachelor's,83107,"PyTorch, Python, Machine Learning",Remote,Oct,100,Build predictive models and perform advanced analytics.
12787,BI Developer,DataSphere,Medium,Germany,Entry,Master's,54985,"SQL, Excel, Power BI",Remote,Aug,408,Develop interactive dashboards and business intelligence solutions.
12788,ML Engineer,CloudMatrix,Medium,UK,Mid,Master's,167080,"PyTorch, Python, Machine Learning, TensorFlow, AWS",Remote,Jun,133,Deploy and optimize machine learning models in production.
12789,Data Analyst,Insight Corp,Enterprise,UK,Senior,PhD,106109,"Power BI, Tableau, Excel, DAX",On-site,Mar,95,Analyze business data and create reports and dashboards.
12790,Data Scientist,InnoSoft,Enterprise,UK,Mid,Master's,128754,"TensorFlow, Machine Learning, Python",Hybrid,Apr,76,Build predictive models and perform advanced analytics.
12791,ML Engineer,Insight Corp,Enterprise,Australia,Mid,Master's,102405,"AWS, TensorFlow, Python, Machine Learning",On-site,May,224,Deploy and optimize machine learning models in production.
12792,ML Engineer,NextGen AI,Startup,Canada,Mid,Master's,118330,"AWS, Machine Learning, TensorFlow",On-site,Jan,196,Deploy and optimize machine learning models in production.
12793,Data Scientist,ByteWorks,Startup,UK,Mid,Master's,131819,"PyTorch, Python, SQL, TensorFlow",Remote,Nov,186,Build predictive models and perform advanced analytics.
12794,AI Engineer,ByteWorks,Startup,Germany,Mid,Bachelor's,164477,"AWS, TensorFlow, PyTorch, Machine Learning, Python",On-site,Aug,124,Build AI systems using deep learning and generative AI technologies.
12795,Data Scientist,TechNova,Startup,India,Senior,Master's,76704,"SQL, TensorFlow, Machine Learning",On-site,May,274,Build predictive models and perform advanced analytics.
12796,Business Analyst,Analytica,Enterprise,UK,Entry,Master's,61974,"SQL, Tableau, Power BI, Excel",Remote,Jun,224,Gather requirements and improve business processes through data insights.
12797,Data Scientist,InnoSoft,Enterprise,Germany,Senior,PhD,127140,"Machine Learning, SQL, Python",Remote,Aug,243,Build predictive models and perform advanced analytics.
12798,Data Analyst,InnoSoft,Enterprise,Canada,Entry,Master's,65198,"Python, DAX, Excel",Remote,Nov,215,Analyze business data and create reports and dashboards.
12799,Data Engineer,CloudMatrix,Medium,Australia,Mid,Bachelor's,138551,"SQL, AWS, Spark, Python",Remote,Jan,109,Design and maintain data pipelines and data warehouses.
12800,Data Engineer,TechNova,Startup,Australia,Entry,Bachelor's,125433,"Python, Spark, AWS, SQL",Hybrid,May,341,Design and maintain data pipelines and data warehouses.
12801,Data Analyst,NextGen AI,Startup,Australia,Mid,Master's,75571,"Tableau, Excel, Power BI, DAX, SQL",Remote,Dec,217,Analyze business data and create reports and dashboards.
12802,AI Engineer,Analytica,Enterprise,Australia,Senior,Master's,223656,"AWS, PyTorch, TensorFlow",Hybrid,May,61,Build AI systems using deep learning and generative AI technologies.
12803,AI Engineer,NextGen AI,Startup,USA,Senior,PhD,150580,"Machine Learning, Python, PyTorch, TensorFlow, AWS",On-site,Apr,63,Build AI systems using deep learning and generative AI technologies.
12804,Data Scientist,Analytica,Enterprise,India,Mid,Master's,67507,"SQL, Machine Learning, Python, PyTorch",On-site,Dec,225,Build predictive models and perform advanced analytics.
12805,Data Scientist,Insight Corp,Enterprise,Australia,Entry,Master's,101341,"SQL, Python, TensorFlow, PyTorch",On-site,Sep,310,Build predictive models and perform advanced analytics.
12806,ML Engineer,Analytica,Enterprise,Canada,Entry,Master's,91227,"Python, PyTorch, Machine Learning",Hybrid,Mar,404,Deploy and optimize machine learning models in production.
12807,Data Scientist,NextGen AI,Startup,Singapore,Entry,Bachelor's,87919,"Machine Learning, PyTorch, Python, SQL, TensorFlow",Remote,Aug,212,Build predictive models and perform advanced analytics.
12808,ML Engineer,DataSphere,Medium,USA,Senior,PhD,165068,"PyTorch, Machine Learning, TensorFlow, AWS",Hybrid,Aug,219,Deploy and optimize machine learning models in production.
12809,Data Analyst,CloudMatrix,Medium,Australia,Senior,PhD,89894,"DAX, Power BI, Tableau, Python",Hybrid,Jun,78,Analyze business data and create reports and dashboards.
12810,Data Scientist,NextGen AI,Startup,UK,Entry,Master's,74646,"SQL, PyTorch, TensorFlow, Machine Learning, Python",Hybrid,Aug,331,Build predictive models and perform advanced analytics.
12811,ML Engineer,ByteWorks,Startup,Germany,Mid,Bachelor's,132739,"Machine Learning, PyTorch, Python",On-site,Sep,173,Deploy and optimize machine learning models in production.
12812,ML Engineer,CloudMatrix,Medium,Australia,Mid,Bachelor's,159883,"TensorFlow, Python, Machine Learning, PyTorch",Remote,May,129,Deploy and optimize machine learning models in production.
12813,Data Engineer,Analytica,Enterprise,UK,Entry,Master's,126632,"Spark, Python, AWS, SQL",Hybrid,Feb,310,Design and maintain data pipelines and data warehouses.
12814,ML Engineer,CloudMatrix,Medium,Singapore,Entry,Bachelor's,101938,"TensorFlow, AWS, PyTorch, Machine Learning, Python",Hybrid,Jul,439,Deploy and optimize machine learning models in production.
12815,AI Engineer,Analytica,Enterprise,USA,Entry,Bachelor's,146595,"Python, PyTorch, Machine Learning",Remote,Apr,350,Build AI systems using deep learning and generative AI technologies.
12816,Data Analyst,NextGen AI,Startup,UK,Senior,Master's,87360,"Python, DAX, Excel",On-site,Jul,111,Analyze business data and create reports and dashboards.
12817,BI Developer,Insight Corp,Enterprise,UK,Mid,Bachelor's,81547,"Power BI, DAX, Excel, SQL",Hybrid,Oct,183,Develop interactive dashboards and business intelligence solutions.
12818,Data Scientist,DataSphere,Medium,Canada,Entry,Master's,80986,"SQL, Machine Learning, PyTorch, Python",On-site,Oct,372,Build predictive models and perform advanced analytics.
12819,Data Engineer,NextGen AI,Startup,Singapore,Mid,Bachelor's,102913,"AWS, SQL, Spark, Python",Remote,Sep,218,Design and maintain data pipelines and data warehouses.
12820,ML Engineer,CloudMatrix,Medium,Singapore,Senior,PhD,236224,"AWS, TensorFlow, Machine Learning",Hybrid,Jan,161,Deploy and optimize machine learning models in production.
12821,ML Engineer,DataSphere,Medium,UK,Mid,Master's,111969,"AWS, TensorFlow, Machine Learning, PyTorch, Python",On-site,Jul,248,Deploy and optimize machine learning models in production.
12822,ML Engineer,InnoSoft,Enterprise,UK,Entry,Bachelor's,139808,"Python, AWS, PyTorch, TensorFlow",Hybrid,Jul,257,Deploy and optimize machine learning models in production.
12823,Data Scientist,TechNova,Startup,India,Senior,Master's,50770,"Python, PyTorch, TensorFlow, Machine Learning",On-site,Jan,216,Build predictive models and perform advanced analytics.
12824,Business Analyst,Analytica,Enterprise,USA,Entry,Master's,48428,"Excel, Power BI, SQL, Tableau",Hybrid,Mar,274,Gather requirements and improve business processes through data insights.
12825,AI Engineer,Insight Corp,Enterprise,Australia,Senior,PhD,180685,"Python, Machine Learning, TensorFlow",Hybrid,Jul,156,Build AI systems using deep learning and generative AI technologies.
12826,Data Scientist,NextGen AI,Startup,Singapore,Mid,Bachelor's,116143,"Machine Learning, TensorFlow, Python, SQL, PyTorch",Hybrid,Jun,223,Build predictive models and perform advanced analytics.
12827,Business Analyst,DataSphere,Medium,Canada,Entry,Bachelor's,36988,"Power BI, Excel, SQL, Tableau",Remote,Mar,440,Gather requirements and improve business processes through data insights.
12828,BI Developer,Insight Corp,Enterprise,USA,Mid,Bachelor's,90886,"SQL, DAX, Excel, Power BI",Hybrid,Sep,62,Develop interactive dashboards and business intelligence solutions.
12829,Data Analyst,Analytica,Enterprise,India,Entry,Master's,28207,"Tableau, Python, Power BI",Remote,Feb,378,Analyze business data and create reports and dashboards.
12830,ML Engineer,InnoSoft,Enterprise,USA,Mid,Master's,145821,"AWS, TensorFlow, Machine Learning, PyTorch",On-site,Jun,83,Deploy and optimize machine learning models in production.
12831,BI Developer,Analytica,Enterprise,Germany,Entry,Bachelor's,52506,"DAX, Power BI, Excel",Hybrid,May,354,Develop interactive dashboards and business intelligence solutions.
12832,Data Scientist,DataSphere,Medium,USA,Senior,Master's,197203,"Machine Learning, PyTorch, TensorFlow, Python, SQL",Remote,Aug,159,Build predictive models and perform advanced analytics.
12833,ML Engineer,TechNova,Startup,Australia,Entry,Bachelor's,84636,"TensorFlow, PyTorch, Python",On-site,Oct,253,Deploy and optimize machine learning models in production.
12834,Data Analyst,ByteWorks,Startup,USA,Mid,Bachelor's,83328,"Power BI, DAX, SQL, Python",Remote,Mar,179,Analyze business data and create reports and dashboards.
12835,Data Engineer,TechNova,Startup,USA,Mid,Master's,112086,"AWS, SQL, Python",Hybrid,Jun,226,Design and maintain data pipelines and data warehouses.
12836,Data Scientist,DataSphere,Medium,Canada,Senior,Master's,110222,"Machine Learning, PyTorch, Python, SQL, TensorFlow",Remote,Jan,239,Build predictive models and perform advanced analytics.
12837,Data Analyst,Insight Corp,Enterprise,Australia,Entry,Master's,63730,"Excel, SQL, Tableau, DAX",Hybrid,Oct,269,Analyze business data and create reports and dashboards.
12838,Data Analyst,Insight Corp,Enterprise,USA,Entry,Bachelor's,45488,"SQL, Power BI, Tableau",Hybrid,Jun,325,Analyze business data and create reports and dashboards.
12839,Business Analyst,Analytica,Enterprise,UK,Entry,Master's,65919,"Excel, Tableau, Power BI, SQL",Remote,Apr,403,Gather requirements and improve business processes through data insights.
12840,Data Analyst,TechNova,Startup,India,Mid,Master's,27523,"Excel, Tableau, Power BI",Remote,Aug,324,Analyze business data and create reports and dashboards.
12841,BI Developer,Insight Corp,Enterprise,Germany,Entry,Master's,69370,"DAX, Power BI, SQL, Excel",Remote,May,302,Develop interactive dashboards and business intelligence solutions.
12842,AI Engineer,ByteWorks,Startup,Singapore,Entry,Master's,108387,"AWS, PyTorch, Python, TensorFlow",On-site,Dec,405,Build AI systems using deep learning and generative AI technologies.
12843,Data Scientist,NextGen AI,Startup,Canada,Entry,Master's,94327,"PyTorch, TensorFlow, Python",Remote,Jul,328,Build predictive models and perform advanced analytics.
12844,Data Engineer,ByteWorks,Startup,Canada,Mid,Master's,129951,"Python, AWS, Spark, SQL",Hybrid,Dec,198,Design and maintain data pipelines and data warehouses.
12845,BI Developer,InnoSoft,Enterprise,USA,Mid,Bachelor's,94871,"Power BI, SQL, DAX, Excel",Remote,Mar,238,Develop interactive dashboards and business intelligence solutions.
12846,BI Developer,DataSphere,Medium,Singapore,Entry,Master's,69484,"Power BI, Excel, SQL, DAX",Hybrid,Jul,422,Develop interactive dashboards and business intelligence solutions.
12847,Data Scientist,TechNova,Startup,Canada,Entry,Bachelor's,75534,"PyTorch, SQL, Python",Remote,Apr,337,Build predictive models and perform advanced analytics.
12848,AI Engineer,Analytica,Enterprise,USA,Entry,Bachelor's,163343,"PyTorch, TensorFlow, AWS",Remote,Oct,217,Build AI systems using deep learning and generative AI technologies.
12849,Business Analyst,InnoSoft,Enterprise,UK,Mid,Master's,47427,"Power BI, Tableau, SQL, Excel",Hybrid,Jan,72,Gather requirements and improve business processes through data insights.
12850,Data Scientist,ByteWorks,Startup,Singapore,Mid,Master's,134242,"SQL, Machine Learning, TensorFlow, PyTorch, Python",Hybrid,Aug,100,Build predictive models and perform advanced analytics.
12851,ML Engineer,TechNova,Startup,India,Senior,Master's,102563,"AWS, Machine Learning, TensorFlow, PyTorch",Remote,Jul,248,Deploy and optimize machine learning models in production.
12852,ML Engineer,TechNova,Startup,Singapore,Senior,PhD,190820,"TensorFlow, PyTorch, AWS, Python, Machine Learning",Hybrid,Oct,103,Deploy and optimize machine learning models in production.
12853,Business Analyst,CloudMatrix,Medium,Australia,Mid,Bachelor's,57177,"Tableau, SQL, Excel",Hybrid,Mar,196,Gather requirements and improve business processes through data insights.
12854,BI Developer,Analytica,Enterprise,Singapore,Senior,Master's,124595,"Excel, DAX, SQL, Power BI",Hybrid,Dec,112,Develop interactive dashboards and business intelligence solutions.
12855,ML Engineer,Insight Corp,Enterprise,Germany,Entry,Master's,104924,"AWS, Machine Learning, Python, PyTorch",On-site,Feb,278,Deploy and optimize machine learning models in production.
12856,BI Developer,ByteWorks,Startup,India,Mid,Master's,42075,"Excel, DAX, Power BI, SQL",Remote,May,281,Develop interactive dashboards and business intelligence solutions.
12857,Data Engineer,Insight Corp,Enterprise,India,Mid,Master's,68745,"Spark, SQL, Python, AWS",On-site,May,187,Design and maintain data pipelines and data warehouses.
12858,Data Analyst,NextGen AI,Startup,Singapore,Mid,Master's,61335,"Python, Power BI, SQL",Remote,Aug,189,Analyze business data and create reports and dashboards.
12859,Data Scientist,DataSphere,Medium,Australia,Entry,Bachelor's,87003,"PyTorch, Python, SQL",Hybrid,Mar,402,Build predictive models and perform advanced analytics.
12860,AI Engineer,TechNova,Startup,India,Entry,Bachelor's,46150,"TensorFlow, Machine Learning, PyTorch, Python, AWS",Remote,Apr,444,Build AI systems using deep learning and generative AI technologies.
12861,Data Analyst,NextGen AI,Startup,USA,Senior,Master's,113416,"DAX, Python, Excel",On-site,Oct,213,Analyze business data and create reports and dashboards.
12862,Data Engineer,InnoSoft,Enterprise,India,Entry,Bachelor's,36433,"AWS, Python, Spark, SQL",Hybrid,Oct,323,Design and maintain data pipelines and data warehouses.
12863,BI Developer,TechNova,Startup,Australia,Senior,Master's,81217,"DAX, Power BI, SQL, Excel",On-site,Dec,219,Develop interactive dashboards and business intelligence solutions.
12864,Data Analyst,DataSphere,Medium,Germany,Entry,Master's,60715,"Tableau, SQL, Excel, Python",On-site,Feb,248,Analyze business data and create reports and dashboards.
12865,BI Developer,DataSphere,Medium,Canada,Entry,Master's,69951,"Excel, DAX, SQL",Hybrid,Jan,338,Develop interactive dashboards and business intelligence solutions.
12866,Business Analyst,Analytica,Enterprise,USA,Mid,Bachelor's,65267,"Excel, Power BI, Tableau",On-site,Sep,58,Gather requirements and improve business processes through data insights.
12867,ML Engineer,NextGen AI,Startup,Canada,Mid,Bachelor's,169399,"TensorFlow, Python, Machine Learning",Remote,Jan,214,Deploy and optimize machine learning models in production.
12868,BI Developer,NextGen AI,Startup,USA,Entry,Bachelor's,54985,"DAX, SQL, Power BI, Excel",Remote,Jun,348,Develop interactive dashboards and business intelligence solutions.
12869,Business Analyst,TechNova,Startup,USA,Entry,Master's,47320,"Power BI, Excel, Tableau, SQL",Hybrid,Aug,286,Gather requirements and improve business processes through data insights.
12870,ML Engineer,TechNova,Startup,India,Mid,Master's,53964,"AWS, Machine Learning, PyTorch",Hybrid,Dec,259,Deploy and optimize machine learning models in production.
12871,Business Analyst,TechNova,Startup,USA,Entry,Bachelor's,61829,"SQL, Tableau, Power BI, Excel",Hybrid,Mar,327,Gather requirements and improve business processes through data insights.
12872,Business Analyst,TechNova,Startup,UK,Mid,Bachelor's,51168,"SQL, Power BI, Excel, Tableau",Hybrid,Jun,173,Gather requirements and improve business processes through data insights.
12873,AI Engineer,NextGen AI,Startup,India,Mid,Bachelor's,71343,"Python, AWS, TensorFlow, PyTorch",Remote,Sep,308,Build AI systems using deep learning and generative AI technologies.
12874,BI Developer,CloudMatrix,Medium,USA,Mid,Master's,96321,"Excel, DAX, Power BI",Hybrid,Aug,175,Develop interactive dashboards and business intelligence solutions.
12875,Data Engineer,Analytica,Enterprise,India,Mid,Master's,58939,"Spark, Python, SQL, AWS",Hybrid,Jun,189,Design and maintain data pipelines and data warehouses.
12876,ML Engineer,TechNova,Startup,India,Mid,Bachelor's,59860,"AWS, TensorFlow, PyTorch, Python, Machine Learning",Hybrid,Feb,234,Deploy and optimize machine learning models in production.
12877,AI Engineer,NextGen AI,Startup,USA,Entry,Bachelor's,104147,"PyTorch, Python, TensorFlow",Remote,Jul,213,Build AI systems using deep learning and generative AI technologies.
12878,Data Engineer,TechNova,Startup,India,Senior,Master's,57731,"AWS, SQL, Python",Remote,Nov,196,Design and maintain data pipelines and data warehouses.
12879,Data Scientist,Insight Corp,Enterprise,Australia,Senior,PhD,115453,"SQL, TensorFlow, PyTorch",Remote,Aug,234,Build predictive models and perform advanced analytics.
12880,Data Engineer,ByteWorks,Startup,UK,Mid,Bachelor's,113163,"Spark, Python, SQL",Hybrid,May,211,Design and maintain data pipelines and data warehouses.
12881,ML Engineer,Insight Corp,Enterprise,UK,Mid,Master's,131965,"Python, Machine Learning, AWS, PyTorch, TensorFlow",On-site,Dec,188,Deploy and optimize machine learning models in production.
12882,Data Scientist,Analytica,Enterprise,Australia,Mid,Master's,147276,"PyTorch, TensorFlow, Python",Hybrid,Oct,162,Build predictive models and perform advanced analytics.
12883,Data Scientist,TechNova,Startup,India,Mid,Bachelor's,50675,"Python, SQL, Machine Learning, PyTorch",Hybrid,Mar,181,Build predictive models and perform advanced analytics.
12884,ML Engineer,NextGen AI,Startup,UK,Entry,Bachelor's,117788,"AWS, Machine Learning, PyTorch",Hybrid,Jun,286,Deploy and optimize machine learning models in production.
12885,AI Engineer,NextGen AI,Startup,Singapore,Entry,Master's,129493,"Machine Learning, PyTorch, AWS",Hybrid,Apr,462,Build AI systems using deep learning and generative AI technologies.
12886,BI Developer,Analytica,Enterprise,USA,Senior,PhD,97971,"Power BI, DAX, Excel",Hybrid,Nov,208,Develop interactive dashboards and business intelligence solutions.
12887,ML Engineer,TechNova,Startup,USA,Mid,Master's,148017,"TensorFlow, AWS, PyTorch, Machine Learning, Python",On-site,Jul,57,Deploy and optimize machine learning models in production.
12888,BI Developer,Insight Corp,Enterprise,Canada,Entry,Bachelor's,67841,"Excel, DAX, Power BI, SQL",Hybrid,Oct,362,Develop interactive dashboards and business intelligence solutions.
12889,Data Analyst,ByteWorks,Startup,Singapore,Mid,Master's,66357,"SQL, DAX, Excel, Python",Hybrid,Nov,89,Analyze business data and create reports and dashboards.
12890,Business Analyst,TechNova,Startup,Australia,Entry,Bachelor's,61015,"Excel, SQL, Tableau",Remote,Jun,261,Gather requirements and improve business processes through data insights.
12891,Data Scientist,NextGen AI,Startup,Canada,Senior,Master's,156408,"Machine Learning, SQL, Python, PyTorch",On-site,Apr,95,Build predictive models and perform advanced analytics.
12892,Business Analyst,CloudMatrix,Medium,Germany,Entry,Master's,52274,"Excel, Power BI, SQL, Tableau",Hybrid,May,311,Gather requirements and improve business processes through data insights.
12893,Business Analyst,DataSphere,Medium,India,Entry,Bachelor's,28012,"Power BI, SQL, Tableau, Excel",Remote,Nov,447,Gather requirements and improve business processes through data insights.
12894,Data Engineer,Insight Corp,Enterprise,USA,Senior,Master's,182968,"Spark, Python, AWS",Remote,Feb,146,Design and maintain data pipelines and data warehouses.
12895,Data Scientist,Insight Corp,Enterprise,Australia,Mid,Master's,104353,"Machine Learning, SQL, Python, PyTorch",Hybrid,Dec,114,Build predictive models and perform advanced analytics.
12896,Business Analyst,CloudMatrix,Medium,USA,Mid,Bachelor's,93278,"Excel, SQL, Tableau, Power BI",Hybrid,Aug,176,Gather requirements and improve business processes through data insights.
12897,BI Developer,DataSphere,Medium,Canada,Entry,Master's,46693,"Power BI, DAX, SQL, Excel",On-site,Aug,341,Develop interactive dashboards and business intelligence solutions.
12898,AI Engineer,InnoSoft,Enterprise,Canada,Entry,Master's,98399,"TensorFlow, PyTorch, Machine Learning",Hybrid,Apr,175,Build AI systems using deep learning and generative AI technologies.
12899,ML Engineer,Analytica,Enterprise,UK,Mid,Master's,152237,"Python, Machine Learning, TensorFlow, PyTorch, AWS",Remote,Jul,93,Deploy and optimize machine learning models in production.
12900,ML Engineer,ByteWorks,Startup,India,Mid,Bachelor's,75653,"AWS, PyTorch, Machine Learning, Python, TensorFlow",Hybrid,Sep,332,Deploy and optimize machine learning models in production.
12901,Data Scientist,TechNova,Startup,Germany,Entry,Bachelor's,113103,"PyTorch, Python, SQL, TensorFlow",Hybrid,Jun,237,Build predictive models and perform advanced analytics.
12902,Data Analyst,InnoSoft,Enterprise,Singapore,Senior,PhD,76507,"Python, SQL, Power BI, DAX",Remote,Sep,156,Analyze business data and create reports and dashboards.
12903,Business Analyst,InnoSoft,Enterprise,India,Senior,PhD,31634,"Power BI, Excel, SQL, Tableau",On-site,Oct,291,Gather requirements and improve business processes through data insights.
12904,Data Scientist,ByteWorks,Startup,UK,Mid,Bachelor's,145496,"Python, PyTorch, TensorFlow",On-site,May,179,Build predictive models and perform advanced analytics.
12905,Data Analyst,Insight Corp,Enterprise,Australia,Entry,Master's,55681,"Power BI, SQL, Tableau",Hybrid,Feb,253,Analyze business data and create reports and dashboards.
12906,ML Engineer,CloudMatrix,Medium,UK,Entry,Master's,137701,"Machine Learning, PyTorch, TensorFlow, AWS, Python",Hybrid,Apr,412,Deploy and optimize machine learning models in production.
12907,AI Engineer,Analytica,Enterprise,Singapore,Mid,Master's,185296,"PyTorch, Machine Learning, TensorFlow",Hybrid,Oct,93,Build AI systems using deep learning and generative AI technologies.
12908,Data Scientist,NextGen AI,Startup,Germany,Mid,Bachelor's,81088,"Python, PyTorch, Machine Learning, SQL, TensorFlow",Remote,Jun,170,Build predictive models and perform advanced analytics.
12909,Data Analyst,Insight Corp,Enterprise,Australia,Senior,PhD,70053,"DAX, Python, SQL, Excel",Remote,Sep,110,Analyze business data and create reports and dashboards.
12910,ML Engineer,ByteWorks,Startup,UK,Mid,Master's,152110,"AWS, TensorFlow, Machine Learning, PyTorch, Python",Hybrid,Jan,158,Deploy and optimize machine learning models in production.
12911,Data Scientist,CloudMatrix,Medium,Australia,Entry,Master's,83220,"Machine Learning, SQL, Python, TensorFlow",Remote,May,186,Build predictive models and perform advanced analytics.
12912,AI Engineer,Insight Corp,Enterprise,India,Mid,Bachelor's,60257,"Machine Learning, PyTorch, AWS",Hybrid,Jun,215,Build AI systems using deep learning and generative AI technologies.
12913,Data Scientist,CloudMatrix,Medium,USA,Entry,Master's,106230,"PyTorch, TensorFlow, Python, Machine Learning",Hybrid,Nov,376,Build predictive models and perform advanced analytics.
12914,BI Developer,CloudMatrix,Medium,Germany,Senior,Master's,117849,"DAX, Excel, SQL, Power BI",Hybrid,Mar,114,Develop interactive dashboards and business intelligence solutions.
12915,Business Analyst,CloudMatrix,Medium,Australia,Mid,Bachelor's,66413,"Excel, Tableau, SQL, Power BI",Hybrid,Mar,157,Gather requirements and improve business processes through data insights.
12916,AI Engineer,Analytica,Enterprise,UK,Mid,Master's,127077,"AWS, PyTorch, Python, Machine Learning, TensorFlow",Remote,May,209,Build AI systems using deep learning and generative AI technologies.
12917,ML Engineer,TechNova,Startup,USA,Entry,Master's,114369,"AWS, Python, Machine Learning",Remote,Feb,452,Deploy and optimize machine learning models in production.
12918,BI Developer,DataSphere,Medium,USA,Entry,Bachelor's,77187,"Power BI, DAX, Excel, SQL",Hybrid,Nov,375,Develop interactive dashboards and business intelligence solutions.
12919,Data Engineer,Analytica,Enterprise,Germany,Mid,Bachelor's,133581,"Python, SQL, AWS, Spark",Hybrid,Jan,91,Design and maintain data pipelines and data warehouses.
12920,BI Developer,TechNova,Startup,UK,Entry,Bachelor's,46322,"SQL, Excel, Power BI, DAX",Remote,Aug,313,Develop interactive dashboards and business intelligence solutions.
12921,Business Analyst,InnoSoft,Enterprise,Singapore,Entry,Master's,59748,"Excel, SQL, Tableau, Power BI",Hybrid,Feb,352,Gather requirements and improve business processes through data insights.
12922,AI Engineer,ByteWorks,Startup,India,Senior,Master's,83894,"PyTorch, Machine Learning, TensorFlow, Python, AWS",Remote,Jul,374,Build AI systems using deep learning and generative AI technologies.
12923,ML Engineer,ByteWorks,Startup,India,Mid,Bachelor's,48984,"TensorFlow, AWS, PyTorch",On-site,Dec,338,Deploy and optimize machine learning models in production.
12924,Business Analyst,DataSphere,Medium,India,Mid,Bachelor's,37816,"Tableau, SQL, Power BI, Excel",On-site,Jul,316,Gather requirements and improve business processes through data insights.
12925,BI Developer,Analytica,Enterprise,Germany,Entry,Master's,65560,"Power BI, Excel, SQL",Hybrid,Dec,310,Develop interactive dashboards and business intelligence solutions.
12926,BI Developer,NextGen AI,Startup,Canada,Mid,Master's,60856,"Excel, DAX, SQL",On-site,Jun,77,Develop interactive dashboards and business intelligence solutions.
12927,Business Analyst,NextGen AI,Startup,Australia,Entry,Master's,43979,"SQL, Tableau, Excel",Remote,Nov,262,Gather requirements and improve business processes through data insights.
12928,Data Engineer,CloudMatrix,Medium,Canada,Mid,Master's,83654,"Spark, Python, SQL, AWS",Remote,Jan,168,Design and maintain data pipelines and data warehouses.
12929,Data Scientist,Analytica,Enterprise,Canada,Mid,Bachelor's,118915,"TensorFlow, PyTorch, SQL, Machine Learning, Python",On-site,Feb,211,Build predictive models and perform advanced analytics.
12930,Data Scientist,Insight Corp,Enterprise,UK,Senior,PhD,148924,"PyTorch, SQL, Python, TensorFlow, Machine Learning",Remote,Jan,219,Build predictive models and perform advanced analytics.
12931,Data Scientist,CloudMatrix,Medium,Australia,Mid,Master's,103650,"Machine Learning, PyTorch, TensorFlow",Remote,Sep,138,Build predictive models and perform advanced analytics.
12932,Data Engineer,NextGen AI,Startup,Germany,Mid,Master's,100839,"Spark, AWS, Python",Hybrid,Oct,91,Design and maintain data pipelines and data warehouses.
12933,BI Developer,DataSphere,Medium,Germany,Mid,Master's,80860,"DAX, Power BI, Excel, SQL",Hybrid,Jul,209,Develop interactive dashboards and business intelligence solutions.
12934,BI Developer,CloudMatrix,Medium,USA,Entry,Master's,88284,"Power BI, Excel, SQL, DAX",Remote,Sep,158,Develop interactive dashboards and business intelligence solutions.
12935,BI Developer,CloudMatrix,Medium,Canada,Mid,Bachelor's,53774,"Excel, DAX, Power BI, SQL",Hybrid,Nov,67,Develop interactive dashboards and business intelligence solutions.
12936,BI Developer,ByteWorks,Startup,Germany,Senior,Master's,93564,"DAX, SQL, Excel, Power BI",Hybrid,Dec,158,Develop interactive dashboards and business intelligence solutions.
12937,BI Developer,DataSphere,Medium,Germany,Mid,Master's,58641,"Excel, SQL, DAX, Power BI",Hybrid,Feb,212,Develop interactive dashboards and business intelligence solutions.
12938,Business Analyst,Insight Corp,Enterprise,India,Mid,Master's,27200,"Power BI, SQL, Tableau, Excel",Remote,Jun,370,Gather requirements and improve business processes through data insights.
12939,BI Developer,InnoSoft,Enterprise,Singapore,Mid,Master's,75034,"Excel, DAX, Power BI, SQL",On-site,Nov,82,Develop interactive dashboards and business intelligence solutions.
12940,Data Analyst,ByteWorks,Startup,Germany,Mid,Master's,88085,"Power BI, Python, Excel, SQL, DAX",Remote,Feb,67,Analyze business data and create reports and dashboards.
12941,AI Engineer,ByteWorks,Startup,Germany,Mid,Master's,187107,"TensorFlow, AWS, PyTorch, Python, Machine Learning",On-site,Jul,127,Build AI systems using deep learning and generative AI technologies.
12942,ML Engineer,TechNova,Startup,Canada,Mid,Master's,141908,"Python, Machine Learning, AWS, PyTorch",Remote,Jul,130,Deploy and optimize machine learning models in production.
12943,Business Analyst,InnoSoft,Enterprise,USA,Entry,Bachelor's,64343,"Tableau, Excel, Power BI, SQL",Remote,Nov,299,Gather requirements and improve business processes through data insights.
12944,ML Engineer,ByteWorks,Startup,UK,Mid,Master's,141615,"AWS, Machine Learning, PyTorch, TensorFlow, Python",On-site,Dec,192,Deploy and optimize machine learning models in production.
12945,Business Analyst,DataSphere,Medium,UK,Mid,Bachelor's,61548,"Excel, SQL, Tableau, Power BI",Remote,Mar,64,Gather requirements and improve business processes through data insights.
12946,AI Engineer,CloudMatrix,Medium,Australia,Mid,Master's,112836,"Python, Machine Learning, AWS",Remote,May,158,Build AI systems using deep learning and generative AI technologies.
12947,Data Scientist,TechNova,Startup,India,Mid,Master's,54400,"PyTorch, SQL, Python, Machine Learning, TensorFlow",Hybrid,Nov,223,Build predictive models and perform advanced analytics.
12948,BI Developer,NextGen AI,Startup,Australia,Entry,Bachelor's,69776,"Power BI, Excel, DAX, SQL",Remote,Nov,232,Develop interactive dashboards and business intelligence solutions.
12949,ML Engineer,CloudMatrix,Medium,Germany,Mid,Bachelor's,153366,"Machine Learning, PyTorch, Python",Hybrid,May,208,Deploy and optimize machine learning models in production.
12950,Data Analyst,TechNova,Startup,USA,Senior,PhD,88707,"SQL, Excel, DAX",Remote,May,170,Analyze business data and create reports and dashboards.
12951,AI Engineer,ByteWorks,Startup,USA,Mid,Bachelor's,165727,"PyTorch, AWS, Python",Hybrid,Sep,82,Build AI systems using deep learning and generative AI technologies.
12952,Data Engineer,InnoSoft,Enterprise,India,Senior,Master's,54311,"Spark, AWS, SQL, Python",On-site,Sep,329,Design and maintain data pipelines and data warehouses.
12953,BI Developer,NextGen AI,Startup,Singapore,Senior,PhD,82382,"Power BI, DAX, SQL, Excel",Remote,Oct,231,Develop interactive dashboards and business intelligence solutions.
12954,Data Analyst,NextGen AI,Startup,Singapore,Entry,Bachelor's,66715,"Tableau, Excel, Power BI, Python, DAX",Hybrid,Mar,308,Analyze business data and create reports and dashboards.
12955,Data Scientist,CloudMatrix,Medium,UK,Mid,Bachelor's,128336,"SQL, Python, TensorFlow, PyTorch, Machine Learning",Remote,Apr,52,Build predictive models and perform advanced analytics.
12956,Data Scientist,CloudMatrix,Medium,USA,Entry,Master's,95943,"TensorFlow, PyTorch, Python",Hybrid,Dec,347,Build predictive models and perform advanced analytics.
12957,BI Developer,ByteWorks,Startup,Germany,Senior,PhD,126928,"Power BI, SQL, Excel, DAX",Remote,Sep,211,Develop interactive dashboards and business intelligence solutions.
12958,Data Analyst,Analytica,Enterprise,Australia,Entry,Bachelor's,63975,"Excel, Tableau, Python, DAX, SQL",Remote,Dec,272,Analyze business data and create reports and dashboards.
12959,Data Engineer,NextGen AI,Startup,UK,Mid,Master's,109330,"Spark, Python, SQL",On-site,Aug,51,Design and maintain data pipelines and data warehouses.
12960,Data Scientist,ByteWorks,Startup,Canada,Mid,Bachelor's,108645,"TensorFlow, SQL, Machine Learning, PyTorch",Hybrid,Sep,152,Build predictive models and perform advanced analytics.
12961,Business Analyst,InnoSoft,Enterprise,Singapore,Senior,Master's,99322,"Power BI, Tableau, SQL, Excel",On-site,Oct,77,Gather requirements and improve business processes through data insights.
12962,BI Developer,Insight Corp,Enterprise,UK,Mid,Master's,70236,"DAX, Power BI, Excel, SQL",On-site,Feb,221,Develop interactive dashboards and business intelligence solutions.
12963,ML Engineer,NextGen AI,Startup,UK,Mid,Master's,160052,"Python, Machine Learning, PyTorch",Hybrid,Oct,137,Deploy and optimize machine learning models in production.
12964,BI Developer,ByteWorks,Startup,Singapore,Mid,Bachelor's,73967,"DAX, Excel, SQL, Power BI",On-site,Feb,86,Develop interactive dashboards and business intelligence solutions.
12965,Data Engineer,Insight Corp,Enterprise,India,Entry,Bachelor's,60862,"SQL, AWS, Python, Spark",Remote,Aug,362,Design and maintain data pipelines and data warehouses.
12966,Business Analyst,TechNova,Startup,Singapore,Entry,Master's,51913,"Excel, Tableau, Power BI, SQL",Hybrid,Jul,366,Gather requirements and improve business processes through data insights.
12967,AI Engineer,Analytica,Enterprise,Germany,Senior,PhD,213189,"AWS, TensorFlow, Machine Learning",On-site,Sep,91,Build AI systems using deep learning and generative AI technologies.
12968,Business Analyst,ByteWorks,Startup,Canada,Mid,Master's,42565,"Excel, SQL, Power BI, Tableau",Hybrid,May,167,Gather requirements and improve business processes through data insights.
12969,AI Engineer,NextGen AI,Startup,UK,Mid,Bachelor's,171779,"AWS, TensorFlow, PyTorch, Python",Remote,Jul,58,Build AI systems using deep learning and generative AI technologies.
12970,BI Developer,TechNova,Startup,UK,Senior,PhD,104247,"Excel, DAX, SQL, Power BI",On-site,Sep,119,Develop interactive dashboards and business intelligence solutions.
12971,Data Engineer,ByteWorks,Startup,UK,Entry,Bachelor's,86472,"SQL, AWS, Spark",On-site,Jun,288,Design and maintain data pipelines and data warehouses.
12972,BI Developer,Analytica,Enterprise,Australia,Mid,Master's,59839,"SQL, Power BI, Excel, DAX",Remote,Jul,225,Develop interactive dashboards and business intelligence solutions.
12973,Data Analyst,CloudMatrix,Medium,UK,Mid,Master's,51582,"DAX, Python, Tableau, SQL, Power BI",Remote,May,60,Analyze business data and create reports and dashboards.
12974,Data Scientist,Analytica,Enterprise,Australia,Mid,Bachelor's,124318,"SQL, Machine Learning, TensorFlow",Hybrid,Sep,236,Build predictive models and perform advanced analytics.
12975,Data Engineer,Insight Corp,Enterprise,India,Entry,Bachelor's,65077,"SQL, Python, Spark, AWS",Hybrid,Jun,476,Design and maintain data pipelines and data warehouses.
12976,BI Developer,InnoSoft,Enterprise,Singapore,Mid,Bachelor's,79073,"DAX, Excel, SQL",On-site,Feb,217,Develop interactive dashboards and business intelligence solutions.
12977,Data Engineer,TechNova,Startup,USA,Mid,Bachelor's,142938,"SQL, Spark, AWS, Python",Remote,Jun,241,Design and maintain data pipelines and data warehouses.
12978,Data Engineer,Analytica,Enterprise,UK,Mid,Master's,89734,"SQL, Spark, AWS",Hybrid,Aug,236,Design and maintain data pipelines and data warehouses.
12979,Data Scientist,ByteWorks,Startup,India,Senior,Master's,86944,"Python, Machine Learning, SQL, PyTorch",Hybrid,Oct,235,Build predictive models and perform advanced analytics.
12980,Data Engineer,Analytica,Enterprise,UK,Entry,Master's,121896,"SQL, Python, Spark, AWS",Hybrid,Apr,297,Design and maintain data pipelines and data warehouses.
12981,Business Analyst,NextGen AI,Startup,Singapore,Mid,Master's,82342,"Tableau, Excel, Power BI, SQL",Remote,Feb,230,Gather requirements and improve business processes through data insights.
12982,BI Developer,Insight Corp,Enterprise,UK,Entry,Bachelor's,64210,"SQL, Power BI, DAX",Remote,Jun,236,Develop interactive dashboards and business intelligence solutions.
12983,Data Scientist,Analytica,Enterprise,Germany,Senior,Master's,193904,"PyTorch, Machine Learning, Python, TensorFlow, SQL",Hybrid,Sep,68,Build predictive models and perform advanced analytics.
12984,Data Scientist,CloudMatrix,Medium,Australia,Mid,Master's,83688,"Machine Learning, Python, SQL",Hybrid,Jan,141,Build predictive models and perform advanced analytics.
12985,Data Scientist,Analytica,Enterprise,Germany,Mid,Bachelor's,95082,"TensorFlow, SQL, PyTorch",On-site,Jul,202,Build predictive models and perform advanced analytics.
12986,BI Developer,CloudMatrix,Medium,Australia,Senior,Master's,78052,"Excel, Power BI, DAX, SQL",On-site,Dec,98,Develop interactive dashboards and business intelligence solutions.
12987,ML Engineer,Insight Corp,Enterprise,Canada,Entry,Bachelor's,111956,"PyTorch, Machine Learning, AWS, Python, TensorFlow",Hybrid,Dec,390,Deploy and optimize machine learning models in production.
12988,Data Scientist,TechNova,Startup,Singapore,Entry,Master's,131327,"Python, TensorFlow, SQL",On-site,Aug,269,Build predictive models and perform advanced analytics.
12989,Business Analyst,NextGen AI,Startup,UK,Senior,Master's,64635,"Tableau, SQL, Excel, Power BI",Hybrid,Nov,131,Gather requirements and improve business processes through data insights.
12990,Data Scientist,TechNova,Startup,UK,Mid,Master's,153067,"PyTorch, Machine Learning, SQL",Remote,Jun,238,Build predictive models and perform advanced analytics.
12991,ML Engineer,TechNova,Startup,USA,Mid,Master's,158685,"TensorFlow, PyTorch, AWS",On-site,Jul,180,Deploy and optimize machine learning models in production.
12992,Business Analyst,NextGen AI,Startup,Australia,Entry,Bachelor's,44890,"SQL, Tableau, Power BI, Excel",Hybrid,Jun,288,Gather requirements and improve business processes through data insights.
12993,Data Analyst,CloudMatrix,Medium,Australia,Senior,Master's,96625,"DAX, SQL, Power BI, Python, Excel",Hybrid,Mar,234,Analyze business data and create reports and dashboards.
12994,BI Developer,InnoSoft,Enterprise,Germany,Entry,Master's,51493,"Power BI, DAX, Excel, SQL",Hybrid,Aug,454,Develop interactive dashboards and business intelligence solutions.
12995,Data Scientist,InnoSoft,Enterprise,USA,Mid,Bachelor's,91527,"TensorFlow, SQL, PyTorch, Machine Learning",Hybrid,Jul,103,Build predictive models and perform advanced analytics.
12996,Data Engineer,DataSphere,Medium,UK,Senior,Master's,143712,"SQL, Spark, AWS",On-site,Dec,81,Design and maintain data pipelines and data warehouses.
12997,Business Analyst,NextGen AI,Startup,USA,Mid,Bachelor's,50078,"SQL, Tableau, Excel, Power BI",On-site,Sep,245,Gather requirements and improve business processes through data insights.
12998,BI Developer,Insight Corp,Enterprise,Canada,Entry,Bachelor's,46088,"Power BI, SQL, Excel, DAX",Remote,Apr,330,Develop interactive dashboards and business intelligence solutions.
12999,BI Developer,ByteWorks,Startup,USA,Entry,Bachelor's,60388,"DAX, Excel, Power BI",Hybrid,May,317,Develop interactive dashboards and business intelligence solutions.
13000,Data Scientist,ByteWorks,Startup,Canada,Mid,Master's,133788,"Machine Learning, Python, SQL, TensorFlow",Hybrid,Jan,178,Build predictive models and perform advanced analytics.
13001,Data Engineer,ByteWorks,Startup,USA,Senior,Master's,205516,"SQL, AWS, Spark, Python",Remote,Nov,187,Design and maintain data pipelines and data warehouses.
13002,ML Engineer,InnoSoft,Enterprise,USA,Entry,Master's,107282,"Machine Learning, PyTorch, TensorFlow, AWS, Python",Hybrid,Apr,381,Deploy and optimize machine learning models in production.
13003,Data Analyst,ByteWorks,Startup,USA,Entry,Bachelor's,64235,"DAX, Power BI, SQL",Remote,Apr,259,Analyze business data and create reports and dashboards.
13004,Business Analyst,ByteWorks,Startup,Canada,Mid,Master's,78399,"Tableau, SQL, Excel, Power BI",On-site,Apr,122,Gather requirements and improve business processes through data insights.
13005,BI Developer,NextGen AI,Startup,Australia,Senior,Master's,75261,"SQL, Power BI, DAX",On-site,Jul,108,Develop interactive dashboards and business intelligence solutions.
13006,Data Scientist,InnoSoft,Enterprise,Australia,Senior,PhD,199730,"TensorFlow, Python, Machine Learning, SQL",Hybrid,Aug,120,Build predictive models and perform advanced analytics.
13007,Data Engineer,ByteWorks,Startup,USA,Entry,Bachelor's,121136,"Spark, AWS, SQL, Python",Hybrid,Jul,195,Design and maintain data pipelines and data warehouses.
13008,ML Engineer,ByteWorks,Startup,Singapore,Entry,Master's,88236,"AWS, Python, PyTorch, Machine Learning",On-site,May,295,Deploy and optimize machine learning models in production.
13009,Data Engineer,CloudMatrix,Medium,USA,Mid,Bachelor's,111108,"Spark, SQL, Python",Hybrid,Jul,234,Design and maintain data pipelines and data warehouses.
13010,Data Scientist,Analytica,Enterprise,UK,Mid,Master's,125853,"Machine Learning, Python, PyTorch",On-site,Jan,170,Build predictive models and perform advanced analytics.
13011,AI Engineer,InnoSoft,Enterprise,Singapore,Entry,Bachelor's,111830,"PyTorch, Machine Learning, Python, TensorFlow",Hybrid,Feb,482,Build AI systems using deep learning and generative AI technologies.
13012,ML Engineer,TechNova,Startup,Singapore,Mid,Bachelor's,127636,"TensorFlow, Machine Learning, PyTorch",Hybrid,Jun,207,Deploy and optimize machine learning models in production.
13013,ML Engineer,TechNova,Startup,Australia,Mid,Bachelor's,161169,"TensorFlow, Machine Learning, PyTorch, Python",Remote,Aug,74,Deploy and optimize machine learning models in production.
13014,AI Engineer,DataSphere,Medium,Canada,Mid,Bachelor's,139742,"TensorFlow, Machine Learning, AWS",Remote,Mar,141,Build AI systems using deep learning and generative AI technologies.
13015,Data Analyst,InnoSoft,Enterprise,UK,Senior,Master's,71615,"Python, Tableau, Excel",On-site,Feb,141,Analyze business data and create reports and dashboards.
13016,AI Engineer,Analytica,Enterprise,Australia,Entry,Bachelor's,81422,"TensorFlow, PyTorch, Python, Machine Learning",Hybrid,Aug,220,Build AI systems using deep learning and generative AI technologies.
13017,ML Engineer,NextGen AI,Startup,Singapore,Entry,Bachelor's,88638,"TensorFlow, PyTorch, Python",Remote,Aug,284,Deploy and optimize machine learning models in production.
13018,BI Developer,ByteWorks,Startup,Australia,Entry,Master's,59138,"DAX, SQL, Excel, Power BI",Hybrid,Jun,351,Develop interactive dashboards and business intelligence solutions.
13019,BI Developer,NextGen AI,Startup,UK,Mid,Bachelor's,75862,"DAX, Excel, SQL, Power BI",On-site,Jan,89,Develop interactive dashboards and business intelligence solutions.
13020,Data Engineer,ByteWorks,Startup,Singapore,Entry,Master's,83206,"SQL, Spark, Python",Hybrid,Jan,365,Design and maintain data pipelines and data warehouses.
13021,BI Developer,TechNova,Startup,Australia,Senior,Master's,120238,"SQL, Power BI, Excel, DAX",Hybrid,Aug,176,Develop interactive dashboards and business intelligence solutions.
13022,Data Scientist,InnoSoft,Enterprise,India,Entry,Bachelor's,34565,"Machine Learning, Python, TensorFlow, SQL, PyTorch",Remote,Aug,423,Build predictive models and perform advanced analytics.
13023,BI Developer,TechNova,Startup,India,Entry,Master's,30055,"DAX, Excel, Power BI, SQL",Hybrid,Apr,458,Develop interactive dashboards and business intelligence solutions.
13024,Data Scientist,Insight Corp,Enterprise,Australia,Entry,Bachelor's,107632,"Machine Learning, PyTorch, SQL, TensorFlow",On-site,May,349,Build predictive models and perform advanced analytics.
13025,AI Engineer,Analytica,Enterprise,Canada,Entry,Bachelor's,77243,"AWS, TensorFlow, PyTorch",Hybrid,Jun,319,Build AI systems using deep learning and generative AI technologies.
13026,AI Engineer,InnoSoft,Enterprise,Australia,Mid,Master's,187603,"TensorFlow, Machine Learning, AWS, Python",Remote,Jan,210,Build AI systems using deep learning and generative AI technologies.
13027,Business Analyst,ByteWorks,Startup,UK,Mid,Master's,69226,"SQL, Power BI, Tableau, Excel",On-site,Sep,173,Gather requirements and improve business processes through data insights.
13028,Data Analyst,NextGen AI,Startup,Singapore,Mid,Bachelor's,86695,"Python, Power BI, Excel, DAX, SQL",Hybrid,Apr,100,Analyze business data and create reports and dashboards.
13029,BI Developer,NextGen AI,Startup,Germany,Entry,Bachelor's,60785,"Power BI, SQL, DAX, Excel",Remote,Oct,321,Develop interactive dashboards and business intelligence solutions.
13030,BI Developer,InnoSoft,Enterprise,Singapore,Mid,Bachelor's,90280,"DAX, SQL, Excel, Power BI",Hybrid,May,60,Develop interactive dashboards and business intelligence solutions.
13031,ML Engineer,TechNova,Startup,India,Entry,Master's,67082,"AWS, TensorFlow, PyTorch, Machine Learning",On-site,Jan,519,Deploy and optimize machine learning models in production.
13032,BI Developer,TechNova,Startup,UK,Senior,PhD,115299,"DAX, Power BI, Excel, SQL",Remote,Apr,186,Develop interactive dashboards and business intelligence solutions.
13033,Data Engineer,ByteWorks,Startup,India,Mid,Master's,44496,"Python, SQL, Spark, AWS",On-site,Sep,294,Design and maintain data pipelines and data warehouses.
13034,AI Engineer,DataSphere,Medium,India,Mid,Bachelor's,52112,"PyTorch, AWS, Machine Learning, TensorFlow",Hybrid,Jan,189,Build AI systems using deep learning and generative AI technologies.
13035,Data Scientist,InnoSoft,Enterprise,Australia,Entry,Master's,122319,"Python, SQL, TensorFlow, PyTorch",Hybrid,Jun,448,Build predictive models and perform advanced analytics.
13036,Data Engineer,Analytica,Enterprise,USA,Entry,Bachelor's,107407,"Spark, SQL, AWS, Python",Remote,Mar,245,Design and maintain data pipelines and data warehouses.
13037,Data Scientist,CloudMatrix,Medium,Australia,Mid,Bachelor's,102315,"Machine Learning, Python, SQL, PyTorch, TensorFlow",On-site,May,190,Build predictive models and perform advanced analytics.
13038,Data Engineer,DataSphere,Medium,UK,Senior,PhD,112874,"Spark, AWS, SQL",Hybrid,Apr,213,Design and maintain data pipelines and data warehouses.
13039,Data Scientist,NextGen AI,Startup,India,Mid,Master's,59878,"Python, TensorFlow, Machine Learning",On-site,Aug,212,Build predictive models and perform advanced analytics.
13040,Data Analyst,Analytica,Enterprise,Australia,Entry,Bachelor's,55566,"Excel, DAX, Python",Hybrid,Jan,355,Analyze business data and create reports and dashboards.
13041,ML Engineer,Insight Corp,Enterprise,India,Mid,Bachelor's,75061,"Python, AWS, TensorFlow",Remote,Aug,210,Deploy and optimize machine learning models in production.
13042,AI Engineer,Analytica,Enterprise,USA,Mid,Master's,198360,"Machine Learning, PyTorch, AWS, TensorFlow, Python",Remote,Apr,239,Build AI systems using deep learning and generative AI technologies.
13043,ML Engineer,Insight Corp,Enterprise,Canada,Senior,PhD,202130,"TensorFlow, PyTorch, Python, Machine Learning, AWS",On-site,Jul,197,Deploy and optimize machine learning models in production.
13044,ML Engineer,CloudMatrix,Medium,Canada,Mid,Bachelor's,141313,"Machine Learning, TensorFlow, PyTorch, AWS",On-site,Jan,180,Deploy and optimize machine learning models in production.
13045,AI Engineer,CloudMatrix,Medium,USA,Senior,Master's,173961,"Python, AWS, PyTorch, TensorFlow, Machine Learning",Hybrid,Sep,140,Build AI systems using deep learning and generative AI technologies.
13046,BI Developer,NextGen AI,Startup,Singapore,Mid,Bachelor's,67687,"SQL, Power BI, Excel",Remote,Jun,171,Develop interactive dashboards and business intelligence solutions.
13047,Data Scientist,TechNova,Startup,India,Entry,Bachelor's,43353,"SQL, TensorFlow, Python, Machine Learning",Hybrid,Aug,416,Build predictive models and perform advanced analytics.
13048,Data Analyst,InnoSoft,Enterprise,Germany,Mid,Master's,85181,"DAX, Excel, Python",Hybrid,May,76,Analyze business data and create reports and dashboards.
13049,Business Analyst,Analytica,Enterprise,USA,Mid,Master's,51926,"Excel, SQL, Power BI, Tableau",Remote,Mar,226,Gather requirements and improve business processes through data insights.
13050,AI Engineer,InnoSoft,Enterprise,Australia,Senior,Master's,136139,"TensorFlow, Python, Machine Learning, AWS",Hybrid,Jun,86,Build AI systems using deep learning and generative AI technologies.
13051,Data Engineer,Insight Corp,Enterprise,Germany,Entry,Bachelor's,124416,"AWS, SQL, Python, Spark",Hybrid,Jul,267,Design and maintain data pipelines and data warehouses.
13052,Data Engineer,TechNova,Startup,Germany,Mid,Bachelor's,100226,"Spark, Python, AWS, SQL",Hybrid,Apr,131,Design and maintain data pipelines and data warehouses.
13053,BI Developer,TechNova,Startup,Singapore,Mid,Master's,96049,"Power BI, DAX, SQL",Remote,Jul,107,Develop interactive dashboards and business intelligence solutions.
13054,Data Scientist,ByteWorks,Startup,Germany,Senior,Master's,154872,"Machine Learning, TensorFlow, Python",Remote,Dec,217,Build predictive models and perform advanced analytics.
13055,AI Engineer,ByteWorks,Startup,UK,Entry,Bachelor's,120510,"AWS, Python, TensorFlow, Machine Learning, PyTorch",On-site,Apr,249,Build AI systems using deep learning and generative AI technologies.
13056,Data Engineer,TechNova,Startup,Canada,Mid,Master's,105700,"AWS, SQL, Spark, Python",Remote,Mar,79,Design and maintain data pipelines and data warehouses.
13057,Data Scientist,DataSphere,Medium,Canada,Entry,Bachelor's,108572,"Python, TensorFlow, PyTorch, Machine Learning",Hybrid,Sep,241,Build predictive models and perform advanced analytics.
13058,Data Scientist,Analytica,Enterprise,Australia,Entry,Master's,73924,"PyTorch, SQL, TensorFlow, Python, Machine Learning",Remote,Oct,230,Build predictive models and perform advanced analytics.
13059,Business Analyst,ByteWorks,Startup,USA,Entry,Master's,41635,"Power BI, Excel, SQL, Tableau",Hybrid,Oct,256,Gather requirements and improve business processes through data insights.
13060,AI Engineer,Analytica,Enterprise,Singapore,Senior,PhD,151852,"PyTorch, Machine Learning, Python, AWS, TensorFlow",Remote,Apr,199,Build AI systems using deep learning and generative AI technologies.
13061,BI Developer,Insight Corp,Enterprise,Australia,Senior,Master's,122012,"Excel, Power BI, SQL",Remote,Apr,215,Develop interactive dashboards and business intelligence solutions.
13062,BI Developer,ByteWorks,Startup,Australia,Entry,Bachelor's,61351,"Excel, Power BI, SQL",Remote,Mar,420,Develop interactive dashboards and business intelligence solutions.
13063,Business Analyst,Insight Corp,Enterprise,Australia,Mid,Bachelor's,82605,"Excel, SQL, Tableau",On-site,Oct,74,Gather requirements and improve business processes through data insights.
13064,ML Engineer,Analytica,Enterprise,India,Mid,Bachelor's,87274,"Machine Learning, PyTorch, Python, TensorFlow, AWS",On-site,Mar,174,Deploy and optimize machine learning models in production.
13065,Data Scientist,DataSphere,Medium,Germany,Mid,Bachelor's,115574,"Python, TensorFlow, SQL, PyTorch, Machine Learning",Hybrid,Sep,52,Build predictive models and perform advanced analytics.
13066,Data Analyst,Insight Corp,Enterprise,India,Entry,Bachelor's,28584,"DAX, Python, Tableau, SQL, Excel",On-site,Jun,431,Analyze business data and create reports and dashboards.
13067,ML Engineer,ByteWorks,Startup,Australia,Senior,PhD,129578,"TensorFlow, Python, AWS",Remote,Dec,212,Deploy and optimize machine learning models in production.
13068,Data Scientist,Insight Corp,Enterprise,Germany,Entry,Bachelor's,79172,"SQL, PyTorch, Machine Learning, TensorFlow",Remote,Sep,331,Build predictive models and perform advanced analytics.
13069,Data Analyst,InnoSoft,Enterprise,Singapore,Mid,Master's,80419,"Power BI, SQL, Python",Hybrid,May,194,Analyze business data and create reports and dashboards.
13070,Data Engineer,Insight Corp,Enterprise,UK,Senior,Master's,168592,"AWS, Python, Spark",Remote,Apr,203,Design and maintain data pipelines and data warehouses.
13071,Business Analyst,DataSphere,Medium,Singapore,Senior,PhD,103905,"Power BI, SQL, Excel, Tableau",Hybrid,Jun,144,Gather requirements and improve business processes through data insights.
13072,Data Scientist,DataSphere,Medium,USA,Entry,Master's,115267,"PyTorch, SQL, Machine Learning, Python, TensorFlow",Remote,Jun,241,Build predictive models and perform advanced analytics.
13073,Data Analyst,ByteWorks,Startup,USA,Senior,PhD,105864,"SQL, DAX, Python",On-site,Mar,98,Analyze business data and create reports and dashboards.
13074,BI Developer,Analytica,Enterprise,Germany,Entry,Master's,55990,"DAX, Power BI, Excel, SQL",On-site,Sep,280,Develop interactive dashboards and business intelligence solutions.
13075,Data Scientist,DataSphere,Medium,UK,Mid,Bachelor's,126364,"TensorFlow, Python, PyTorch",Remote,Jun,179,Build predictive models and perform advanced analytics.
13076,BI Developer,Insight Corp,Enterprise,Australia,Entry,Master's,72946,"SQL, DAX, Excel, Power BI",Hybrid,Oct,416,Develop interactive dashboards and business intelligence solutions.
13077,Data Scientist,CloudMatrix,Medium,Germany,Mid,Bachelor's,104963,"SQL, Machine Learning, PyTorch, TensorFlow, Python",Hybrid,Apr,144,Build predictive models and perform advanced analytics.
13078,Data Scientist,NextGen AI,Startup,India,Senior,PhD,94755,"PyTorch, Machine Learning, TensorFlow",On-site,Jun,216,Build predictive models and perform advanced analytics.
13079,ML Engineer,Analytica,Enterprise,Australia,Mid,Master's,100449,"Machine Learning, Python, AWS",On-site,Aug,91,Deploy and optimize machine learning models in production.
13080,Data Analyst,TechNova,Startup,Germany,Entry,Master's,57969,"DAX, Tableau, Excel, SQL",Remote,Apr,246,Analyze business data and create reports and dashboards.
13081,AI Engineer,CloudMatrix,Medium,Singapore,Entry,Bachelor's,97389,"Python, Machine Learning, PyTorch, AWS, TensorFlow",Hybrid,Dec,386,Build AI systems using deep learning and generative AI technologies.
13082,ML Engineer,DataSphere,Medium,Australia,Mid,Master's,158581,"Python, AWS, TensorFlow, PyTorch, Machine Learning",On-site,Aug,169,Deploy and optimize machine learning models in production.
13083,ML Engineer,InnoSoft,Enterprise,Australia,Entry,Master's,88011,"TensorFlow, PyTorch, Python, Machine Learning, AWS",Remote,Jan,185,Deploy and optimize machine learning models in production.
13084,AI Engineer,DataSphere,Medium,Singapore,Mid,Bachelor's,179838,"PyTorch, TensorFlow, Python, AWS, Machine Learning",Hybrid,Jun,232,Build AI systems using deep learning and generative AI technologies.
13085,Business Analyst,NextGen AI,Startup,UK,Entry,Master's,51552,"Tableau, SQL, Excel, Power BI",On-site,May,274,Gather requirements and improve business processes through data insights.
13086,BI Developer,Analytica,Enterprise,Singapore,Entry,Master's,57762,"Power BI, SQL, DAX, Excel",Hybrid,Jul,310,Develop interactive dashboards and business intelligence solutions.
13087,Data Analyst,NextGen AI,Startup,Singapore,Entry,Master's,75824,"Tableau, Power BI, Excel, Python, DAX",On-site,Aug,357,Analyze business data and create reports and dashboards.
13088,BI Developer,NextGen AI,Startup,Canada,Mid,Master's,94490,"SQL, Power BI, Excel, DAX",Hybrid,Apr,129,Develop interactive dashboards and business intelligence solutions.
13089,Business Analyst,TechNova,Startup,USA,Senior,PhD,97264,"Tableau, Power BI, SQL, Excel",Hybrid,Nov,129,Gather requirements and improve business processes through data insights.
13090,Data Scientist,DataSphere,Medium,UK,Senior,PhD,198338,"Python, Machine Learning, TensorFlow, SQL",Remote,Nov,161,Build predictive models and perform advanced analytics.
13091,BI Developer,InnoSoft,Enterprise,Singapore,Senior,Master's,87431,"Excel, SQL, DAX, Power BI",Hybrid,Feb,232,Develop interactive dashboards and business intelligence solutions.
13092,Data Engineer,Insight Corp,Enterprise,Germany,Entry,Master's,124997,"SQL, Spark, AWS, Python",Remote,Oct,404,Design and maintain data pipelines and data warehouses.
13093,Data Engineer,Analytica,Enterprise,Singapore,Mid,Bachelor's,102431,"SQL, Python, Spark, AWS",Hybrid,Jan,231,Design and maintain data pipelines and data warehouses.
13094,AI Engineer,TechNova,Startup,India,Mid,Master's,63741,"Python, AWS, Machine Learning, TensorFlow, PyTorch",Hybrid,Aug,281,Build AI systems using deep learning and generative AI technologies.
13095,BI Developer,CloudMatrix,Medium,India,Entry,Bachelor's,39684,"SQL, DAX, Excel, Power BI",Hybrid,Dec,478,Develop interactive dashboards and business intelligence solutions.
13096,BI Developer,CloudMatrix,Medium,UK,Mid,Master's,69770,"Excel, DAX, Power BI",Remote,Jul,119,Develop interactive dashboards and business intelligence solutions.
13097,BI Developer,InnoSoft,Enterprise,UK,Entry,Bachelor's,75450,"SQL, Power BI, Excel, DAX",On-site,Dec,211,Develop interactive dashboards and business intelligence solutions.
13098,BI Developer,DataSphere,Medium,USA,Mid,Master's,83472,"DAX, SQL, Power BI",On-site,Jun,102,Develop interactive dashboards and business intelligence solutions.
13099,ML Engineer,Analytica,Enterprise,Singapore,Mid,Bachelor's,170088,"TensorFlow, AWS, Machine Learning, PyTorch, Python",Remote,Apr,104,Deploy and optimize machine learning models in production.
13100,ML Engineer,DataSphere,Medium,India,Entry,Master's,64060,"Python, TensorFlow, PyTorch, Machine Learning",Remote,Feb,408,Deploy and optimize machine learning models in production.
13101,ML Engineer,TechNova,Startup,Germany,Senior,PhD,196826,"Machine Learning, AWS, PyTorch, TensorFlow",On-site,Mar,150,Deploy and optimize machine learning models in production.
13102,AI Engineer,DataSphere,Medium,Germany,Entry,Bachelor's,101086,"Machine Learning, TensorFlow, PyTorch, Python",Hybrid,Mar,282,Build AI systems using deep learning and generative AI technologies.
13103,BI Developer,NextGen AI,Startup,Germany,Senior,PhD,126057,"DAX, Excel, Power BI, SQL",Hybrid,Apr,145,Develop interactive dashboards and business intelligence solutions.
13104,BI Developer,TechNova,Startup,Germany,Senior,PhD,80834,"Power BI, DAX, SQL, Excel",Remote,Jul,241,Develop interactive dashboards and business intelligence solutions.
13105,BI Developer,ByteWorks,Startup,Singapore,Mid,Master's,64976,"DAX, Excel, SQL",Hybrid,Nov,96,Develop interactive dashboards and business intelligence solutions.
13106,Business Analyst,DataSphere,Medium,Australia,Mid,Master's,57979,"Power BI, SQL, Excel, Tableau",Remote,Feb,162,Gather requirements and improve business processes through data insights.
13107,ML Engineer,CloudMatrix,Medium,Germany,Senior,Master's,198066,"AWS, TensorFlow, Machine Learning",On-site,Dec,105,Deploy and optimize machine learning models in production.
13108,Data Analyst,TechNova,Startup,Canada,Mid,Bachelor's,74888,"Power BI, Python, Excel, DAX, Tableau",Remote,Apr,116,Analyze business data and create reports and dashboards.
13109,ML Engineer,CloudMatrix,Medium,Australia,Senior,Master's,159281,"TensorFlow, AWS, Machine Learning, Python, PyTorch",Hybrid,Oct,226,Deploy and optimize machine learning models in production.
13110,BI Developer,ByteWorks,Startup,Germany,Mid,Master's,60761,"SQL, Power BI, Excel, DAX",Hybrid,Oct,135,Develop interactive dashboards and business intelligence solutions.
13111,AI Engineer,DataSphere,Medium,Canada,Entry,Bachelor's,137674,"TensorFlow, Machine Learning, Python, PyTorch, AWS",Remote,Jul,318,Build AI systems using deep learning and generative AI technologies.
13112,Data Engineer,NextGen AI,Startup,Germany,Senior,Master's,187403,"AWS, Spark, SQL",Remote,Jun,55,Design and maintain data pipelines and data warehouses.
13113,Data Scientist,Analytica,Enterprise,India,Mid,Bachelor's,44344,"TensorFlow, Python, PyTorch, Machine Learning, SQL",Remote,Aug,268,Build predictive models and perform advanced analytics.
13114,Data Scientist,CloudMatrix,Medium,Canada,Mid,Master's,96171,"TensorFlow, Machine Learning, PyTorch, SQL",Remote,Nov,89,Build predictive models and perform advanced analytics.
13115,Data Analyst,ByteWorks,Startup,USA,Entry,Bachelor's,54919,"SQL, Tableau, DAX, Python, Power BI",Hybrid,Sep,383,Analyze business data and create reports and dashboards.
13116,AI Engineer,Analytica,Enterprise,UK,Mid,Master's,116565,"PyTorch, AWS, TensorFlow",Hybrid,Mar,145,Build AI systems using deep learning and generative AI technologies.
13117,Data Scientist,Insight Corp,Enterprise,Australia,Mid,Bachelor's,117984,"TensorFlow, Python, Machine Learning, SQL",Remote,Feb,155,Build predictive models and perform advanced analytics.
13118,AI Engineer,TechNova,Startup,India,Senior,PhD,98152,"Python, AWS, TensorFlow, PyTorch, Machine Learning",Remote,Jan,372,Build AI systems using deep learning and generative AI technologies.
13119,ML Engineer,CloudMatrix,Medium,UK,Entry,Master's,77912,"Machine Learning, AWS, TensorFlow",Remote,May,366,Deploy and optimize machine learning models in production.
13120,BI Developer,Analytica,Enterprise,Germany,Entry,Master's,57512,"Excel, Power BI, SQL, DAX",On-site,Jul,400,Develop interactive dashboards and business intelligence solutions.
13121,AI Engineer,CloudMatrix,Medium,USA,Senior,PhD,193065,"PyTorch, AWS, Python, Machine Learning",On-site,Oct,126,Build AI systems using deep learning and generative AI technologies.
13122,AI Engineer,InnoSoft,Enterprise,USA,Mid,Master's,183016,"Python, PyTorch, Machine Learning, AWS, TensorFlow",Hybrid,May,93,Build AI systems using deep learning and generative AI technologies.
13123,Business Analyst,Analytica,Enterprise,USA,Entry,Bachelor's,60527,"Power BI, Excel, SQL",On-site,May,244,Gather requirements and improve business processes through data insights.
13124,Data Scientist,InnoSoft,Enterprise,Australia,Mid,Master's,149262,"PyTorch, Python, Machine Learning",Hybrid,Oct,214,Build predictive models and perform advanced analytics.
13125,Data Scientist,Analytica,Enterprise,USA,Senior,PhD,197916,"TensorFlow, Python, PyTorch, SQL, Machine Learning",Remote,Aug,146,Build predictive models and perform advanced analytics.
13126,ML Engineer,NextGen AI,Startup,Germany,Mid,Master's,125850,"Machine Learning, PyTorch, AWS, TensorFlow, Python",Hybrid,Nov,207,Deploy and optimize machine learning models in production.
13127,AI Engineer,CloudMatrix,Medium,Germany,Entry,Bachelor's,94356,"PyTorch, AWS, Python, TensorFlow",Remote,Oct,448,Build AI systems using deep learning and generative AI technologies.
13128,BI Developer,InnoSoft,Enterprise,Canada,Mid,Bachelor's,86371,"Excel, DAX, SQL",Hybrid,Mar,172,Develop interactive dashboards and business intelligence solutions.
13129,Business Analyst,Insight Corp,Enterprise,UK,Mid,Master's,72219,"Excel, Power BI, SQL",On-site,Jun,148,Gather requirements and improve business processes through data insights.
13130,Data Scientist,NextGen AI,Startup,USA,Mid,Master's,94133,"TensorFlow, Python, Machine Learning",On-site,Jun,213,Build predictive models and perform advanced analytics.
13131,ML Engineer,DataSphere,Medium,Germany,Entry,Master's,114494,"Machine Learning, Python, PyTorch, AWS",Remote,May,383,Deploy and optimize machine learning models in production.
13132,Business Analyst,Insight Corp,Enterprise,Germany,Entry,Master's,63683,"SQL, Excel, Tableau",Remote,Apr,210,Gather requirements and improve business processes through data insights.
13133,Business Analyst,CloudMatrix,Medium,Australia,Entry,Bachelor's,57730,"Excel, Power BI, SQL, Tableau",Remote,Dec,426,Gather requirements and improve business processes through data insights.
13134,ML Engineer,DataSphere,Medium,UK,Mid,Master's,95638,"PyTorch, AWS, Machine Learning, Python",Hybrid,Apr,184,Deploy and optimize machine learning models in production.
13135,Data Scientist,ByteWorks,Startup,USA,Entry,Master's,131454,"Machine Learning, SQL, PyTorch, TensorFlow, Python",Hybrid,Nov,322,Build predictive models and perform advanced analytics.
13136,Data Engineer,Analytica,Enterprise,UK,Senior,Master's,171224,"Spark, SQL, AWS",On-site,Aug,52,Design and maintain data pipelines and data warehouses.
13137,ML Engineer,InnoSoft,Enterprise,UK,Entry,Bachelor's,79708,"Machine Learning, TensorFlow, PyTorch, Python",Remote,Jul,345,Deploy and optimize machine learning models in production.
13138,BI Developer,InnoSoft,Enterprise,Germany,Mid,Bachelor's,81732,"DAX, Excel, Power BI",Hybrid,Dec,124,Develop interactive dashboards and business intelligence solutions.
13139,BI Developer,ByteWorks,Startup,Germany,Entry,Bachelor's,72061,"Excel, SQL, Power BI, DAX",Remote,Dec,344,Develop interactive dashboards and business intelligence solutions.
13140,Data Engineer,Analytica,Enterprise,Singapore,Entry,Bachelor's,134258,"Spark, AWS, SQL, Python",Remote,Jun,449,Design and maintain data pipelines and data warehouses.
13141,Business Analyst,ByteWorks,Startup,Canada,Mid,Bachelor's,75729,"Power BI, Excel, SQL",Hybrid,Jun,86,Gather requirements and improve business processes through data insights.
13142,Data Analyst,NextGen AI,Startup,Australia,Entry,Master's,65001,"Tableau, Python, Excel",Remote,Sep,310,Analyze business data and create reports and dashboards.
13143,Business Analyst,Analytica,Enterprise,Australia,Entry,Bachelor's,46802,"Tableau, Power BI, Excel",On-site,May,406,Gather requirements and improve business processes through data insights.
13144,ML Engineer,InnoSoft,Enterprise,Canada,Entry,Bachelor's,124961,"TensorFlow, Python, PyTorch, Machine Learning",Remote,Jan,298,Deploy and optimize machine learning models in production.
13145,Data Scientist,Insight Corp,Enterprise,Singapore,Senior,PhD,147079,"Python, SQL, Machine Learning, PyTorch, TensorFlow",On-site,Jul,158,Build predictive models and perform advanced analytics.
13146,BI Developer,ByteWorks,Startup,India,Senior,PhD,58403,"DAX, Power BI, SQL, Excel",On-site,Feb,270,Develop interactive dashboards and business intelligence solutions.
13147,AI Engineer,TechNova,Startup,Canada,Senior,Master's,201175,"PyTorch, Python, TensorFlow",On-site,Mar,173,Build AI systems using deep learning and generative AI technologies.
13148,BI Developer,DataSphere,Medium,India,Mid,Master's,39926,"DAX, Power BI, Excel",Hybrid,Aug,250,Develop interactive dashboards and business intelligence solutions.
13149,ML Engineer,InnoSoft,Enterprise,India,Mid,Master's,59086,"Python, PyTorch, Machine Learning, TensorFlow",Remote,Oct,187,Deploy and optimize machine learning models in production.
13150,Business Analyst,DataSphere,Medium,Germany,Entry,Master's,66847,"Excel, Tableau, SQL, Power BI",Hybrid,Jul,351,Gather requirements and improve business processes through data insights.
13151,Data Analyst,NextGen AI,Startup,Singapore,Entry,Bachelor's,59901,"Excel, DAX, Tableau",Remote,Nov,353,Analyze business data and create reports and dashboards.
13152,Data Engineer,InnoSoft,Enterprise,USA,Mid,Master's,97535,"Python, Spark, SQL, AWS",On-site,Oct,153,Design and maintain data pipelines and data warehouses.
13153,Business Analyst,CloudMatrix,Medium,Germany,Mid,Master's,82320,"Tableau, Excel, Power BI",On-site,May,60,Gather requirements and improve business processes through data insights.
13154,Data Scientist,InnoSoft,Enterprise,Australia,Entry,Bachelor's,105799,"SQL, Python, TensorFlow",On-site,Apr,363,Build predictive models and perform advanced analytics.
13155,BI Developer,DataSphere,Medium,Australia,Mid,Bachelor's,78131,"DAX, Excel, Power BI, SQL",Hybrid,Nov,214,Develop interactive dashboards and business intelligence solutions.
13156,Data Engineer,TechNova,Startup,Australia,Entry,Bachelor's,71612,"Python, SQL, Spark, AWS",Remote,Jun,307,Design and maintain data pipelines and data warehouses.
13157,Data Analyst,Insight Corp,Enterprise,India,Mid,Master's,39190,"Tableau, DAX, Power BI, Python, Excel",Hybrid,Jan,222,Analyze business data and create reports and dashboards.
13158,Data Engineer,DataSphere,Medium,Germany,Senior,PhD,208657,"SQL, Spark, AWS",Remote,Oct,193,Design and maintain data pipelines and data warehouses.
13159,Data Analyst,InnoSoft,Enterprise,UK,Entry,Master's,43722,"Power BI, DAX, SQL, Tableau",Remote,Apr,272,Analyze business data and create reports and dashboards.
13160,Data Analyst,InnoSoft,Enterprise,Australia,Entry,Master's,65372,"Tableau, Power BI, DAX, Python, Excel",Hybrid,Aug,209,Analyze business data and create reports and dashboards.
13161,AI Engineer,Insight Corp,Enterprise,Germany,Entry,Bachelor's,85379,"Machine Learning, AWS, Python, TensorFlow, PyTorch",Hybrid,Feb,307,Build AI systems using deep learning and generative AI technologies.
13162,AI Engineer,CloudMatrix,Medium,Australia,Mid,Master's,163815,"AWS, Python, TensorFlow",On-site,Aug,59,Build AI systems using deep learning and generative AI technologies.
13163,Data Analyst,ByteWorks,Startup,Canada,Entry,Bachelor's,53006,"Excel, DAX, Tableau, Power BI",Hybrid,Oct,243,Analyze business data and create reports and dashboards.
13164,AI Engineer,ByteWorks,Startup,Singapore,Mid,Master's,164326,"Machine Learning, Python, AWS, TensorFlow, PyTorch",Remote,Oct,115,Build AI systems using deep learning and generative AI technologies.
13165,Data Engineer,Analytica,Enterprise,Australia,Mid,Master's,87458,"SQL, AWS, Python, Spark",Remote,Dec,204,Design and maintain data pipelines and data warehouses.
13166,Business Analyst,Insight Corp,Enterprise,USA,Senior,PhD,107713,"Power BI, Tableau, Excel, SQL",Hybrid,May,50,Gather requirements and improve business processes through data insights.
13167,AI Engineer,Insight Corp,Enterprise,India,Mid,Master's,82720,"PyTorch, TensorFlow, AWS",Remote,Jun,292,Build AI systems using deep learning and generative AI technologies.
13168,Data Scientist,DataSphere,Medium,UK,Entry,Master's,113752,"PyTorch, TensorFlow, Python",On-site,Jun,373,Build predictive models and perform advanced analytics.
13169,Data Analyst,TechNova,Startup,UK,Mid,Master's,70764,"Excel, SQL, Power BI, Tableau, Python",On-site,Jul,83,Analyze business data and create reports and dashboards.
13170,Data Engineer,TechNova,Startup,UK,Senior,PhD,207201,"SQL, AWS, Python, Spark",Hybrid,Apr,94,Design and maintain data pipelines and data warehouses.
13171,Business Analyst,Insight Corp,Enterprise,India,Mid,Master's,29295,"Excel, Power BI, Tableau, SQL",Remote,Aug,347,Gather requirements and improve business processes through data insights.
13172,Business Analyst,Analytica,Enterprise,USA,Entry,Master's,66832,"Tableau, SQL, Power BI, Excel",Hybrid,Sep,296,Gather requirements and improve business processes through data insights.
13173,AI Engineer,DataSphere,Medium,UK,Mid,Master's,144438,"AWS, PyTorch, Machine Learning, Python",Hybrid,May,245,Build AI systems using deep learning and generative AI technologies.
13174,Data Engineer,NextGen AI,Startup,Australia,Entry,Master's,116700,"SQL, Spark, AWS, Python",Hybrid,Dec,363,Design and maintain data pipelines and data warehouses.
13175,AI Engineer,TechNova,Startup,Singapore,Entry,Bachelor's,135847,"Machine Learning, TensorFlow, Python, PyTorch, AWS",On-site,Jul,424,Build AI systems using deep learning and generative AI technologies.
13176,Data Analyst,NextGen AI,Startup,Australia,Entry,Bachelor's,67052,"Python, SQL, Tableau, DAX",Remote,Feb,305,Analyze business data and create reports and dashboards.
13177,ML Engineer,CloudMatrix,Medium,Australia,Senior,Master's,140487,"AWS, PyTorch, Machine Learning, Python",Remote,Apr,181,Deploy and optimize machine learning models in production.
13178,Data Scientist,InnoSoft,Enterprise,UK,Entry,Master's,77065,"PyTorch, TensorFlow, Python, SQL, Machine Learning",Hybrid,May,358,Build predictive models and perform advanced analytics.
13179,AI Engineer,NextGen AI,Startup,UK,Mid,Bachelor's,115147,"Python, PyTorch, AWS, Machine Learning",Hybrid,Nov,142,Build AI systems using deep learning and generative AI technologies.
13180,Data Scientist,ByteWorks,Startup,India,Mid,Bachelor's,52893,"TensorFlow, SQL, Python",Hybrid,Jul,251,Build predictive models and perform advanced analytics.
13181,ML Engineer,InnoSoft,Enterprise,Australia,Entry,Bachelor's,134828,"Python, TensorFlow, AWS, Machine Learning",Remote,Jun,324,Deploy and optimize machine learning models in production.
13182,Data Analyst,ByteWorks,Startup,USA,Entry,Bachelor's,79692,"Tableau, DAX, Power BI, Excel",Remote,Jul,232,Analyze business data and create reports and dashboards.
13183,Business Analyst,DataSphere,Medium,India,Mid,Bachelor's,40106,"Tableau, SQL, Power BI, Excel",Remote,Jul,309,Gather requirements and improve business processes through data insights.
13184,Data Engineer,DataSphere,Medium,Australia,Entry,Master's,86841,"AWS, Python, Spark",Remote,Feb,253,Design and maintain data pipelines and data warehouses.
13185,BI Developer,NextGen AI,Startup,UK,Entry,Bachelor's,45590,"DAX, Excel, Power BI",Remote,Jul,343,Develop interactive dashboards and business intelligence solutions.
13186,AI Engineer,TechNova,Startup,Germany,Entry,Bachelor's,101911,"PyTorch, AWS, Machine Learning, Python, TensorFlow",Hybrid,Mar,388,Build AI systems using deep learning and generative AI technologies.
13187,Data Scientist,NextGen AI,Startup,UK,Entry,Master's,101948,"Machine Learning, PyTorch, TensorFlow",Hybrid,Nov,233,Build predictive models and perform advanced analytics.
13188,ML Engineer,InnoSoft,Enterprise,Australia,Entry,Bachelor's,80884,"TensorFlow, PyTorch, Machine Learning, AWS, Python",Hybrid,Nov,253,Deploy and optimize machine learning models in production.
13189,Data Analyst,ByteWorks,Startup,Australia,Entry,Master's,56322,"DAX, Tableau, SQL, Excel",Remote,Jul,405,Analyze business data and create reports and dashboards.
13190,Business Analyst,ByteWorks,Startup,Germany,Senior,PhD,106979,"Power BI, Tableau, SQL, Excel",Hybrid,Jun,111,Gather requirements and improve business processes through data insights.
13191,Data Engineer,NextGen AI,Startup,UK,Mid,Bachelor's,90079,"AWS, Python, Spark, SQL",On-site,Aug,53,Design and maintain data pipelines and data warehouses.
13192,AI Engineer,InnoSoft,Enterprise,India,Mid,Bachelor's,56360,"Machine Learning, Python, TensorFlow, AWS, PyTorch",Hybrid,Feb,256,Build AI systems using deep learning and generative AI technologies.
13193,AI Engineer,CloudMatrix,Medium,Singapore,Mid,Bachelor's,172327,"Python, PyTorch, TensorFlow",Remote,Feb,117,Build AI systems using deep learning and generative AI technologies.
13194,Data Engineer,NextGen AI,Startup,USA,Entry,Master's,75935,"Python, Spark, AWS, SQL",On-site,Dec,303,Design and maintain data pipelines and data warehouses.
13195,BI Developer,InnoSoft,Enterprise,Australia,Entry,Bachelor's,58372,"SQL, DAX, Excel, Power BI",Hybrid,Jan,238,Develop interactive dashboards and business intelligence solutions.
13196,Data Analyst,Analytica,Enterprise,India,Mid,Bachelor's,29775,"DAX, Excel, Python, SQL",Remote,Oct,328,Analyze business data and create reports and dashboards.
13197,ML Engineer,CloudMatrix,Medium,India,Mid,Bachelor's,48668,"AWS, TensorFlow, PyTorch, Machine Learning",On-site,Jul,197,Deploy and optimize machine learning models in production.
13198,Business Analyst,CloudMatrix,Medium,UK,Entry,Bachelor's,63829,"Excel, Tableau, Power BI, SQL",Hybrid,Sep,321,Gather requirements and improve business processes through data insights.
13199,AI Engineer,ByteWorks,Startup,Germany,Senior,Master's,139852,"AWS, Python, Machine Learning, TensorFlow, PyTorch",Hybrid,Jun,151,Build AI systems using deep learning and generative AI technologies.
13200,Data Scientist,Analytica,Enterprise,Germany,Entry,Bachelor's,98508,"SQL, TensorFlow, Python",Hybrid,Mar,309,Build predictive models and perform advanced analytics.
13201,ML Engineer,Analytica,Enterprise,Australia,Mid,Master's,168349,"TensorFlow, AWS, Python, Machine Learning",On-site,Sep,227,Deploy and optimize machine learning models in production.
13202,Data Engineer,DataSphere,Medium,Germany,Senior,Master's,155047,"Spark, Python, AWS",Hybrid,May,75,Design and maintain data pipelines and data warehouses.
13203,Business Analyst,Insight Corp,Enterprise,India,Entry,Bachelor's,32767,"SQL, Excel, Power BI, Tableau",On-site,Dec,411,Gather requirements and improve business processes through data insights.
13204,Data Scientist,Insight Corp,Enterprise,India,Mid,Master's,39414,"TensorFlow, PyTorch, SQL, Python",Hybrid,Aug,326,Build predictive models and perform advanced analytics.
13205,ML Engineer,TechNova,Startup,USA,Entry,Bachelor's,101023,"Python, AWS, Machine Learning, TensorFlow",On-site,Apr,339,Deploy and optimize machine learning models in production.
13206,ML Engineer,TechNova,Startup,India,Entry,Bachelor's,45665,"Machine Learning, Python, TensorFlow",Remote,Jan,437,Deploy and optimize machine learning models in production.
13207,Business Analyst,CloudMatrix,Medium,Germany,Mid,Master's,71368,"Excel, Power BI, Tableau",Remote,May,158,Gather requirements and improve business processes through data insights.
13208,AI Engineer,InnoSoft,Enterprise,Australia,Entry,Master's,87752,"PyTorch, Python, AWS",Hybrid,May,443,Build AI systems using deep learning and generative AI technologies.
13209,Business Analyst,Insight Corp,Enterprise,Australia,Mid,Master's,67335,"Excel, SQL, Power BI",Hybrid,May,219,Gather requirements and improve business processes through data insights.
13210,ML Engineer,ByteWorks,Startup,Germany,Entry,Bachelor's,138805,"AWS, PyTorch, Python",Remote,Feb,219,Deploy and optimize machine learning models in production.
13211,Data Scientist,Insight Corp,Enterprise,Germany,Entry,Master's,124166,"TensorFlow, Machine Learning, Python, SQL, PyTorch",Remote,Jun,391,Build predictive models and perform advanced analytics.
13212,Business Analyst,DataSphere,Medium,Australia,Mid,Master's,66132,"SQL, Excel, Tableau",Remote,Oct,158,Gather requirements and improve business processes through data insights.
13213,AI Engineer,CloudMatrix,Medium,India,Mid,Master's,74481,"TensorFlow, AWS, PyTorch, Python, Machine Learning",Remote,Nov,301,Build AI systems using deep learning and generative AI technologies.
13214,Data Scientist,NextGen AI,Startup,Singapore,Entry,Master's,67979,"Python, SQL, TensorFlow, Machine Learning, PyTorch",Hybrid,Dec,416,Build predictive models and perform advanced analytics.
13215,Data Scientist,TechNova,Startup,India,Mid,Master's,78221,"TensorFlow, PyTorch, SQL, Machine Learning, Python",Remote,Aug,159,Build predictive models and perform advanced analytics.
13216,Business Analyst,NextGen AI,Startup,Canada,Mid,Bachelor's,68341,"Tableau, Excel, SQL, Power BI",On-site,Feb,217,Gather requirements and improve business processes through data insights.
13217,ML Engineer,ByteWorks,Startup,UK,Mid,Master's,118662,"AWS, PyTorch, Python",On-site,Jan,142,Deploy and optimize machine learning models in production.
13218,AI Engineer,NextGen AI,Startup,Germany,Entry,Bachelor's,94633,"Machine Learning, AWS, TensorFlow, Python, PyTorch",Hybrid,Oct,365,Build AI systems using deep learning and generative AI technologies.
13219,Data Analyst,CloudMatrix,Medium,Singapore,Mid,Master's,81010,"Tableau, SQL, Python, Excel",Hybrid,Aug,58,Analyze business data and create reports and dashboards.
13220,ML Engineer,InnoSoft,Enterprise,Germany,Entry,Bachelor's,82353,"Machine Learning, TensorFlow, AWS, Python, PyTorch",Hybrid,Feb,303,Deploy and optimize machine learning models in production.
13221,Data Engineer,CloudMatrix,Medium,Australia,Entry,Bachelor's,112471,"Python, Spark, AWS, SQL",Hybrid,Feb,319,Design and maintain data pipelines and data warehouses.
13222,AI Engineer,DataSphere,Medium,USA,Senior,Master's,168692,"Machine Learning, TensorFlow, PyTorch, Python",On-site,Apr,167,Build AI systems using deep learning and generative AI technologies.
13223,Business Analyst,DataSphere,Medium,USA,Entry,Bachelor's,71853,"SQL, Power BI, Tableau, Excel",Remote,Jul,312,Gather requirements and improve business processes through data insights.
13224,Business Analyst,Analytica,Enterprise,Singapore,Entry,Bachelor's,54262,"Tableau, Power BI, SQL",Remote,Mar,221,Gather requirements and improve business processes through data insights.
13225,Business Analyst,CloudMatrix,Medium,Singapore,Mid,Bachelor's,85638,"Power BI, Tableau, Excel",Remote,Oct,115,Gather requirements and improve business processes through data insights.
13226,BI Developer,InnoSoft,Enterprise,India,Mid,Master's,36915,"Excel, SQL, Power BI, DAX",Remote,Jan,256,Develop interactive dashboards and business intelligence solutions.
13227,AI Engineer,CloudMatrix,Medium,UK,Entry,Bachelor's,119928,"PyTorch, Machine Learning, AWS, TensorFlow, Python",On-site,Jul,207,Build AI systems using deep learning and generative AI technologies.
13228,BI Developer,InnoSoft,Enterprise,Germany,Entry,Bachelor's,79502,"SQL, Power BI, Excel, DAX",Remote,Feb,355,Develop interactive dashboards and business intelligence solutions.
13229,Business Analyst,CloudMatrix,Medium,India,Entry,Bachelor's,20171,"Power BI, Excel, SQL, Tableau",Remote,May,320,Gather requirements and improve business processes through data insights.
13230,Data Scientist,Insight Corp,Enterprise,UK,Senior,Master's,155223,"Machine Learning, PyTorch, Python",Hybrid,Mar,232,Build predictive models and perform advanced analytics.
13231,Business Analyst,InnoSoft,Enterprise,India,Mid,Bachelor's,31689,"Tableau, Excel, SQL, Power BI",Remote,Apr,330,Gather requirements and improve business processes through data insights.
13232,Data Scientist,TechNova,Startup,UK,Senior,Master's,183772,"Machine Learning, Python, SQL, TensorFlow, PyTorch",Remote,Mar,182,Build predictive models and perform advanced analytics.
13233,Data Scientist,TechNova,Startup,UK,Entry,Bachelor's,87670,"Machine Learning, Python, PyTorch, TensorFlow, SQL",Hybrid,Sep,281,Build predictive models and perform advanced analytics.
13234,Data Analyst,NextGen AI,Startup,Germany,Mid,Bachelor's,82893,"Python, DAX, SQL, Tableau, Power BI",On-site,Nov,239,Analyze business data and create reports and dashboards.
13235,BI Developer,Insight Corp,Enterprise,Germany,Entry,Master's,66601,"SQL, Excel, Power BI, DAX",Remote,Jun,308,Develop interactive dashboards and business intelligence solutions.
13236,ML Engineer,InnoSoft,Enterprise,Australia,Entry,Bachelor's,107618,"Python, TensorFlow, PyTorch, Machine Learning, AWS",Hybrid,Mar,316,Deploy and optimize machine learning models in production.
13237,ML Engineer,Insight Corp,Enterprise,Germany,Mid,Bachelor's,177216,"Machine Learning, AWS, PyTorch, TensorFlow",Remote,Aug,245,Deploy and optimize machine learning models in production.
13238,Data Analyst,CloudMatrix,Medium,Germany,Mid,Bachelor's,58020,"SQL, Python, Power BI",On-site,Jul,132,Analyze business data and create reports and dashboards.
13239,Data Scientist,ByteWorks,Startup,Singapore,Senior,Master's,118523,"SQL, Machine Learning, Python, TensorFlow, PyTorch",On-site,Dec,215,Build predictive models and perform advanced analytics.
13240,Data Scientist,DataSphere,Medium,India,Senior,PhD,81767,"Machine Learning, SQL, Python, TensorFlow, PyTorch",Remote,Nov,281,Build predictive models and perform advanced analytics.
13241,Data Analyst,NextGen AI,Startup,Germany,Mid,Bachelor's,56314,"Power BI, Tableau, SQL",Remote,Jul,169,Analyze business data and create reports and dashboards.
13242,Data Analyst,InnoSoft,Enterprise,India,Senior,PhD,45932,"SQL, Python, Power BI, Tableau",Remote,Aug,260,Analyze business data and create reports and dashboards.
13243,ML Engineer,Insight Corp,Enterprise,USA,Entry,Bachelor's,158253,"PyTorch, Python, TensorFlow, Machine Learning",Remote,Oct,341,Deploy and optimize machine learning models in production.
13244,ML Engineer,TechNova,Startup,Canada,Mid,Master's,120789,"Machine Learning, Python, AWS, PyTorch",On-site,Mar,148,Deploy and optimize machine learning models in production.
13245,ML Engineer,TechNova,Startup,UK,Entry,Master's,141230,"PyTorch, Python, Machine Learning, AWS",On-site,Sep,324,Deploy and optimize machine learning models in production.
13246,AI Engineer,Insight Corp,Enterprise,Canada,Entry,Master's,112891,"Machine Learning, Python, PyTorch, TensorFlow, AWS",On-site,Mar,444,Build AI systems using deep learning and generative AI technologies.
13247,Data Analyst,CloudMatrix,Medium,Canada,Entry,Bachelor's,58390,"Excel, Power BI, Tableau, SQL, Python",On-site,Jan,265,Analyze business data and create reports and dashboards.
13248,Data Analyst,ByteWorks,Startup,Singapore,Mid,Master's,78025,"SQL, Python, Tableau, Power BI, Excel",Hybrid,Nov,203,Analyze business data and create reports and dashboards.
13249,Data Analyst,Insight Corp,Enterprise,Australia,Entry,Master's,43576,"Excel, DAX, Power BI",Remote,May,371,Analyze business data and create reports and dashboards.
13250,Data Engineer,Insight Corp,Enterprise,India,Senior,PhD,55278,"AWS, SQL, Spark, Python",Remote,Jul,147,Design and maintain data pipelines and data warehouses.
13251,Data Engineer,NextGen AI,Startup,Canada,Mid,Master's,141063,"Python, SQL, AWS, Spark",Remote,Jul,139,Design and maintain data pipelines and data warehouses.
13252,Business Analyst,CloudMatrix,Medium,Germany,Mid,Bachelor's,51130,"Tableau, Power BI, SQL, Excel",Hybrid,Sep,99,Gather requirements and improve business processes through data insights.
13253,Data Analyst,InnoSoft,Enterprise,Singapore,Senior,Master's,106656,"Excel, Python, Tableau, SQL, DAX",Remote,May,140,Analyze business data and create reports and dashboards.
13254,Business Analyst,DataSphere,Medium,Canada,Senior,PhD,93543,"Excel, Power BI, SQL, Tableau",On-site,Aug,68,Gather requirements and improve business processes through data insights.
13255,AI Engineer,ByteWorks,Startup,USA,Senior,PhD,165289,"TensorFlow, Machine Learning, Python",Remote,Jul,210,Build AI systems using deep learning and generative AI technologies.
13256,Data Scientist,TechNova,Startup,USA,Entry,Master's,119250,"TensorFlow, SQL, PyTorch, Machine Learning",Hybrid,Jun,280,Build predictive models and perform advanced analytics.
13257,AI Engineer,InnoSoft,Enterprise,Canada,Mid,Bachelor's,107322,"Machine Learning, Python, AWS",Hybrid,Aug,220,Build AI systems using deep learning and generative AI technologies.
13258,ML Engineer,InnoSoft,Enterprise,Canada,Senior,Master's,165342,"Machine Learning, TensorFlow, PyTorch, AWS, Python",Hybrid,Dec,246,Deploy and optimize machine learning models in production.
13259,AI Engineer,Insight Corp,Enterprise,Australia,Entry,Master's,143552,"Machine Learning, PyTorch, TensorFlow",Remote,Sep,375,Build AI systems using deep learning and generative AI technologies.
13260,BI Developer,ByteWorks,Startup,USA,Senior,Master's,140820,"Excel, DAX, SQL, Power BI",Hybrid,Aug,89,Develop interactive dashboards and business intelligence solutions.
13261,Data Scientist,Analytica,Enterprise,Germany,Senior,Master's,189512,"TensorFlow, Machine Learning, SQL",Hybrid,Jun,102,Build predictive models and perform advanced analytics.
13262,Data Analyst,DataSphere,Medium,Australia,Mid,Master's,59664,"Tableau, Power BI, Excel, SQL, DAX",Remote,Jul,158,Analyze business data and create reports and dashboards.
13263,Data Scientist,ByteWorks,Startup,Australia,Entry,Master's,72627,"Machine Learning, SQL, PyTorch, Python",Hybrid,Oct,330,Build predictive models and perform advanced analytics.
13264,ML Engineer,NextGen AI,Startup,India,Mid,Bachelor's,84397,"AWS, PyTorch, Machine Learning, Python",On-site,Nov,170,Deploy and optimize machine learning models in production.
13265,BI Developer,ByteWorks,Startup,Singapore,Mid,Master's,105384,"Excel, SQL, Power BI, DAX",Hybrid,Aug,216,Develop interactive dashboards and business intelligence solutions.
13266,Data Scientist,DataSphere,Medium,Canada,Entry,Master's,109666,"Python, PyTorch, Machine Learning, TensorFlow",Remote,May,283,Build predictive models and perform advanced analytics.
13267,Data Engineer,Insight Corp,Enterprise,India,Mid,Master's,65832,"SQL, AWS, Spark, Python",Remote,Jun,258,Design and maintain data pipelines and data warehouses.
13268,BI Developer,CloudMatrix,Medium,Singapore,Mid,Master's,96216,"Excel, SQL, DAX, Power BI",On-site,Mar,149,Develop interactive dashboards and business intelligence solutions.
13269,Data Analyst,CloudMatrix,Medium,India,Senior,Master's,48512,"SQL, Power BI, Tableau, Python",Remote,Aug,254,Analyze business data and create reports and dashboards.
13270,Data Scientist,CloudMatrix,Medium,Singapore,Mid,Bachelor's,160634,"PyTorch, TensorFlow, Python, Machine Learning, SQL",On-site,Apr,65,Build predictive models and perform advanced analytics.
13271,Data Scientist,ByteWorks,Startup,Australia,Mid,Master's,83337,"SQL, TensorFlow, Machine Learning, Python",Remote,Apr,212,Build predictive models and perform advanced analytics.
13272,ML Engineer,CloudMatrix,Medium,India,Entry,Master's,66676,"AWS, Machine Learning, TensorFlow",Hybrid,Mar,468,Deploy and optimize machine learning models in production.
13273,BI Developer,Analytica,Enterprise,India,Mid,Bachelor's,38738,"Power BI, DAX, Excel, SQL",Hybrid,Nov,252,Develop interactive dashboards and business intelligence solutions.
13274,Data Scientist,InnoSoft,Enterprise,Canada,Mid,Master's,122318,"Python, TensorFlow, Machine Learning, SQL, PyTorch",Remote,Oct,59,Build predictive models and perform advanced analytics.
13275,Data Engineer,InnoSoft,Enterprise,USA,Entry,Bachelor's,81039,"Spark, AWS, Python",Remote,Apr,289,Design and maintain data pipelines and data warehouses.
13276,AI Engineer,Analytica,Enterprise,Canada,Entry,Bachelor's,124650,"Machine Learning, PyTorch, Python, AWS",On-site,Dec,340,Build AI systems using deep learning and generative AI technologies.
13277,Data Scientist,CloudMatrix,Medium,UK,Mid,Bachelor's,96147,"TensorFlow, SQL, Machine Learning, Python, PyTorch",Hybrid,Feb,215,Build predictive models and perform advanced analytics.
13278,Data Engineer,InnoSoft,Enterprise,UK,Mid,Bachelor's,98299,"Spark, Python, AWS, SQL",Hybrid,Apr,117,Design and maintain data pipelines and data warehouses.
13279,AI Engineer,NextGen AI,Startup,UK,Senior,Master's,140840,"AWS, Machine Learning, PyTorch, TensorFlow",Hybrid,Apr,144,Build AI systems using deep learning and generative AI technologies.
13280,Data Engineer,Insight Corp,Enterprise,Australia,Entry,Bachelor's,92013,"Spark, Python, SQL, AWS",Hybrid,Aug,457,Design and maintain data pipelines and data warehouses.
13281,ML Engineer,Analytica,Enterprise,USA,Entry,Master's,157075,"Python, TensorFlow, AWS",Remote,Mar,394,Deploy and optimize machine learning models in production.
13282,ML Engineer,DataSphere,Medium,Germany,Mid,Bachelor's,106627,"PyTorch, Machine Learning, Python",Remote,Jul,152,Deploy and optimize machine learning models in production.
13283,Data Scientist,InnoSoft,Enterprise,Canada,Senior,PhD,149609,"Machine Learning, SQL, Python, PyTorch, TensorFlow",On-site,Oct,222,Build predictive models and perform advanced analytics.
13284,Business Analyst,Insight Corp,Enterprise,Australia,Mid,Master's,57641,"SQL, Power BI, Tableau, Excel",On-site,Aug,184,Gather requirements and improve business processes through data insights.
13285,AI Engineer,ByteWorks,Startup,UK,Entry,Master's,115748,"Machine Learning, AWS, PyTorch",Hybrid,Jun,267,Build AI systems using deep learning and generative AI technologies.
13286,Business Analyst,Insight Corp,Enterprise,India,Mid,Bachelor's,40418,"SQL, Excel, Tableau",Hybrid,May,165,Gather requirements and improve business processes through data insights.
13287,Data Analyst,TechNova,Startup,Germany,Senior,Master's,71317,"SQL, DAX, Power BI, Python",Hybrid,Jul,84,Analyze business data and create reports and dashboards.
13288,BI Developer,Analytica,Enterprise,UK,Senior,PhD,99470,"DAX, SQL, Excel, Power BI",Hybrid,Apr,208,Develop interactive dashboards and business intelligence solutions.
13289,Data Analyst,DataSphere,Medium,India,Senior,Master's,47654,"SQL, Python, DAX, Power BI",Hybrid,Dec,268,Analyze business data and create reports and dashboards.
13290,Data Analyst,DataSphere,Medium,Singapore,Mid,Bachelor's,74856,"Excel, Power BI, Python, SQL",Remote,Jan,195,Analyze business data and create reports and dashboards.
13291,Business Analyst,DataSphere,Medium,Singapore,Senior,Master's,105158,"Tableau, Power BI, Excel",Hybrid,Jan,104,Gather requirements and improve business processes through data insights.
13292,Data Analyst,Insight Corp,Enterprise,UK,Entry,Bachelor's,49729,"SQL, Excel, Python",Hybrid,Jul,310,Analyze business data and create reports and dashboards.
13293,Data Analyst,NextGen AI,Startup,UK,Entry,Master's,56420,"SQL, Excel, Python",On-site,Apr,436,Analyze business data and create reports and dashboards.
13294,BI Developer,TechNova,Startup,Australia,Entry,Bachelor's,72777,"SQL, Excel, Power BI, DAX",On-site,Feb,187,Develop interactive dashboards and business intelligence solutions.
13295,BI Developer,NextGen AI,Startup,India,Mid,Master's,49217,"Excel, SQL, DAX, Power BI",On-site,Oct,261,Develop interactive dashboards and business intelligence solutions.
13296,AI Engineer,NextGen AI,Startup,Australia,Senior,PhD,181320,"Machine Learning, AWS, TensorFlow, Python",Hybrid,May,243,Build AI systems using deep learning and generative AI technologies.
13297,Data Engineer,CloudMatrix,Medium,Germany,Entry,Master's,123201,"SQL, AWS, Spark",On-site,Jan,241,Design and maintain data pipelines and data warehouses.
13298,Data Scientist,Insight Corp,Enterprise,Singapore,Mid,Master's,160984,"SQL, TensorFlow, Machine Learning, Python, PyTorch",On-site,Aug,156,Build predictive models and perform advanced analytics.
13299,Data Analyst,DataSphere,Medium,Canada,Mid,Master's,54575,"Python, DAX, Power BI, Excel, SQL",Remote,Aug,147,Analyze business data and create reports and dashboards.
13300,Data Analyst,InnoSoft,Enterprise,Germany,Mid,Master's,78745,"Excel, DAX, Python, SQL",On-site,Dec,133,Analyze business data and create reports and dashboards.
13301,Business Analyst,Insight Corp,Enterprise,Australia,Entry,Master's,59852,"Power BI, Excel, Tableau",Hybrid,Feb,280,Gather requirements and improve business processes through data insights.
13302,Business Analyst,Analytica,Enterprise,Singapore,Mid,Master's,79800,"Power BI, Tableau, SQL, Excel",On-site,Mar,247,Gather requirements and improve business processes through data insights.
13303,BI Developer,DataSphere,Medium,Germany,Mid,Master's,93475,"Excel, Power BI, SQL",Remote,Nov,79,Develop interactive dashboards and business intelligence solutions.
13304,Data Analyst,TechNova,Startup,Germany,Mid,Master's,70138,"Power BI, SQL, Tableau, Excel, DAX",Hybrid,Jul,106,Analyze business data and create reports and dashboards.
13305,ML Engineer,DataSphere,Medium,Singapore,Entry,Bachelor's,112075,"Python, Machine Learning, TensorFlow, PyTorch",On-site,Feb,298,Deploy and optimize machine learning models in production.
13306,ML Engineer,Analytica,Enterprise,Canada,Mid,Master's,105753,"Python, AWS, TensorFlow",Hybrid,Mar,231,Deploy and optimize machine learning models in production.
13307,Data Engineer,Insight Corp,Enterprise,Canada,Entry,Master's,112414,"AWS, Python, SQL, Spark",Hybrid,Mar,311,Design and maintain data pipelines and data warehouses.
13308,ML Engineer,DataSphere,Medium,UK,Mid,Bachelor's,121705,"Machine Learning, Python, TensorFlow, AWS",On-site,Nov,191,Deploy and optimize machine learning models in production.
13309,Data Engineer,InnoSoft,Enterprise,India,Entry,Master's,60437,"SQL, AWS, Spark",Hybrid,Dec,417,Design and maintain data pipelines and data warehouses.
13310,Data Analyst,DataSphere,Medium,USA,Mid,Bachelor's,59931,"Excel, Power BI, Tableau, DAX",Hybrid,Feb,138,Analyze business data and create reports and dashboards.
13311,Business Analyst,InnoSoft,Enterprise,Canada,Mid,Bachelor's,51485,"Excel, Power BI, Tableau, SQL",Hybrid,Jun,65,Gather requirements and improve business processes through data insights.
13312,Data Scientist,TechNova,Startup,Australia,Entry,Master's,110590,"SQL, Machine Learning, PyTorch, Python, TensorFlow",Hybrid,Jun,359,Build predictive models and perform advanced analytics.
13313,Data Engineer,CloudMatrix,Medium,UK,Entry,Bachelor's,82038,"AWS, Spark, SQL",On-site,Oct,362,Design and maintain data pipelines and data warehouses.
13314,Data Scientist,CloudMatrix,Medium,UK,Senior,PhD,137200,"Machine Learning, TensorFlow, Python",On-site,Sep,148,Build predictive models and perform advanced analytics.
13315,Data Scientist,NextGen AI,Startup,USA,Senior,PhD,143073,"TensorFlow, Python, PyTorch, SQL",Remote,Oct,95,Build predictive models and perform advanced analytics.
13316,BI Developer,TechNova,Startup,UK,Mid,Bachelor's,90391,"Excel, SQL, DAX, Power BI",On-site,Jan,102,Develop interactive dashboards and business intelligence solutions.
13317,Data Analyst,TechNova,Startup,Germany,Entry,Bachelor's,57773,"DAX, Tableau, SQL",On-site,Jan,354,Analyze business data and create reports and dashboards.
13318,BI Developer,ByteWorks,Startup,India,Entry,Bachelor's,31735,"Excel, SQL, Power BI, DAX",Hybrid,Aug,472,Develop interactive dashboards and business intelligence solutions.
13319,BI Developer,TechNova,Startup,Canada,Entry,Bachelor's,45337,"SQL, Power BI, DAX",Hybrid,Mar,392,Develop interactive dashboards and business intelligence solutions.
13320,Data Scientist,TechNova,Startup,USA,Senior,Master's,201222,"Python, PyTorch, Machine Learning",Hybrid,Feb,117,Build predictive models and perform advanced analytics.
13321,Data Engineer,CloudMatrix,Medium,Germany,Entry,Master's,124381,"Spark, Python, SQL",Hybrid,Jan,341,Design and maintain data pipelines and data warehouses.
13322,Data Scientist,InnoSoft,Enterprise,UK,Entry,Master's,101397,"TensorFlow, Machine Learning, Python, PyTorch",Hybrid,Dec,350,Build predictive models and perform advanced analytics.
13323,Business Analyst,CloudMatrix,Medium,India,Entry,Master's,28905,"Tableau, Excel, Power BI, SQL",Remote,Nov,267,Gather requirements and improve business processes through data insights.
13324,AI Engineer,CloudMatrix,Medium,India,Mid,Bachelor's,59625,"Machine Learning, PyTorch, Python",Hybrid,Jun,232,Build AI systems using deep learning and generative AI technologies.
13325,ML Engineer,DataSphere,Medium,Australia,Entry,Master's,91502,"Python, PyTorch, AWS, TensorFlow, Machine Learning",Hybrid,Jul,155,Deploy and optimize machine learning models in production.
13326,Data Engineer,NextGen AI,Startup,USA,Senior,Master's,152300,"SQL, AWS, Spark, Python",Hybrid,Sep,171,Design and maintain data pipelines and data warehouses.
13327,Data Scientist,NextGen AI,Startup,India,Mid,Bachelor's,50496,"PyTorch, Python, Machine Learning",Remote,Jun,319,Build predictive models and perform advanced analytics.
13328,Data Scientist,NextGen AI,Startup,Germany,Senior,PhD,183646,"Machine Learning, SQL, Python",Remote,Oct,70,Build predictive models and perform advanced analytics.
13329,Data Analyst,InnoSoft,Enterprise,Singapore,Entry,Master's,47077,"Tableau, Excel, SQL, Power BI",On-site,Apr,351,Analyze business data and create reports and dashboards.
13330,Data Scientist,CloudMatrix,Medium,Singapore,Mid,Master's,96205,"TensorFlow, PyTorch, Machine Learning, SQL, Python",Remote,Jan,218,Build predictive models and perform advanced analytics.
13331,AI Engineer,CloudMatrix,Medium,India,Senior,PhD,100800,"Machine Learning, AWS, PyTorch",On-site,Jul,308,Build AI systems using deep learning and generative AI technologies.
13332,AI Engineer,NextGen AI,Startup,USA,Senior,Master's,153723,"TensorFlow, Machine Learning, Python, PyTorch",Remote,Feb,82,Build AI systems using deep learning and generative AI technologies.
13333,ML Engineer,ByteWorks,Startup,India,Mid,Bachelor's,71729,"TensorFlow, AWS, Python, Machine Learning, PyTorch",Hybrid,May,184,Deploy and optimize machine learning models in production.
13334,Business Analyst,ByteWorks,Startup,Germany,Mid,Master's,67354,"SQL, Tableau, Excel, Power BI",Remote,Jun,169,Gather requirements and improve business processes through data insights.
13335,Data Scientist,ByteWorks,Startup,Germany,Entry,Bachelor's,122391,"Machine Learning, Python, TensorFlow, SQL",Remote,Apr,248,Build predictive models and perform advanced analytics.
13336,AI Engineer,TechNova,Startup,UK,Mid,Bachelor's,115016,"Machine Learning, TensorFlow, AWS, PyTorch, Python",On-site,Nov,205,Build AI systems using deep learning and generative AI technologies.
13337,ML Engineer,Analytica,Enterprise,Canada,Entry,Bachelor's,116387,"AWS, TensorFlow, Machine Learning, PyTorch, Python",Remote,Jul,211,Deploy and optimize machine learning models in production.
13338,Data Engineer,ByteWorks,Startup,India,Entry,Master's,57280,"AWS, Spark, Python",On-site,Dec,471,Design and maintain data pipelines and data warehouses.
13339,AI Engineer,InnoSoft,Enterprise,Canada,Entry,Master's,106164,"AWS, Python, PyTorch",Hybrid,Oct,328,Build AI systems using deep learning and generative AI technologies.
13340,Business Analyst,InnoSoft,Enterprise,Singapore,Entry,Bachelor's,66410,"Excel, Power BI, Tableau",Remote,May,417,Gather requirements and improve business processes through data insights.
13341,Data Engineer,TechNova,Startup,UK,Mid,Bachelor's,135356,"AWS, Spark, Python, SQL",Remote,Apr,235,Design and maintain data pipelines and data warehouses.
13342,BI Developer,ByteWorks,Startup,Australia,Entry,Bachelor's,67244,"Power BI, Excel, SQL, DAX",On-site,Apr,444,Develop interactive dashboards and business intelligence solutions.
13343,Data Analyst,TechNova,Startup,Germany,Mid,Bachelor's,81222,"Tableau, DAX, Power BI, Excel, SQL",Remote,Nov,126,Analyze business data and create reports and dashboards.
13344,Data Analyst,Analytica,Enterprise,Singapore,Mid,Master's,69908,"Excel, SQL, Power BI, Python, DAX",Hybrid,Dec,163,Analyze business data and create reports and dashboards.
13345,AI Engineer,Analytica,Enterprise,India,Entry,Bachelor's,45235,"Python, TensorFlow, PyTorch, AWS, Machine Learning",Hybrid,May,428,Build AI systems using deep learning and generative AI technologies.
13346,AI Engineer,InnoSoft,Enterprise,India,Senior,Master's,96718,"Machine Learning, PyTorch, AWS, TensorFlow, Python",Remote,Feb,216,Build AI systems using deep learning and generative AI technologies.
13347,Data Scientist,InnoSoft,Enterprise,Germany,Entry,Master's,67602,"Python, TensorFlow, PyTorch",Hybrid,Sep,362,Build predictive models and perform advanced analytics.
13348,BI Developer,ByteWorks,Startup,Canada,Senior,PhD,78243,"Excel, Power BI, SQL, DAX",Hybrid,Sep,135,Develop interactive dashboards and business intelligence solutions.
13349,ML Engineer,CloudMatrix,Medium,Australia,Mid,Master's,114088,"PyTorch, TensorFlow, AWS, Machine Learning, Python",On-site,Aug,130,Deploy and optimize machine learning models in production.
13350,Business Analyst,InnoSoft,Enterprise,UK,Mid,Master's,79151,"Tableau, SQL, Power BI, Excel",Remote,Nov,91,Gather requirements and improve business processes through data insights.
13351,Data Analyst,DataSphere,Medium,Canada,Senior,Master's,84354,"Power BI, SQL, DAX",Remote,Apr,76,Analyze business data and create reports and dashboards.
13352,Data Engineer,InnoSoft,Enterprise,Australia,Entry,Master's,129400,"Spark, SQL, AWS, Python",Remote,Jul,284,Design and maintain data pipelines and data warehouses.
13353,Data Analyst,TechNova,Startup,USA,Entry,Master's,69440,"Tableau, Excel, SQL",Hybrid,Nov,345,Analyze business data and create reports and dashboards.
13354,Data Analyst,Insight Corp,Enterprise,Australia,Mid,Master's,62489,"DAX, Excel, Python",Remote,Jan,155,Analyze business data and create reports and dashboards.
13355,Data Analyst,DataSphere,Medium,USA,Senior,Master's,115262,"Python, Tableau, Power BI, DAX, SQL",On-site,Oct,123,Analyze business data and create reports and dashboards.
13356,AI Engineer,DataSphere,Medium,India,Entry,Bachelor's,46774,"PyTorch, Machine Learning, TensorFlow, AWS, Python",On-site,Jan,455,Build AI systems using deep learning and generative AI technologies.
13357,Data Analyst,Analytica,Enterprise,UK,Senior,PhD,102561,"DAX, Excel, SQL, Python",Hybrid,Mar,83,Analyze business data and create reports and dashboards.
13358,AI Engineer,InnoSoft,Enterprise,Canada,Mid,Bachelor's,172208,"TensorFlow, Python, Machine Learning, AWS",Hybrid,Feb,196,Build AI systems using deep learning and generative AI technologies.
13359,Data Scientist,ByteWorks,Startup,Canada,Senior,PhD,166477,"SQL, Python, TensorFlow",On-site,Feb,195,Build predictive models and perform advanced analytics.
13360,AI Engineer,DataSphere,Medium,Australia,Mid,Bachelor's,132716,"TensorFlow, PyTorch, Python",On-site,Jul,221,Build AI systems using deep learning and generative AI technologies.
13361,BI Developer,InnoSoft,Enterprise,USA,Senior,Master's,124094,"DAX, Excel, Power BI, SQL",Remote,Jul,115,Develop interactive dashboards and business intelligence solutions.
13362,ML Engineer,CloudMatrix,Medium,India,Senior,Master's,79362,"PyTorch, Python, AWS, TensorFlow, Machine Learning",On-site,Sep,235,Deploy and optimize machine learning models in production.
13363,BI Developer,CloudMatrix,Medium,USA,Mid,Bachelor's,107508,"DAX, Excel, Power BI, SQL",Hybrid,Jan,187,Develop interactive dashboards and business intelligence solutions.
13364,BI Developer,DataSphere,Medium,Singapore,Entry,Master's,67618,"Power BI, SQL, DAX",Hybrid,May,326,Develop interactive dashboards and business intelligence solutions.
13365,ML Engineer,NextGen AI,Startup,India,Senior,Master's,84424,"AWS, PyTorch, TensorFlow, Machine Learning",Hybrid,Apr,277,Deploy and optimize machine learning models in production.
13366,AI Engineer,InnoSoft,Enterprise,UK,Mid,Master's,152129,"AWS, PyTorch, Machine Learning, Python",Hybrid,Aug,223,Build AI systems using deep learning and generative AI technologies.
13367,Data Scientist,InnoSoft,Enterprise,Canada,Mid,Bachelor's,129153,"SQL, Machine Learning, TensorFlow, Python, PyTorch",Remote,Oct,234,Build predictive models and perform advanced analytics.
13368,AI Engineer,TechNova,Startup,Germany,Mid,Bachelor's,112231,"AWS, PyTorch, TensorFlow, Python, Machine Learning",Remote,Feb,55,Build AI systems using deep learning and generative AI technologies.
13369,Data Scientist,Insight Corp,Enterprise,USA,Entry,Master's,135898,"PyTorch, SQL, Python, TensorFlow",Hybrid,Sep,290,Build predictive models and perform advanced analytics.
13370,Data Engineer,DataSphere,Medium,India,Entry,Master's,55203,"Spark, Python, SQL, AWS",Hybrid,Jun,537,Design and maintain data pipelines and data warehouses.
13371,Data Analyst,InnoSoft,Enterprise,Australia,Entry,Bachelor's,52566,"DAX, Python, Tableau, SQL",Remote,Feb,287,Analyze business data and create reports and dashboards.
13372,ML Engineer,NextGen AI,Startup,UK,Entry,Bachelor's,110999,"PyTorch, Machine Learning, AWS, Python, TensorFlow",On-site,Dec,293,Deploy and optimize machine learning models in production.
13373,ML Engineer,DataSphere,Medium,USA,Mid,Bachelor's,118262,"TensorFlow, AWS, Machine Learning",Remote,Feb,213,Deploy and optimize machine learning models in production.
13374,ML Engineer,DataSphere,Medium,Canada,Entry,Master's,127485,"AWS, Python, TensorFlow, Machine Learning",Hybrid,Jan,420,Deploy and optimize machine learning models in production.
13375,Data Scientist,TechNova,Startup,UK,Entry,Bachelor's,65354,"Machine Learning, PyTorch, SQL, TensorFlow",On-site,May,415,Build predictive models and perform advanced analytics.
13376,ML Engineer,NextGen AI,Startup,USA,Mid,Bachelor's,180470,"Machine Learning, Python, TensorFlow, PyTorch",Remote,Aug,89,Deploy and optimize machine learning models in production.
13377,Data Engineer,NextGen AI,Startup,Germany,Mid,Bachelor's,160626,"SQL, Spark, Python, AWS",Hybrid,Jul,177,Design and maintain data pipelines and data warehouses.
13378,Data Engineer,DataSphere,Medium,Australia,Mid,Bachelor's,137746,"SQL, Spark, AWS, Python",Remote,Sep,120,Design and maintain data pipelines and data warehouses.
13379,Business Analyst,ByteWorks,Startup,Australia,Entry,Master's,37053,"Excel, SQL, Power BI, Tableau",On-site,May,282,Gather requirements and improve business processes through data insights.
13380,Data Scientist,Analytica,Enterprise,India,Entry,Bachelor's,51052,"SQL, Machine Learning, Python",On-site,Nov,469,Build predictive models and perform advanced analytics.
13381,BI Developer,Analytica,Enterprise,Canada,Senior,Master's,73665,"SQL, Power BI, DAX, Excel",On-site,Mar,207,Develop interactive dashboards and business intelligence solutions.
13382,Data Analyst,TechNova,Startup,Australia,Entry,Master's,43056,"DAX, Tableau, Excel, Power BI",Hybrid,Jan,320,Analyze business data and create reports and dashboards.
13383,AI Engineer,TechNova,Startup,Canada,Entry,Master's,90451,"Python, AWS, Machine Learning, PyTorch, TensorFlow",Hybrid,Apr,291,Build AI systems using deep learning and generative AI technologies.
13384,Data Scientist,ByteWorks,Startup,UK,Entry,Bachelor's,118167,"Machine Learning, SQL, PyTorch, TensorFlow, Python",On-site,Jul,459,Build predictive models and perform advanced analytics.
13385,Data Engineer,Analytica,Enterprise,Canada,Entry,Bachelor's,72295,"SQL, Spark, AWS, Python",Remote,Aug,430,Design and maintain data pipelines and data warehouses.
13386,BI Developer,Analytica,Enterprise,UK,Entry,Master's,50722,"DAX, SQL, Power BI, Excel",Remote,Nov,305,Develop interactive dashboards and business intelligence solutions.
13387,Data Engineer,ByteWorks,Startup,USA,Mid,Master's,126928,"SQL, AWS, Spark, Python",Remote,Aug,191,Design and maintain data pipelines and data warehouses.
13388,AI Engineer,NextGen AI,Startup,Singapore,Mid,Bachelor's,189047,"Python, PyTorch, AWS, Machine Learning",Remote,Jun,134,Build AI systems using deep learning and generative AI technologies.
13389,Data Analyst,DataSphere,Medium,Australia,Entry,Bachelor's,51794,"Python, Power BI, Excel",Hybrid,May,308,Analyze business data and create reports and dashboards.
13390,BI Developer,CloudMatrix,Medium,Germany,Mid,Bachelor's,61939,"Excel, DAX, Power BI, SQL",Hybrid,Dec,208,Develop interactive dashboards and business intelligence solutions.
13391,BI Developer,TechNova,Startup,Singapore,Entry,Master's,64441,"Excel, DAX, Power BI",Remote,Aug,170,Develop interactive dashboards and business intelligence solutions.
13392,Data Scientist,Insight Corp,Enterprise,Germany,Entry,Bachelor's,109573,"Machine Learning, SQL, PyTorch, TensorFlow, Python",On-site,Jun,359,Build predictive models and perform advanced analytics.
13393,Data Analyst,ByteWorks,Startup,UK,Entry,Bachelor's,41739,"Tableau, Excel, Power BI",Remote,Feb,380,Analyze business data and create reports and dashboards.
13394,BI Developer,Analytica,Enterprise,Singapore,Entry,Master's,73533,"Power BI, Excel, SQL, DAX",On-site,Apr,271,Develop interactive dashboards and business intelligence solutions.
13395,AI Engineer,Insight Corp,Enterprise,USA,Mid,Bachelor's,112511,"AWS, TensorFlow, PyTorch",Hybrid,Jan,175,Build AI systems using deep learning and generative AI technologies.
13396,Data Engineer,ByteWorks,Startup,India,Entry,Bachelor's,37062,"AWS, Spark, Python",Hybrid,Jul,356,Design and maintain data pipelines and data warehouses.
13397,AI Engineer,Analytica,Enterprise,India,Entry,Bachelor's,43956,"AWS, Machine Learning, PyTorch, TensorFlow, Python",Hybrid,Oct,313,Build AI systems using deep learning and generative AI technologies.
13398,Data Engineer,Insight Corp,Enterprise,Germany,Mid,Bachelor's,141475,"Spark, AWS, SQL, Python",Remote,Mar,222,Design and maintain data pipelines and data warehouses.
13399,Data Engineer,NextGen AI,Startup,India,Mid,Bachelor's,78320,"AWS, Spark, Python, SQL",Remote,Aug,304,Design and maintain data pipelines and data warehouses.
13400,BI Developer,ByteWorks,Startup,UK,Mid,Bachelor's,95907,"Excel, Power BI, SQL",Hybrid,Jan,225,Develop interactive dashboards and business intelligence solutions.
13401,AI Engineer,TechNova,Startup,UK,Mid,Bachelor's,110804,"Machine Learning, PyTorch, Python, AWS",Remote,Apr,133,Build AI systems using deep learning and generative AI technologies.
13402,Data Scientist,Analytica,Enterprise,Australia,Entry,Bachelor's,73362,"PyTorch, Python, Machine Learning, SQL, TensorFlow",Hybrid,May,249,Build predictive models and perform advanced analytics.
13403,AI Engineer,ByteWorks,Startup,Canada,Senior,PhD,143616,"AWS, PyTorch, Python",Remote,Nov,214,Build AI systems using deep learning and generative AI technologies.
13404,ML Engineer,InnoSoft,Enterprise,Singapore,Senior,Master's,172355,"AWS, TensorFlow, Machine Learning, Python, PyTorch",Remote,Nov,219,Deploy and optimize machine learning models in production.
13405,AI Engineer,DataSphere,Medium,Canada,Entry,Master's,84806,"Python, Machine Learning, TensorFlow, PyTorch, AWS",Hybrid,Jul,392,Build AI systems using deep learning and generative AI technologies.
13406,ML Engineer,Insight Corp,Enterprise,Canada,Mid,Bachelor's,98665,"Python, PyTorch, Machine Learning, AWS, TensorFlow",Remote,Aug,247,Deploy and optimize machine learning models in production.
13407,Data Engineer,DataSphere,Medium,Australia,Mid,Bachelor's,95086,"AWS, Spark, Python",On-site,Oct,209,Design and maintain data pipelines and data warehouses.
13408,Data Engineer,ByteWorks,Startup,Singapore,Entry,Master's,123889,"Spark, Python, SQL, AWS",On-site,Feb,301,Design and maintain data pipelines and data warehouses.
13409,Data Analyst,Analytica,Enterprise,Australia,Mid,Bachelor's,61839,"Power BI, DAX, Python",Remote,Jun,205,Analyze business data and create reports and dashboards.
13410,ML Engineer,CloudMatrix,Medium,UK,Entry,Master's,77873,"Machine Learning, PyTorch, AWS, TensorFlow, Python",Hybrid,Jan,337,Deploy and optimize machine learning models in production.
13411,Data Analyst,NextGen AI,Startup,India,Entry,Bachelor's,31028,"Tableau, DAX, Power BI, Python",Remote,Nov,401,Analyze business data and create reports and dashboards.
13412,BI Developer,Insight Corp,Enterprise,Singapore,Senior,Master's,117772,"DAX, Excel, Power BI",Hybrid,Mar,117,Develop interactive dashboards and business intelligence solutions.
13413,BI Developer,DataSphere,Medium,UK,Mid,Bachelor's,62350,"Power BI, SQL, Excel, DAX",Remote,Aug,52,Develop interactive dashboards and business intelligence solutions.
13414,AI Engineer,Analytica,Enterprise,Singapore,Mid,Bachelor's,115414,"TensorFlow, AWS, PyTorch, Python",Remote,Oct,186,Build AI systems using deep learning and generative AI technologies.
13415,ML Engineer,CloudMatrix,Medium,Singapore,Entry,Bachelor's,105467,"Python, TensorFlow, PyTorch",Remote,Feb,398,Deploy and optimize machine learning models in production.
13416,Data Analyst,CloudMatrix,Medium,Singapore,Senior,Master's,115944,"DAX, Excel, Python",Hybrid,Oct,153,Analyze business data and create reports and dashboards.
13417,Data Engineer,CloudMatrix,Medium,Canada,Senior,Master's,146281,"AWS, SQL, Python",On-site,Oct,90,Design and maintain data pipelines and data warehouses.
13418,Data Scientist,NextGen AI,Startup,India,Mid,Bachelor's,51675,"Machine Learning, PyTorch, SQL, Python, TensorFlow",Hybrid,Feb,200,Build predictive models and perform advanced analytics.
13419,ML Engineer,NextGen AI,Startup,UK,Entry,Bachelor's,133424,"TensorFlow, Python, Machine Learning, AWS",Remote,Jun,407,Deploy and optimize machine learning models in production.
13420,Data Analyst,TechNova,Startup,Germany,Mid,Bachelor's,74637,"Python, Excel, SQL, Tableau, Power BI",Remote,Aug,247,Analyze business data and create reports and dashboards.
13421,AI Engineer,InnoSoft,Enterprise,UK,Entry,Master's,124093,"TensorFlow, Machine Learning, PyTorch, AWS, Python",Hybrid,Mar,426,Build AI systems using deep learning and generative AI technologies.
13422,ML Engineer,CloudMatrix,Medium,Australia,Mid,Master's,163901,"Machine Learning, Python, TensorFlow",Remote,Sep,235,Deploy and optimize machine learning models in production.
13423,Business Analyst,InnoSoft,Enterprise,Germany,Entry,Master's,47964,"Power BI, Excel, Tableau, SQL",On-site,Apr,351,Gather requirements and improve business processes through data insights.
13424,AI Engineer,InnoSoft,Enterprise,Singapore,Senior,PhD,141671,"Python, PyTorch, TensorFlow, AWS",Remote,Jul,248,Build AI systems using deep learning and generative AI technologies.
13425,AI Engineer,ByteWorks,Startup,USA,Mid,Bachelor's,127203,"Machine Learning, AWS, Python, PyTorch, TensorFlow",On-site,Sep,110,Build AI systems using deep learning and generative AI technologies.
13426,Business Analyst,DataSphere,Medium,Australia,Entry,Bachelor's,44848,"Tableau, SQL, Power BI, Excel",On-site,Nov,374,Gather requirements and improve business processes through data insights.
13427,Data Scientist,ByteWorks,Startup,Canada,Senior,Master's,154411,"SQL, Machine Learning, Python, TensorFlow",Remote,Sep,79,Build predictive models and perform advanced analytics.
13428,ML Engineer,NextGen AI,Startup,Australia,Entry,Bachelor's,124611,"Machine Learning, AWS, Python",On-site,Sep,283,Deploy and optimize machine learning models in production.
13429,Data Analyst,Analytica,Enterprise,India,Mid,Bachelor's,39175,"DAX, SQL, Excel, Tableau, Python",Hybrid,Jul,204,Analyze business data and create reports and dashboards.
13430,ML Engineer,NextGen AI,Startup,UK,Mid,Master's,116399,"Machine Learning, AWS, Python, TensorFlow, PyTorch",Hybrid,Sep,68,Deploy and optimize machine learning models in production.
13431,BI Developer,Analytica,Enterprise,Australia,Mid,Master's,60468,"SQL, Power BI, DAX",Hybrid,Nov,112,Develop interactive dashboards and business intelligence solutions.
13432,ML Engineer,ByteWorks,Startup,USA,Entry,Bachelor's,89530,"Python, TensorFlow, Machine Learning, AWS",Hybrid,Sep,473,Deploy and optimize machine learning models in production.
13433,Data Engineer,TechNova,Startup,Singapore,Senior,Master's,216487,"Python, Spark, AWS, SQL",On-site,Aug,244,Design and maintain data pipelines and data warehouses.
13434,Data Analyst,Insight Corp,Enterprise,UK,Mid,Master's,65689,"Power BI, Tableau, Python",Hybrid,Sep,230,Analyze business data and create reports and dashboards.
13435,ML Engineer,Insight Corp,Enterprise,Canada,Mid,Master's,128190,"TensorFlow, Python, AWS, PyTorch",On-site,Dec,103,Deploy and optimize machine learning models in production.
13436,ML Engineer,Analytica,Enterprise,Germany,Senior,Master's,162491,"Python, Machine Learning, PyTorch",On-site,May,193,Deploy and optimize machine learning models in production.
13437,Business Analyst,Insight Corp,Enterprise,Singapore,Entry,Bachelor's,67197,"Power BI, Excel, Tableau, SQL",Remote,Feb,419,Gather requirements and improve business processes through data insights.
13438,AI Engineer,Analytica,Enterprise,Canada,Mid,Master's,178957,"TensorFlow, Python, AWS, PyTorch, Machine Learning",Hybrid,Oct,73,Build AI systems using deep learning and generative AI technologies.
13439,ML Engineer,Analytica,Enterprise,Canada,Entry,Bachelor's,96448,"TensorFlow, Python, Machine Learning",Hybrid,Aug,197,Deploy and optimize machine learning models in production.
13440,AI Engineer,TechNova,Startup,Canada,Entry,Bachelor's,103739,"Machine Learning, Python, AWS, TensorFlow, PyTorch",On-site,Jul,311,Build AI systems using deep learning and generative AI technologies.
13441,Business Analyst,TechNova,Startup,Australia,Entry,Bachelor's,58474,"Tableau, Excel, Power BI",On-site,Oct,271,Gather requirements and improve business processes through data insights.
13442,BI Developer,NextGen AI,Startup,India,Senior,PhD,36877,"DAX, SQL, Excel",Hybrid,Nov,175,Develop interactive dashboards and business intelligence solutions.
13443,Business Analyst,InnoSoft,Enterprise,USA,Mid,Master's,51473,"Excel, Tableau, Power BI, SQL",Remote,Jan,69,Gather requirements and improve business processes through data insights.
13444,Data Analyst,Insight Corp,Enterprise,Germany,Mid,Master's,56696,"Python, Power BI, Tableau, DAX",Remote,Mar,230,Analyze business data and create reports and dashboards.
13445,Data Analyst,Insight Corp,Enterprise,Canada,Entry,Bachelor's,38650,"SQL, DAX, Tableau, Power BI",Hybrid,Feb,313,Analyze business data and create reports and dashboards.
13446,Data Scientist,InnoSoft,Enterprise,Germany,Entry,Bachelor's,71048,"TensorFlow, SQL, Python, Machine Learning, PyTorch",On-site,Jun,238,Build predictive models and perform advanced analytics.
13447,ML Engineer,DataSphere,Medium,Australia,Mid,Bachelor's,145453,"TensorFlow, Python, PyTorch, Machine Learning, AWS",Remote,Jan,75,Deploy and optimize machine learning models in production.
13448,AI Engineer,InnoSoft,Enterprise,Canada,Senior,PhD,207563,"PyTorch, AWS, TensorFlow",Remote,Apr,129,Build AI systems using deep learning and generative AI technologies.
13449,Business Analyst,TechNova,Startup,USA,Mid,Bachelor's,68455,"Tableau, SQL, Excel, Power BI",On-site,Oct,219,Gather requirements and improve business processes through data insights.
13450,BI Developer,TechNova,Startup,Singapore,Entry,Bachelor's,81905,"Excel, Power BI, DAX, SQL",Hybrid,Dec,252,Develop interactive dashboards and business intelligence solutions.
13451,BI Developer,ByteWorks,Startup,UK,Entry,Master's,52153,"Power BI, DAX, Excel",Hybrid,Jun,318,Develop interactive dashboards and business intelligence solutions.
13452,Data Engineer,Insight Corp,Enterprise,Germany,Senior,Master's,162276,"Python, Spark, AWS",Remote,Apr,214,Design and maintain data pipelines and data warehouses.
13453,Business Analyst,TechNova,Startup,India,Entry,Bachelor's,28264,"Tableau, Power BI, Excel",On-site,Aug,429,Gather requirements and improve business processes through data insights.
13454,AI Engineer,CloudMatrix,Medium,India,Mid,Master's,75953,"AWS, Machine Learning, TensorFlow",Hybrid,Jan,225,Build AI systems using deep learning and generative AI technologies.
13455,BI Developer,ByteWorks,Startup,India,Senior,PhD,43525,"DAX, SQL, Power BI, Excel",Hybrid,Sep,287,Develop interactive dashboards and business intelligence solutions.
13456,ML Engineer,Analytica,Enterprise,Australia,Senior,Master's,124316,"Machine Learning, AWS, Python, PyTorch",On-site,Jul,86,Deploy and optimize machine learning models in production.
13457,AI Engineer,CloudMatrix,Medium,USA,Entry,Master's,139361,"TensorFlow, AWS, Python, Machine Learning",Remote,Jun,417,Build AI systems using deep learning and generative AI technologies.
13458,Business Analyst,DataSphere,Medium,Australia,Entry,Master's,57717,"Excel, Tableau, Power BI",On-site,Dec,243,Gather requirements and improve business processes through data insights.
13459,Data Engineer,CloudMatrix,Medium,Canada,Mid,Bachelor's,123574,"SQL, AWS, Python, Spark",On-site,Jul,158,Design and maintain data pipelines and data warehouses.
13460,ML Engineer,DataSphere,Medium,India,Senior,PhD,63540,"PyTorch, Python, Machine Learning, AWS",On-site,Dec,310,Deploy and optimize machine learning models in production.
13461,Data Scientist,Insight Corp,Enterprise,Germany,Entry,Bachelor's,86369,"SQL, Python, Machine Learning",Hybrid,Mar,258,Build predictive models and perform advanced analytics.
13462,Business Analyst,CloudMatrix,Medium,USA,Entry,Bachelor's,53248,"Excel, SQL, Power BI, Tableau",Remote,Sep,339,Gather requirements and improve business processes through data insights.
13463,Data Analyst,CloudMatrix,Medium,Canada,Senior,PhD,105031,"Python, Power BI, SQL",Remote,Oct,144,Analyze business data and create reports and dashboards.
13464,Data Analyst,CloudMatrix,Medium,Australia,Mid,Master's,62769,"Tableau, SQL, DAX",Remote,Oct,191,Analyze business data and create reports and dashboards.
13465,ML Engineer,DataSphere,Medium,India,Mid,Master's,87859,"PyTorch, AWS, Python, Machine Learning, TensorFlow",Hybrid,May,215,Deploy and optimize machine learning models in production.
13466,Data Scientist,Insight Corp,Enterprise,Singapore,Mid,Master's,157759,"TensorFlow, SQL, Python, Machine Learning, PyTorch",Remote,Jun,146,Build predictive models and perform advanced analytics.
13467,Data Analyst,DataSphere,Medium,Singapore,Senior,Master's,98851,"Tableau, DAX, SQL, Power BI, Excel",On-site,Oct,113,Analyze business data and create reports and dashboards.
13468,Data Engineer,InnoSoft,Enterprise,UK,Mid,Bachelor's,85595,"Spark, Python, SQL, AWS",Hybrid,Jun,86,Design and maintain data pipelines and data warehouses.
13469,ML Engineer,CloudMatrix,Medium,USA,Entry,Bachelor's,109334,"Machine Learning, Python, PyTorch, AWS",On-site,Jun,460,Deploy and optimize machine learning models in production.
13470,Business Analyst,NextGen AI,Startup,Australia,Mid,Bachelor's,48147,"Tableau, Excel, Power BI, SQL",Remote,Apr,136,Gather requirements and improve business processes through data insights.
13471,Data Engineer,Insight Corp,Enterprise,India,Entry,Bachelor's,59157,"SQL, Spark, Python, AWS",On-site,Jun,543,Design and maintain data pipelines and data warehouses.
13472,Data Analyst,Analytica,Enterprise,India,Mid,Master's,26602,"Excel, DAX, Tableau, Python",On-site,Oct,299,Analyze business data and create reports and dashboards.
13473,Data Analyst,Insight Corp,Enterprise,USA,Mid,Master's,91801,"Excel, SQL, Python, DAX, Tableau",Remote,Jul,170,Analyze business data and create reports and dashboards.
13474,Data Scientist,ByteWorks,Startup,UK,Entry,Master's,117480,"SQL, Machine Learning, Python",Hybrid,Apr,350,Build predictive models and perform advanced analytics.
13475,Business Analyst,Insight Corp,Enterprise,USA,Mid,Master's,53512,"Excel, Power BI, Tableau, SQL",Hybrid,Jul,98,Gather requirements and improve business processes through data insights.
13476,AI Engineer,CloudMatrix,Medium,Singapore,Senior,PhD,158557,"PyTorch, TensorFlow, Python",Remote,Jul,117,Build AI systems using deep learning and generative AI technologies.
13477,Data Engineer,NextGen AI,Startup,USA,Senior,PhD,226328,"Python, Spark, SQL, AWS",Hybrid,Dec,163,Design and maintain data pipelines and data warehouses.
13478,ML Engineer,DataSphere,Medium,UK,Entry,Master's,77376,"AWS, TensorFlow, Machine Learning",Remote,Dec,258,Deploy and optimize machine learning models in production.
13479,ML Engineer,NextGen AI,Startup,Germany,Entry,Master's,81838,"PyTorch, TensorFlow, AWS, Python, Machine Learning",On-site,Nov,222,Deploy and optimize machine learning models in production.
13480,Data Scientist,DataSphere,Medium,Australia,Mid,Bachelor's,99819,"TensorFlow, SQL, Machine Learning",Remote,Jan,155,Build predictive models and perform advanced analytics.
13481,Data Scientist,NextGen AI,Startup,Canada,Mid,Master's,141427,"TensorFlow, Python, Machine Learning, PyTorch",Remote,Jul,242,Build predictive models and perform advanced analytics.
13482,AI Engineer,Insight Corp,Enterprise,Germany,Senior,PhD,166214,"Machine Learning, PyTorch, AWS, Python",Hybrid,Jul,66,Build AI systems using deep learning and generative AI technologies.
13483,Business Analyst,Analytica,Enterprise,Singapore,Mid,Bachelor's,48573,"Power BI, Excel, Tableau, SQL",On-site,May,189,Gather requirements and improve business processes through data insights.
13484,Data Engineer,CloudMatrix,Medium,Germany,Mid,Bachelor's,99716,"Python, Spark, AWS, SQL",Hybrid,Sep,153,Design and maintain data pipelines and data warehouses.
13485,ML Engineer,TechNova,Startup,Australia,Senior,PhD,146908,"TensorFlow, Machine Learning, AWS, Python",Remote,Apr,122,Deploy and optimize machine learning models in production.
13486,BI Developer,ByteWorks,Startup,India,Senior,Master's,61721,"Power BI, SQL, Excel, DAX",On-site,Sep,244,Develop interactive dashboards and business intelligence solutions.
13487,Data Analyst,NextGen AI,Startup,Germany,Senior,Master's,79116,"DAX, Python, Excel, SQL, Tableau",Hybrid,Jan,200,Analyze business data and create reports and dashboards.
13488,AI Engineer,NextGen AI,Startup,Canada,Mid,Bachelor's,106891,"PyTorch, TensorFlow, Machine Learning, AWS",Remote,Sep,152,Build AI systems using deep learning and generative AI technologies.
13489,ML Engineer,ByteWorks,Startup,UK,Senior,Master's,160801,"TensorFlow, Machine Learning, PyTorch, AWS",On-site,Sep,109,Deploy and optimize machine learning models in production.
13490,Data Analyst,CloudMatrix,Medium,Canada,Senior,PhD,77724,"SQL, Python, DAX, Tableau, Excel",Hybrid,Aug,143,Analyze business data and create reports and dashboards.
13491,Data Analyst,ByteWorks,Startup,India,Mid,Bachelor's,34319,"Power BI, Tableau, DAX, SQL, Python",Remote,Sep,267,Analyze business data and create reports and dashboards.
13492,Data Scientist,Insight Corp,Enterprise,UK,Senior,Master's,189901,"TensorFlow, Python, SQL, Machine Learning, PyTorch",Hybrid,Oct,90,Build predictive models and perform advanced analytics.
13493,Data Analyst,ByteWorks,Startup,Germany,Mid,Master's,63426,"Power BI, Tableau, SQL",Hybrid,Nov,185,Analyze business data and create reports and dashboards.
13494,Data Engineer,NextGen AI,Startup,Australia,Senior,Master's,137304,"Python, SQL, Spark, AWS",On-site,Oct,97,Design and maintain data pipelines and data warehouses.
13495,BI Developer,NextGen AI,Startup,Australia,Mid,Bachelor's,99753,"Power BI, SQL, Excel",Hybrid,Nov,182,Develop interactive dashboards and business intelligence solutions.
13496,BI Developer,ByteWorks,Startup,India,Senior,PhD,40034,"Power BI, SQL, DAX, Excel",On-site,Sep,242,Develop interactive dashboards and business intelligence solutions.
13497,Data Analyst,DataSphere,Medium,Singapore,Mid,Bachelor's,83455,"Excel, Python, SQL",Remote,May,175,Analyze business data and create reports and dashboards.
13498,BI Developer,Analytica,Enterprise,India,Senior,PhD,43476,"Power BI, Excel, DAX, SQL",Remote,Jul,180,Develop interactive dashboards and business intelligence solutions.
13499,Business Analyst,NextGen AI,Startup,Australia,Mid,Master's,76387,"SQL, Tableau, Power BI",Remote,Jan,229,Gather requirements and improve business processes through data insights.
13500,ML Engineer,ByteWorks,Startup,Australia,Entry,Master's,115642,"Machine Learning, Python, TensorFlow, PyTorch",Hybrid,May,329,Deploy and optimize machine learning models in production.
13501,Data Analyst,ByteWorks,Startup,UK,Mid,Master's,66793,"SQL, DAX, Power BI, Excel, Tableau",Hybrid,Feb,156,Analyze business data and create reports and dashboards.
13502,AI Engineer,Insight Corp,Enterprise,Canada,Entry,Bachelor's,130183,"PyTorch, TensorFlow, Machine Learning, AWS, Python",Hybrid,Jul,388,Build AI systems using deep learning and generative AI technologies.
13503,Data Analyst,NextGen AI,Startup,Germany,Entry,Bachelor's,50301,"Excel, DAX, Tableau",Remote,Mar,294,Analyze business data and create reports and dashboards.
13504,BI Developer,ByteWorks,Startup,Germany,Mid,Master's,67707,"Power BI, DAX, Excel, SQL",On-site,Feb,80,Develop interactive dashboards and business intelligence solutions.
13505,ML Engineer,TechNova,Startup,USA,Mid,Bachelor's,173593,"PyTorch, Python, AWS, Machine Learning, TensorFlow",On-site,Aug,103,Deploy and optimize machine learning models in production.
13506,BI Developer,DataSphere,Medium,Singapore,Entry,Bachelor's,81675,"DAX, SQL, Excel, Power BI",Hybrid,Oct,283,Develop interactive dashboards and business intelligence solutions.
13507,AI Engineer,Analytica,Enterprise,India,Senior,Master's,112215,"Python, TensorFlow, Machine Learning, AWS, PyTorch",On-site,Nov,231,Build AI systems using deep learning and generative AI technologies.
13508,Data Scientist,CloudMatrix,Medium,UK,Entry,Master's,105345,"TensorFlow, SQL, Machine Learning, PyTorch",On-site,Aug,176,Build predictive models and perform advanced analytics.
13509,BI Developer,ByteWorks,Startup,USA,Mid,Master's,107985,"Excel, DAX, SQL, Power BI",On-site,Jan,68,Develop interactive dashboards and business intelligence solutions.
13510,AI Engineer,CloudMatrix,Medium,Canada,Mid,Bachelor's,168511,"Python, Machine Learning, PyTorch, TensorFlow",Hybrid,Jan,233,Build AI systems using deep learning and generative AI technologies.
13511,ML Engineer,ByteWorks,Startup,Germany,Senior,PhD,199411,"PyTorch, TensorFlow, Python, AWS, Machine Learning",On-site,Jan,222,Deploy and optimize machine learning models in production.
13512,AI Engineer,InnoSoft,Enterprise,Canada,Entry,Bachelor's,118225,"Machine Learning, Python, TensorFlow",Hybrid,Apr,364,Build AI systems using deep learning and generative AI technologies.
13513,AI Engineer,ByteWorks,Startup,Australia,Mid,Bachelor's,167833,"PyTorch, AWS, Python, TensorFlow",Hybrid,May,134,Build AI systems using deep learning and generative AI technologies.
13514,AI Engineer,InnoSoft,Enterprise,Germany,Entry,Bachelor's,103926,"PyTorch, AWS, Machine Learning, TensorFlow, Python",Hybrid,Sep,344,Build AI systems using deep learning and generative AI technologies.
13515,ML Engineer,DataSphere,Medium,UK,Mid,Bachelor's,142843,"Python, PyTorch, AWS, Machine Learning",Hybrid,Jul,182,Deploy and optimize machine learning models in production.
13516,Business Analyst,Insight Corp,Enterprise,UK,Mid,Bachelor's,69598,"Tableau, Excel, Power BI, SQL",Remote,Mar,76,Gather requirements and improve business processes through data insights.
13517,Business Analyst,NextGen AI,Startup,India,Mid,Master's,33235,"SQL, Excel, Power BI",On-site,Dec,202,Gather requirements and improve business processes through data insights.
13518,BI Developer,CloudMatrix,Medium,Australia,Mid,Master's,100233,"Power BI, Excel, DAX, SQL",On-site,Mar,57,Develop interactive dashboards and business intelligence solutions.
13519,Business Analyst,TechNova,Startup,Germany,Mid,Bachelor's,75898,"SQL, Tableau, Excel, Power BI",Hybrid,Jan,139,Gather requirements and improve business processes through data insights.
13520,BI Developer,DataSphere,Medium,USA,Entry,Bachelor's,79847,"DAX, Excel, SQL, Power BI",On-site,May,370,Develop interactive dashboards and business intelligence solutions.
13521,AI Engineer,ByteWorks,Startup,Germany,Entry,Master's,90385,"AWS, Python, Machine Learning, PyTorch",Hybrid,Jun,407,Build AI systems using deep learning and generative AI technologies.
13522,BI Developer,TechNova,Startup,USA,Mid,Master's,85258,"Power BI, Excel, DAX, SQL",Remote,Feb,126,Develop interactive dashboards and business intelligence solutions.
13523,Business Analyst,ByteWorks,Startup,Germany,Mid,Master's,83405,"Tableau, Power BI, Excel, SQL",On-site,Apr,159,Gather requirements and improve business processes through data insights.
13524,Data Engineer,DataSphere,Medium,Canada,Entry,Master's,90416,"Spark, AWS, Python, SQL",Remote,May,381,Design and maintain data pipelines and data warehouses.
13525,Data Scientist,Insight Corp,Enterprise,USA,Mid,Bachelor's,161675,"TensorFlow, Machine Learning, SQL, PyTorch",Hybrid,Jan,85,Build predictive models and perform advanced analytics.
13526,Data Engineer,CloudMatrix,Medium,Canada,Mid,Bachelor's,102402,"AWS, SQL, Python",Hybrid,Oct,190,Design and maintain data pipelines and data warehouses.
13527,Data Analyst,Insight Corp,Enterprise,Germany,Mid,Bachelor's,68262,"Python, SQL, Excel, Tableau, DAX",Hybrid,Sep,164,Analyze business data and create reports and dashboards.
13528,ML Engineer,CloudMatrix,Medium,UK,Mid,Bachelor's,163314,"PyTorch, Python, AWS, Machine Learning",On-site,Oct,50,Deploy and optimize machine learning models in production.
13529,ML Engineer,InnoSoft,Enterprise,Canada,Entry,Master's,122590,"AWS, TensorFlow, Python, Machine Learning",Hybrid,Feb,428,Deploy and optimize machine learning models in production.
13530,Data Engineer,ByteWorks,Startup,USA,Mid,Bachelor's,165780,"AWS, Python, SQL, Spark",On-site,Sep,238,Design and maintain data pipelines and data warehouses.
13531,Data Scientist,NextGen AI,Startup,Australia,Mid,Master's,114402,"SQL, Machine Learning, PyTorch",On-site,May,52,Build predictive models and perform advanced analytics.
13532,Data Analyst,Insight Corp,Enterprise,Germany,Entry,Bachelor's,56826,"SQL, Power BI, Excel, DAX",Hybrid,May,419,Analyze business data and create reports and dashboards.
13533,Data Engineer,CloudMatrix,Medium,Canada,Entry,Bachelor's,75886,"Python, AWS, Spark",Hybrid,May,436,Design and maintain data pipelines and data warehouses.
13534,Data Engineer,InnoSoft,Enterprise,UK,Entry,Master's,70280,"Spark, Python, SQL",Remote,Jan,472,Design and maintain data pipelines and data warehouses.
13535,BI Developer,CloudMatrix,Medium,Germany,Mid,Bachelor's,87124,"Power BI, SQL, DAX",Remote,Jun,203,Develop interactive dashboards and business intelligence solutions.
13536,Business Analyst,Insight Corp,Enterprise,India,Senior,PhD,34595,"Power BI, Tableau, Excel, SQL",Hybrid,Sep,261,Gather requirements and improve business processes through data insights.
13537,Data Scientist,DataSphere,Medium,Singapore,Senior,PhD,202103,"PyTorch, Machine Learning, Python, TensorFlow, SQL",On-site,Jul,164,Build predictive models and perform advanced analytics.
13538,AI Engineer,Insight Corp,Enterprise,USA,Entry,Bachelor's,162274,"AWS, Machine Learning, Python, TensorFlow",On-site,Oct,283,Build AI systems using deep learning and generative AI technologies.
13539,AI Engineer,CloudMatrix,Medium,India,Mid,Bachelor's,71367,"PyTorch, Python, Machine Learning, TensorFlow, AWS",Remote,Nov,117,Build AI systems using deep learning and generative AI technologies.
13540,Data Scientist,CloudMatrix,Medium,Australia,Entry,Bachelor's,93155,"TensorFlow, SQL, PyTorch, Python",Hybrid,Nov,421,Build predictive models and perform advanced analytics.
13541,AI Engineer,TechNova,Startup,USA,Mid,Master's,201242,"AWS, TensorFlow, Machine Learning, PyTorch",Hybrid,Nov,121,Build AI systems using deep learning and generative AI technologies.
13542,Data Analyst,DataSphere,Medium,Australia,Mid,Master's,88447,"Tableau, Python, Excel, Power BI, DAX",Remote,Apr,208,Analyze business data and create reports and dashboards.
13543,BI Developer,Insight Corp,Enterprise,Australia,Entry,Master's,70348,"SQL, Power BI, Excel, DAX",Hybrid,Dec,318,Develop interactive dashboards and business intelligence solutions.
13544,Data Scientist,CloudMatrix,Medium,Australia,Entry,Bachelor's,93353,"PyTorch, Python, TensorFlow, Machine Learning",Hybrid,Jun,359,Build predictive models and perform advanced analytics.
13545,ML Engineer,InnoSoft,Enterprise,Singapore,Entry,Master's,123804,"PyTorch, Python, AWS, Machine Learning",On-site,Oct,401,Deploy and optimize machine learning models in production.
13546,Data Analyst,ByteWorks,Startup,India,Entry,Bachelor's,30535,"Excel, SQL, Python",Hybrid,Feb,540,Analyze business data and create reports and dashboards.
13547,BI Developer,Insight Corp,Enterprise,Germany,Entry,Master's,80149,"SQL, DAX, Power BI",Remote,Nov,414,Develop interactive dashboards and business intelligence solutions.
13548,Data Analyst,TechNova,Startup,UK,Senior,Master's,84683,"Power BI, Tableau, DAX",Hybrid,Jan,77,Analyze business data and create reports and dashboards.
13549,AI Engineer,CloudMatrix,Medium,Singapore,Entry,Bachelor's,88858,"TensorFlow, Machine Learning, PyTorch, Python, AWS",On-site,Jan,220,Build AI systems using deep learning and generative AI technologies.
13550,BI Developer,CloudMatrix,Medium,Australia,Mid,Master's,81774,"DAX, Excel, Power BI",On-site,Jul,235,Develop interactive dashboards and business intelligence solutions.
13551,AI Engineer,CloudMatrix,Medium,Singapore,Senior,PhD,245651,"Machine Learning, TensorFlow, PyTorch",Remote,Apr,227,Build AI systems using deep learning and generative AI technologies.
13552,Data Analyst,TechNova,Startup,UK,Mid,Bachelor's,56481,"Power BI, Tableau, DAX, Excel",Hybrid,Sep,188,Analyze business data and create reports and dashboards.
13553,AI Engineer,TechNova,Startup,Singapore,Senior,Master's,204558,"TensorFlow, AWS, PyTorch, Python, Machine Learning",Remote,Sep,173,Build AI systems using deep learning and generative AI technologies.
13554,Data Engineer,ByteWorks,Startup,Australia,Entry,Master's,129151,"Python, SQL, Spark, AWS",On-site,Mar,327,Design and maintain data pipelines and data warehouses.
13555,ML Engineer,CloudMatrix,Medium,Singapore,Mid,Master's,173741,"AWS, Python, PyTorch",On-site,Jun,50,Deploy and optimize machine learning models in production.
13556,Data Engineer,Analytica,Enterprise,Australia,Entry,Bachelor's,71258,"SQL, Python, AWS, Spark",Remote,Aug,353,Design and maintain data pipelines and data warehouses.
13557,BI Developer,NextGen AI,Startup,UK,Entry,Bachelor's,68527,"Power BI, DAX, SQL, Excel",Remote,May,352,Develop interactive dashboards and business intelligence solutions.
13558,ML Engineer,Insight Corp,Enterprise,Australia,Senior,Master's,173155,"Python, AWS, Machine Learning",Hybrid,Feb,53,Deploy and optimize machine learning models in production.
13559,Data Analyst,InnoSoft,Enterprise,India,Mid,Bachelor's,39967,"Python, Power BI, Excel, DAX, SQL",Hybrid,Nov,248,Analyze business data and create reports and dashboards.
13560,AI Engineer,ByteWorks,Startup,Germany,Mid,Bachelor's,141738,"AWS, TensorFlow, Machine Learning",Remote,Aug,173,Build AI systems using deep learning and generative AI technologies.
13561,BI Developer,ByteWorks,Startup,Canada,Entry,Master's,43888,"Power BI, SQL, DAX, Excel",Remote,Feb,352,Develop interactive dashboards and business intelligence solutions.
13562,ML Engineer,NextGen AI,Startup,USA,Entry,Master's,105753,"PyTorch, Python, Machine Learning, TensorFlow",Remote,Dec,306,Deploy and optimize machine learning models in production.
13563,ML Engineer,Insight Corp,Enterprise,USA,Senior,PhD,251308,"TensorFlow, Machine Learning, Python, AWS",Remote,Mar,146,Deploy and optimize machine learning models in production.
13564,Business Analyst,InnoSoft,Enterprise,Australia,Senior,Master's,93647,"Tableau, Excel, Power BI, SQL",Remote,Jul,239,Gather requirements and improve business processes through data insights.
13565,Data Analyst,ByteWorks,Startup,Germany,Senior,Master's,87156,"Tableau, DAX, SQL, Python, Power BI",On-site,Sep,175,Analyze business data and create reports and dashboards.
13566,Data Analyst,TechNova,Startup,India,Mid,Master's,26249,"Tableau, Python, DAX, Excel, Power BI",Remote,Jan,312,Analyze business data and create reports and dashboards.
13567,ML Engineer,CloudMatrix,Medium,Australia,Entry,Bachelor's,131347,"PyTorch, AWS, TensorFlow, Machine Learning, Python",Hybrid,Dec,422,Deploy and optimize machine learning models in production.
13568,Business Analyst,ByteWorks,Startup,Singapore,Mid,Bachelor's,72418,"Power BI, SQL, Excel, Tableau",Hybrid,Dec,212,Gather requirements and improve business processes through data insights.
13569,AI Engineer,Analytica,Enterprise,UK,Entry,Master's,128447,"Machine Learning, Python, TensorFlow",Remote,Apr,271,Build AI systems using deep learning and generative AI technologies.
13570,Business Analyst,Insight Corp,Enterprise,USA,Entry,Master's,51409,"Excel, Tableau, SQL",On-site,Jun,274,Gather requirements and improve business processes through data insights.
13571,BI Developer,Insight Corp,Enterprise,Germany,Entry,Bachelor's,70607,"Power BI, Excel, SQL",On-site,Aug,246,Develop interactive dashboards and business intelligence solutions.
13572,AI Engineer,InnoSoft,Enterprise,Australia,Senior,Master's,167785,"Machine Learning, TensorFlow, Python, AWS",Remote,Jul,63,Build AI systems using deep learning and generative AI technologies.
13573,Business Analyst,NextGen AI,Startup,Australia,Entry,Bachelor's,39121,"Excel, Power BI, SQL, Tableau",Hybrid,Mar,416,Gather requirements and improve business processes through data insights.
13574,AI Engineer,CloudMatrix,Medium,UK,Entry,Bachelor's,116925,"AWS, Machine Learning, Python, PyTorch",Remote,Mar,388,Build AI systems using deep learning and generative AI technologies.
13575,Data Scientist,DataSphere,Medium,Singapore,Mid,Bachelor's,99576,"SQL, PyTorch, Machine Learning",Hybrid,Jun,50,Build predictive models and perform advanced analytics.
13576,Business Analyst,DataSphere,Medium,Canada,Entry,Bachelor's,57296,"Excel, Tableau, Power BI, SQL",On-site,Jul,324,Gather requirements and improve business processes through data insights.
13577,Data Engineer,ByteWorks,Startup,UK,Mid,Master's,124790,"Python, SQL, Spark, AWS",On-site,Oct,157,Design and maintain data pipelines and data warehouses.
13578,AI Engineer,Insight Corp,Enterprise,Germany,Mid,Master's,150747,"TensorFlow, PyTorch, Python, Machine Learning",Hybrid,Aug,99,Build AI systems using deep learning and generative AI technologies.
13579,Data Scientist,Analytica,Enterprise,Singapore,Mid,Bachelor's,117538,"Python, SQL, TensorFlow, Machine Learning",On-site,Apr,224,Build predictive models and perform advanced analytics.
13580,ML Engineer,InnoSoft,Enterprise,Singapore,Mid,Master's,175713,"PyTorch, Python, Machine Learning",On-site,Dec,239,Deploy and optimize machine learning models in production.
13581,ML Engineer,TechNova,Startup,Singapore,Mid,Bachelor's,112871,"Machine Learning, AWS, PyTorch",Hybrid,Mar,139,Deploy and optimize machine learning models in production.
13582,Business Analyst,TechNova,Startup,Singapore,Entry,Master's,68588,"Excel, Power BI, Tableau, SQL",Hybrid,Nov,274,Gather requirements and improve business processes through data insights.
13583,ML Engineer,NextGen AI,Startup,USA,Senior,Master's,241931,"TensorFlow, Python, Machine Learning, AWS",Remote,Jun,248,Deploy and optimize machine learning models in production.
13584,ML Engineer,ByteWorks,Startup,Germany,Entry,Master's,99268,"Python, TensorFlow, AWS, Machine Learning",Hybrid,Oct,303,Deploy and optimize machine learning models in production.
13585,Business Analyst,ByteWorks,Startup,USA,Entry,Master's,74566,"SQL, Tableau, Power BI, Excel",Hybrid,Dec,298,Gather requirements and improve business processes through data insights.
13586,BI Developer,DataSphere,Medium,Singapore,Mid,Bachelor's,89542,"Excel, DAX, Power BI, SQL",Remote,Oct,86,Develop interactive dashboards and business intelligence solutions.
13587,Data Scientist,Insight Corp,Enterprise,Germany,Entry,Bachelor's,86715,"TensorFlow, SQL, Python, PyTorch, Machine Learning",Hybrid,Jul,285,Build predictive models and perform advanced analytics.
13588,ML Engineer,InnoSoft,Enterprise,UK,Mid,Master's,101598,"Machine Learning, TensorFlow, AWS, Python",Remote,Aug,192,Deploy and optimize machine learning models in production.
13589,Business Analyst,NextGen AI,Startup,India,Senior,PhD,37635,"Tableau, SQL, Power BI, Excel",Remote,Jan,252,Gather requirements and improve business processes through data insights.
13590,BI Developer,DataSphere,Medium,UK,Mid,Master's,74851,"Excel, Power BI, SQL, DAX",On-site,Jul,116,Develop interactive dashboards and business intelligence solutions.
13591,AI Engineer,ByteWorks,Startup,UK,Mid,Master's,118181,"AWS, PyTorch, Python",Hybrid,Feb,155,Build AI systems using deep learning and generative AI technologies.
13592,Business Analyst,CloudMatrix,Medium,Singapore,Mid,Bachelor's,70618,"Excel, Power BI, SQL, Tableau",Remote,Jun,133,Gather requirements and improve business processes through data insights.
13593,AI Engineer,Analytica,Enterprise,Canada,Mid,Bachelor's,168953,"PyTorch, AWS, Machine Learning, TensorFlow",Hybrid,Apr,61,Build AI systems using deep learning and generative AI technologies.
13594,Data Engineer,NextGen AI,Startup,India,Entry,Bachelor's,59449,"Spark, AWS, SQL",On-site,Nov,405,Design and maintain data pipelines and data warehouses.
13595,AI Engineer,InnoSoft,Enterprise,Canada,Entry,Master's,108467,"Python, TensorFlow, AWS, Machine Learning",Hybrid,Feb,481,Build AI systems using deep learning and generative AI technologies.
13596,Data Scientist,ByteWorks,Startup,Singapore,Senior,Master's,168440,"Python, PyTorch, TensorFlow, SQL",Remote,Nov,154,Build predictive models and perform advanced analytics.
13597,Data Analyst,Insight Corp,Enterprise,Singapore,Mid,Master's,70744,"Python, SQL, Tableau, Power BI, Excel",Hybrid,Sep,195,Analyze business data and create reports and dashboards.
13598,ML Engineer,TechNova,Startup,Singapore,Entry,Master's,137864,"AWS, Python, TensorFlow, PyTorch",Remote,Apr,289,Deploy and optimize machine learning models in production.
13599,AI Engineer,TechNova,Startup,Australia,Mid,Bachelor's,167736,"PyTorch, Python, Machine Learning, AWS, TensorFlow",Remote,Sep,122,Build AI systems using deep learning and generative AI technologies.
13600,Data Engineer,InnoSoft,Enterprise,USA,Mid,Bachelor's,101077,"AWS, SQL, Spark",Remote,Mar,153,Design and maintain data pipelines and data warehouses.
13601,ML Engineer,NextGen AI,Startup,Germany,Mid,Bachelor's,143097,"PyTorch, AWS, Python, Machine Learning, TensorFlow",On-site,Sep,82,Deploy and optimize machine learning models in production.
13602,Data Scientist,CloudMatrix,Medium,Germany,Entry,Bachelor's,111843,"PyTorch, Python, TensorFlow, SQL",Hybrid,Jan,164,Build predictive models and perform advanced analytics.
13603,ML Engineer,NextGen AI,Startup,India,Entry,Bachelor's,49758,"Machine Learning, AWS, PyTorch, Python",Hybrid,Jan,472,Deploy and optimize machine learning models in production.
13604,AI Engineer,NextGen AI,Startup,India,Mid,Master's,55152,"Machine Learning, TensorFlow, Python, PyTorch",On-site,Jul,246,Build AI systems using deep learning and generative AI technologies.
13605,ML Engineer,ByteWorks,Startup,USA,Entry,Master's,120273,"Python, Machine Learning, TensorFlow, AWS, PyTorch",On-site,Dec,256,Deploy and optimize machine learning models in production.
13606,Business Analyst,InnoSoft,Enterprise,Australia,Senior,Master's,86689,"SQL, Tableau, Excel, Power BI",Hybrid,Dec,89,Gather requirements and improve business processes through data insights.
13607,Data Scientist,NextGen AI,Startup,UK,Mid,Bachelor's,150609,"TensorFlow, PyTorch, SQL, Python, Machine Learning",Hybrid,Dec,215,Build predictive models and perform advanced analytics.
13608,Business Analyst,NextGen AI,Startup,Canada,Entry,Bachelor's,63215,"SQL, Tableau, Power BI",Hybrid,Nov,368,Gather requirements and improve business processes through data insights.
13609,Data Engineer,DataSphere,Medium,Germany,Entry,Bachelor's,70654,"AWS, SQL, Python, Spark",On-site,Oct,321,Design and maintain data pipelines and data warehouses.
13610,Data Scientist,DataSphere,Medium,Canada,Mid,Bachelor's,82326,"TensorFlow, Python, Machine Learning, PyTorch, SQL",On-site,Nov,223,Build predictive models and perform advanced analytics.
13611,Data Analyst,InnoSoft,Enterprise,Germany,Mid,Bachelor's,88079,"Python, Excel, Tableau, SQL, DAX",Hybrid,Sep,207,Analyze business data and create reports and dashboards.
13612,Data Engineer,DataSphere,Medium,Germany,Mid,Master's,160067,"Spark, AWS, SQL, Python",Remote,Jan,121,Design and maintain data pipelines and data warehouses.
13613,AI Engineer,TechNova,Startup,UK,Senior,Master's,209039,"AWS, PyTorch, Machine Learning, Python, TensorFlow",Hybrid,Jan,97,Build AI systems using deep learning and generative AI technologies.
13614,AI Engineer,TechNova,Startup,UK,Mid,Bachelor's,104567,"Python, AWS, TensorFlow",Hybrid,Nov,141,Build AI systems using deep learning and generative AI technologies.
13615,ML Engineer,CloudMatrix,Medium,Germany,Entry,Master's,93824,"PyTorch, AWS, Machine Learning, Python, TensorFlow",Remote,Oct,350,Deploy and optimize machine learning models in production.
13616,ML Engineer,TechNova,Startup,India,Entry,Master's,71405,"PyTorch, TensorFlow, AWS",Remote,Aug,359,Deploy and optimize machine learning models in production.
13617,ML Engineer,TechNova,Startup,India,Entry,Bachelor's,58595,"AWS, TensorFlow, Machine Learning, PyTorch, Python",Remote,Oct,463,Deploy and optimize machine learning models in production.
13618,BI Developer,Analytica,Enterprise,Singapore,Mid,Bachelor's,71774,"DAX, Power BI, Excel, SQL",Hybrid,Nov,123,Develop interactive dashboards and business intelligence solutions.
13619,Data Engineer,NextGen AI,Startup,Canada,Mid,Master's,83811,"Python, AWS, SQL, Spark",Remote,Nov,208,Design and maintain data pipelines and data warehouses.
13620,Data Scientist,Insight Corp,Enterprise,Singapore,Mid,Bachelor's,95654,"Machine Learning, Python, TensorFlow, SQL",Remote,Apr,179,Build predictive models and perform advanced analytics.
13621,Data Analyst,CloudMatrix,Medium,Australia,Senior,PhD,109789,"Power BI, Tableau, SQL",Hybrid,Jul,138,Analyze business data and create reports and dashboards.
13622,BI Developer,Analytica,Enterprise,Canada,Mid,Master's,77289,"DAX, Power BI, Excel, SQL",Remote,Jul,85,Develop interactive dashboards and business intelligence solutions.
13623,BI Developer,Analytica,Enterprise,UK,Entry,Bachelor's,68643,"SQL, Excel, DAX",Hybrid,Jun,359,Develop interactive dashboards and business intelligence solutions.
13624,BI Developer,Insight Corp,Enterprise,Germany,Mid,Master's,81358,"DAX, SQL, Power BI, Excel",Remote,Aug,113,Develop interactive dashboards and business intelligence solutions.
13625,Data Analyst,Insight Corp,Enterprise,Australia,Entry,Master's,58864,"Power BI, SQL, Tableau, DAX, Python",Remote,Oct,254,Analyze business data and create reports and dashboards.
13626,BI Developer,DataSphere,Medium,Australia,Entry,Master's,51160,"Excel, Power BI, DAX",Hybrid,Oct,401,Develop interactive dashboards and business intelligence solutions.
13627,BI Developer,InnoSoft,Enterprise,USA,Mid,Master's,70952,"Power BI, Excel, SQL, DAX",Remote,Dec,220,Develop interactive dashboards and business intelligence solutions.
13628,Data Analyst,DataSphere,Medium,UK,Entry,Master's,46866,"Excel, SQL, Power BI, Python",Hybrid,Sep,428,Analyze business data and create reports and dashboards.
13629,Data Engineer,TechNova,Startup,Australia,Mid,Master's,133306,"Spark, Python, SQL",Remote,Aug,204,Design and maintain data pipelines and data warehouses.
13630,BI Developer,NextGen AI,Startup,Singapore,Entry,Bachelor's,77381,"Excel, SQL, Power BI",Hybrid,Dec,381,Develop interactive dashboards and business intelligence solutions.
13631,Data Engineer,Analytica,Enterprise,Australia,Mid,Bachelor's,129661,"Python, Spark, SQL, AWS",Remote,Oct,236,Design and maintain data pipelines and data warehouses.
13632,Data Scientist,CloudMatrix,Medium,USA,Mid,Master's,160740,"Python, TensorFlow, PyTorch, SQL, Machine Learning",Hybrid,Jan,194,Build predictive models and perform advanced analytics.
13633,BI Developer,CloudMatrix,Medium,Singapore,Senior,PhD,105802,"DAX, Power BI, Excel, SQL",Remote,Oct,65,Develop interactive dashboards and business intelligence solutions.
13634,BI Developer,CloudMatrix,Medium,UK,Senior,Master's,80877,"SQL, Excel, DAX, Power BI",Remote,Aug,213,Develop interactive dashboards and business intelligence solutions.
13635,AI Engineer,NextGen AI,Startup,India,Mid,Master's,68450,"TensorFlow, Machine Learning, PyTorch",On-site,Jun,263,Build AI systems using deep learning and generative AI technologies.
13636,Data Engineer,InnoSoft,Enterprise,USA,Entry,Master's,123467,"SQL, AWS, Spark, Python",Remote,Feb,459,Design and maintain data pipelines and data warehouses.
13637,Data Analyst,ByteWorks,Startup,USA,Senior,PhD,120782,"Python, Excel, SQL, Tableau",On-site,Apr,119,Analyze business data and create reports and dashboards.
13638,Business Analyst,Analytica,Enterprise,Singapore,Entry,Bachelor's,50795,"SQL, Power BI, Excel",Remote,Jul,293,Gather requirements and improve business processes through data insights.
13639,Data Analyst,Analytica,Enterprise,Germany,Entry,Bachelor's,58002,"Power BI, Python, SQL, Excel, DAX",Remote,Apr,273,Analyze business data and create reports and dashboards.
13640,ML Engineer,CloudMatrix,Medium,Germany,Entry,Bachelor's,124093,"AWS, Python, Machine Learning, TensorFlow, PyTorch",Hybrid,Jun,358,Deploy and optimize machine learning models in production.
13641,ML Engineer,DataSphere,Medium,Canada,Mid,Bachelor's,122031,"AWS, TensorFlow, PyTorch",On-site,Nov,139,Deploy and optimize machine learning models in production.
13642,Data Scientist,CloudMatrix,Medium,India,Entry,Bachelor's,49901,"Machine Learning, PyTorch, SQL, TensorFlow, Python",Hybrid,Mar,451,Build predictive models and perform advanced analytics.
13643,BI Developer,TechNova,Startup,Canada,Senior,Master's,100102,"SQL, Excel, DAX, Power BI",Remote,May,110,Develop interactive dashboards and business intelligence solutions.
13644,BI Developer,InnoSoft,Enterprise,Germany,Entry,Bachelor's,54738,"SQL, Power BI, DAX, Excel",Remote,Jun,268,Develop interactive dashboards and business intelligence solutions.
13645,BI Developer,CloudMatrix,Medium,Germany,Entry,Master's,66860,"DAX, SQL, Power BI",Remote,Sep,443,Develop interactive dashboards and business intelligence solutions.
13646,AI Engineer,ByteWorks,Startup,UK,Mid,Master's,107707,"TensorFlow, Machine Learning, PyTorch, Python",Hybrid,Oct,138,Build AI systems using deep learning and generative AI technologies.
13647,ML Engineer,InnoSoft,Enterprise,Germany,Mid,Master's,95767,"PyTorch, Machine Learning, TensorFlow",Hybrid,Jan,197,Deploy and optimize machine learning models in production.
13648,Data Analyst,Analytica,Enterprise,Australia,Entry,Master's,60149,"Tableau, DAX, Python, Excel",Remote,Jun,355,Analyze business data and create reports and dashboards.
13649,Data Engineer,ByteWorks,Startup,Australia,Mid,Bachelor's,103996,"SQL, Python, AWS, Spark",Remote,Jan,91,Design and maintain data pipelines and data warehouses.
13650,Data Scientist,NextGen AI,Startup,Singapore,Entry,Master's,79578,"Python, Machine Learning, SQL, PyTorch",On-site,Oct,268,Build predictive models and perform advanced analytics.
13651,Data Analyst,DataSphere,Medium,Australia,Entry,Bachelor's,49168,"SQL, DAX, Tableau",Hybrid,Sep,201,Analyze business data and create reports and dashboards.
13652,Data Scientist,DataSphere,Medium,Canada,Entry,Bachelor's,74161,"Machine Learning, PyTorch, SQL, Python",On-site,May,385,Build predictive models and perform advanced analytics.
13653,Business Analyst,TechNova,Startup,USA,Entry,Bachelor's,48618,"SQL, Excel, Tableau",Remote,Sep,362,Gather requirements and improve business processes through data insights.
13654,ML Engineer,InnoSoft,Enterprise,Canada,Mid,Master's,136674,"Machine Learning, Python, PyTorch, AWS",Hybrid,Apr,65,Deploy and optimize machine learning models in production.
13655,AI Engineer,InnoSoft,Enterprise,UK,Entry,Master's,125901,"Machine Learning, PyTorch, AWS",On-site,Jul,303,Build AI systems using deep learning and generative AI technologies.
13656,ML Engineer,Analytica,Enterprise,Australia,Entry,Master's,83106,"AWS, Machine Learning, PyTorch, TensorFlow, Python",On-site,Feb,483,Deploy and optimize machine learning models in production.
13657,BI Developer,TechNova,Startup,UK,Entry,Master's,72423,"Excel, SQL, DAX",Hybrid,Apr,173,Develop interactive dashboards and business intelligence solutions.
13658,Data Analyst,CloudMatrix,Medium,Germany,Mid,Master's,62706,"SQL, Power BI, DAX, Excel, Python",Remote,Jun,157,Analyze business data and create reports and dashboards.
13659,AI Engineer,Analytica,Enterprise,Singapore,Mid,Master's,177676,"TensorFlow, PyTorch, Python, AWS, Machine Learning",Hybrid,Jul,100,Build AI systems using deep learning and generative AI technologies.
13660,Business Analyst,InnoSoft,Enterprise,USA,Entry,Bachelor's,50526,"Excel, Tableau, SQL, Power BI",Remote,Apr,342,Gather requirements and improve business processes through data insights.
13661,BI Developer,TechNova,Startup,Germany,Entry,Master's,46616,"SQL, DAX, Excel, Power BI",On-site,Feb,495,Develop interactive dashboards and business intelligence solutions.
13662,Business Analyst,Insight Corp,Enterprise,Canada,Senior,Master's,70934,"Power BI, SQL, Tableau, Excel",On-site,Oct,201,Gather requirements and improve business processes through data insights.
13663,ML Engineer,NextGen AI,Startup,Australia,Mid,Master's,147006,"Machine Learning, TensorFlow, Python",Remote,May,58,Deploy and optimize machine learning models in production.
13664,Data Analyst,CloudMatrix,Medium,USA,Senior,Master's,96566,"Tableau, DAX, Excel, Power BI",Hybrid,Dec,103,Analyze business data and create reports and dashboards.
13665,AI Engineer,TechNova,Startup,Canada,Entry,Master's,80094,"PyTorch, Machine Learning, Python, AWS",Remote,Aug,366,Build AI systems using deep learning and generative AI technologies.
13666,Business Analyst,NextGen AI,Startup,USA,Mid,Master's,65653,"Tableau, Excel, SQL",Remote,Sep,53,Gather requirements and improve business processes through data insights.
13667,AI Engineer,Insight Corp,Enterprise,Germany,Mid,Master's,143293,"TensorFlow, Python, Machine Learning, AWS",Hybrid,Nov,169,Build AI systems using deep learning and generative AI technologies.
13668,Data Scientist,CloudMatrix,Medium,India,Mid,Bachelor's,67464,"SQL, Python, TensorFlow",Hybrid,Jun,263,Build predictive models and perform advanced analytics.
13669,AI Engineer,InnoSoft,Enterprise,Singapore,Mid,Master's,147993,"Python, PyTorch, TensorFlow",Remote,Mar,210,Build AI systems using deep learning and generative AI technologies.
13670,ML Engineer,Insight Corp,Enterprise,India,Entry,Master's,62323,"Machine Learning, PyTorch, Python, TensorFlow, AWS",Hybrid,Aug,503,Deploy and optimize machine learning models in production.
13671,Data Analyst,NextGen AI,Startup,USA,Mid,Master's,78092,"SQL, DAX, Python, Tableau",On-site,May,93,Analyze business data and create reports and dashboards.
13672,AI Engineer,NextGen AI,Startup,USA,Senior,PhD,158081,"Python, TensorFlow, AWS, Machine Learning",On-site,Mar,125,Build AI systems using deep learning and generative AI technologies.
13673,AI Engineer,Insight Corp,Enterprise,USA,Mid,Bachelor's,119546,"AWS, TensorFlow, PyTorch, Python, Machine Learning",Remote,Dec,205,Build AI systems using deep learning and generative AI technologies.
13674,Data Analyst,InnoSoft,Enterprise,USA,Senior,PhD,89136,"Excel, Tableau, Power BI, SQL",On-site,Sep,238,Analyze business data and create reports and dashboards.
13675,Data Scientist,TechNova,Startup,Germany,Mid,Master's,134979,"SQL, Machine Learning, Python, PyTorch, TensorFlow",Remote,Sep,124,Build predictive models and perform advanced analytics.
13676,Data Analyst,TechNova,Startup,Singapore,Entry,Master's,45031,"Tableau, Python, Excel, SQL",Remote,Mar,211,Analyze business data and create reports and dashboards.
13677,Data Analyst,DataSphere,Medium,Singapore,Mid,Bachelor's,77359,"Python, Excel, Tableau",Hybrid,Jan,233,Analyze business data and create reports and dashboards.
13678,ML Engineer,TechNova,Startup,Germany,Entry,Bachelor's,99189,"Machine Learning, TensorFlow, Python, AWS",Hybrid,Jan,344,Deploy and optimize machine learning models in production.
13679,ML Engineer,ByteWorks,Startup,Canada,Entry,Bachelor's,101762,"Python, PyTorch, AWS, Machine Learning",Remote,Jan,204,Deploy and optimize machine learning models in production.
13680,AI Engineer,CloudMatrix,Medium,Canada,Mid,Master's,125848,"Machine Learning, AWS, PyTorch, TensorFlow, Python",Hybrid,Jul,72,Build AI systems using deep learning and generative AI technologies.
13681,Data Analyst,ByteWorks,Startup,Germany,Senior,PhD,98557,"Excel, Tableau, SQL",Remote,Feb,215,Analyze business data and create reports and dashboards.
13682,BI Developer,ByteWorks,Startup,India,Mid,Master's,32564,"Excel, SQL, DAX, Power BI",Remote,Apr,260,Develop interactive dashboards and business intelligence solutions.
13683,Data Engineer,ByteWorks,Startup,India,Entry,Master's,53506,"SQL, Spark, AWS, Python",On-site,Apr,271,Design and maintain data pipelines and data warehouses.
13684,AI Engineer,CloudMatrix,Medium,UK,Entry,Master's,94195,"PyTorch, Python, Machine Learning, TensorFlow",Remote,Mar,259,Build AI systems using deep learning and generative AI technologies.
13685,BI Developer,CloudMatrix,Medium,USA,Entry,Master's,52361,"Power BI, SQL, DAX",Hybrid,Mar,328,Develop interactive dashboards and business intelligence solutions.
13686,BI Developer,TechNova,Startup,UK,Mid,Bachelor's,78823,"Power BI, Excel, SQL, DAX",On-site,Dec,132,Develop interactive dashboards and business intelligence solutions.
13687,Data Engineer,ByteWorks,Startup,Singapore,Mid,Bachelor's,138495,"AWS, Python, Spark",On-site,Oct,246,Design and maintain data pipelines and data warehouses.
13688,ML Engineer,NextGen AI,Startup,Australia,Entry,Master's,88105,"Machine Learning, Python, AWS",On-site,Dec,415,Deploy and optimize machine learning models in production.
13689,Data Analyst,InnoSoft,Enterprise,Singapore,Mid,Master's,67813,"DAX, Python, Excel, Power BI",Hybrid,Oct,182,Analyze business data and create reports and dashboards.
13690,Business Analyst,CloudMatrix,Medium,Canada,Mid,Master's,63240,"SQL, Tableau, Power BI",Remote,Nov,231,Gather requirements and improve business processes through data insights.
13691,Business Analyst,Analytica,Enterprise,USA,Mid,Bachelor's,85511,"Tableau, SQL, Excel, Power BI",Hybrid,Jun,210,Gather requirements and improve business processes through data insights.
13692,Data Analyst,InnoSoft,Enterprise,UK,Mid,Master's,60627,"Excel, SQL, Python",On-site,Aug,228,Analyze business data and create reports and dashboards.
13693,Data Scientist,Analytica,Enterprise,UK,Mid,Bachelor's,135580,"Python, SQL, PyTorch",Hybrid,May,166,Build predictive models and perform advanced analytics.
13694,Data Analyst,NextGen AI,Startup,Singapore,Entry,Bachelor's,56383,"Tableau, SQL, Python, Excel",On-site,Nov,222,Analyze business data and create reports and dashboards.
13695,Business Analyst,ByteWorks,Startup,Germany,Entry,Bachelor's,58848,"SQL, Power BI, Tableau, Excel",Remote,Jul,355,Gather requirements and improve business processes through data insights.
13696,ML Engineer,ByteWorks,Startup,India,Senior,PhD,114260,"Python, Machine Learning, PyTorch",Hybrid,Jan,282,Deploy and optimize machine learning models in production.
13697,ML Engineer,NextGen AI,Startup,UK,Entry,Bachelor's,143502,"TensorFlow, AWS, Python, Machine Learning",Hybrid,Apr,318,Deploy and optimize machine learning models in production.
13698,Business Analyst,CloudMatrix,Medium,India,Entry,Bachelor's,29925,"Power BI, SQL, Excel, Tableau",Remote,Jun,544,Gather requirements and improve business processes through data insights.
13699,AI Engineer,TechNova,Startup,Singapore,Mid,Master's,192231,"Machine Learning, TensorFlow, AWS, Python, PyTorch",Remote,Jun,105,Build AI systems using deep learning and generative AI technologies.
13700,Data Scientist,Insight Corp,Enterprise,Canada,Mid,Bachelor's,114471,"TensorFlow, Machine Learning, SQL",Remote,Jul,248,Build predictive models and perform advanced analytics.
13701,Data Analyst,CloudMatrix,Medium,India,Mid,Master's,26871,"DAX, Tableau, Python",Remote,Oct,263,Analyze business data and create reports and dashboards.
13702,Data Engineer,NextGen AI,Startup,Germany,Mid,Master's,123233,"Python, SQL, Spark",Remote,Oct,206,Design and maintain data pipelines and data warehouses.
13703,AI Engineer,DataSphere,Medium,India,Mid,Bachelor's,82729,"Python, PyTorch, Machine Learning, TensorFlow, AWS",Hybrid,Dec,254,Build AI systems using deep learning and generative AI technologies.
13704,AI Engineer,DataSphere,Medium,Canada,Senior,Master's,185576,"TensorFlow, PyTorch, Python",On-site,Sep,215,Build AI systems using deep learning and generative AI technologies.
13705,Data Scientist,TechNova,Startup,USA,Senior,PhD,124348,"PyTorch, SQL, Machine Learning, TensorFlow",Hybrid,Aug,104,Build predictive models and perform advanced analytics.
13706,BI Developer,NextGen AI,Startup,Australia,Mid,Master's,61779,"Excel, Power BI, SQL, DAX",Remote,Jan,130,Develop interactive dashboards and business intelligence solutions.
13707,Data Engineer,DataSphere,Medium,USA,Entry,Bachelor's,80867,"Python, AWS, Spark, SQL",Remote,Nov,351,Design and maintain data pipelines and data warehouses.
13708,Business Analyst,TechNova,Startup,UK,Entry,Master's,50115,"Excel, Power BI, Tableau, SQL",On-site,Aug,239,Gather requirements and improve business processes through data insights.
13709,ML Engineer,CloudMatrix,Medium,India,Senior,PhD,98814,"PyTorch, Machine Learning, TensorFlow, Python",Remote,Apr,193,Deploy and optimize machine learning models in production.
13710,AI Engineer,Insight Corp,Enterprise,Singapore,Mid,Master's,168927,"TensorFlow, Machine Learning, PyTorch, Python, AWS",Remote,Mar,233,Build AI systems using deep learning and generative AI technologies.
13711,Data Scientist,DataSphere,Medium,India,Entry,Master's,33717,"PyTorch, TensorFlow, Machine Learning",Hybrid,Dec,342,Build predictive models and perform advanced analytics.
13712,BI Developer,InnoSoft,Enterprise,India,Mid,Master's,49791,"DAX, Excel, SQL, Power BI",Hybrid,May,230,Develop interactive dashboards and business intelligence solutions.
13713,BI Developer,NextGen AI,Startup,UK,Senior,Master's,122227,"DAX, Excel, Power BI, SQL",Remote,Nov,60,Develop interactive dashboards and business intelligence solutions.
13714,BI Developer,Insight Corp,Enterprise,Canada,Entry,Master's,55010,"SQL, DAX, Excel, Power BI",On-site,Jun,433,Develop interactive dashboards and business intelligence solutions.
13715,Business Analyst,Analytica,Enterprise,UK,Entry,Bachelor's,59140,"SQL, Power BI, Tableau, Excel",Remote,Jan,397,Gather requirements and improve business processes through data insights.
13716,Business Analyst,Insight Corp,Enterprise,UK,Entry,Master's,64736,"Power BI, SQL, Excel",Remote,Feb,374,Gather requirements and improve business processes through data insights.
13717,AI Engineer,InnoSoft,Enterprise,India,Mid,Master's,82069,"Machine Learning, AWS, Python, PyTorch, TensorFlow",Hybrid,Jul,276,Build AI systems using deep learning and generative AI technologies.
13718,AI Engineer,CloudMatrix,Medium,UK,Senior,PhD,213737,"PyTorch, TensorFlow, Machine Learning, AWS, Python",Hybrid,Sep,178,Build AI systems using deep learning and generative AI technologies.
13719,Business Analyst,NextGen AI,Startup,UK,Senior,PhD,81243,"Power BI, Tableau, SQL",Hybrid,Jan,229,Gather requirements and improve business processes through data insights.
13720,ML Engineer,NextGen AI,Startup,UK,Mid,Bachelor's,124177,"PyTorch, AWS, TensorFlow",On-site,Sep,184,Deploy and optimize machine learning models in production.
13721,Data Analyst,Insight Corp,Enterprise,Canada,Mid,Bachelor's,75059,"Power BI, Excel, SQL, Python, Tableau",Remote,Jun,61,Analyze business data and create reports and dashboards.
13722,ML Engineer,NextGen AI,Startup,India,Mid,Bachelor's,82191,"Machine Learning, AWS, PyTorch, TensorFlow",Hybrid,Feb,266,Deploy and optimize machine learning models in production.
13723,BI Developer,TechNova,Startup,UK,Mid,Master's,72904,"DAX, SQL, Excel, Power BI",On-site,Jun,111,Develop interactive dashboards and business intelligence solutions.
13724,BI Developer,DataSphere,Medium,UK,Entry,Master's,74265,"Excel, DAX, Power BI, SQL",Remote,Jan,426,Develop interactive dashboards and business intelligence solutions.
13725,Data Scientist,Insight Corp,Enterprise,USA,Mid,Master's,109270,"TensorFlow, Python, PyTorch, SQL, Machine Learning",On-site,Aug,61,Build predictive models and perform advanced analytics.
13726,Data Scientist,CloudMatrix,Medium,Canada,Entry,Master's,95245,"SQL, Python, TensorFlow, PyTorch, Machine Learning",Hybrid,Apr,279,Build predictive models and perform advanced analytics.
13727,Business Analyst,ByteWorks,Startup,India,Entry,Bachelor's,25466,"Tableau, Power BI, Excel",On-site,Oct,401,Gather requirements and improve business processes through data insights.
13728,BI Developer,ByteWorks,Startup,Germany,Mid,Master's,76542,"Power BI, DAX, Excel, SQL",On-site,May,180,Develop interactive dashboards and business intelligence solutions.
13729,Data Engineer,CloudMatrix,Medium,India,Mid,Master's,54128,"AWS, SQL, Python, Spark",Hybrid,Feb,335,Design and maintain data pipelines and data warehouses.
13730,BI Developer,ByteWorks,Startup,India,Entry,Master's,30017,"SQL, Excel, DAX",Hybrid,Jul,494,Develop interactive dashboards and business intelligence solutions.
13731,ML Engineer,NextGen AI,Startup,Australia,Mid,Master's,158532,"Machine Learning, AWS, TensorFlow",Hybrid,Jul,82,Deploy and optimize machine learning models in production.
13732,BI Developer,Insight Corp,Enterprise,India,Entry,Bachelor's,31278,"Excel, Power BI, SQL",Remote,Sep,387,Develop interactive dashboards and business intelligence solutions.
13733,ML Engineer,InnoSoft,Enterprise,Germany,Senior,PhD,203849,"AWS, Machine Learning, TensorFlow",Remote,Mar,137,Deploy and optimize machine learning models in production.
13734,Data Scientist,CloudMatrix,Medium,Australia,Entry,Master's,93488,"PyTorch, Machine Learning, TensorFlow, SQL, Python",On-site,Jun,212,Build predictive models and perform advanced analytics.
13735,Business Analyst,ByteWorks,Startup,Singapore,Entry,Master's,48553,"Tableau, Excel, SQL, Power BI",On-site,Aug,208,Gather requirements and improve business processes through data insights.
13736,AI Engineer,ByteWorks,Startup,Canada,Mid,Bachelor's,123600,"Python, Machine Learning, PyTorch, TensorFlow, AWS",Hybrid,Aug,206,Build AI systems using deep learning and generative AI technologies.
13737,Data Analyst,Insight Corp,Enterprise,Australia,Entry,Master's,60031,"Power BI, Python, Excel, DAX, Tableau",On-site,Nov,372,Analyze business data and create reports and dashboards.
13738,ML Engineer,Insight Corp,Enterprise,USA,Entry,Bachelor's,146099,"PyTorch, TensorFlow, AWS, Python",Hybrid,Oct,394,Deploy and optimize machine learning models in production.
13739,AI Engineer,Insight Corp,Enterprise,Australia,Senior,PhD,130998,"Machine Learning, AWS, PyTorch, Python, TensorFlow",Hybrid,Apr,127,Build AI systems using deep learning and generative AI technologies.
13740,AI Engineer,Insight Corp,Enterprise,Singapore,Entry,Master's,106114,"Python, PyTorch, TensorFlow",On-site,Apr,340,Build AI systems using deep learning and generative AI technologies.
13741,Data Scientist,DataSphere,Medium,Canada,Senior,Master's,117052,"SQL, Machine Learning, PyTorch, TensorFlow, Python",Remote,Dec,153,Build predictive models and perform advanced analytics.
13742,Data Engineer,Analytica,Enterprise,USA,Entry,Bachelor's,77628,"Python, SQL, Spark, AWS",On-site,Jul,383,Design and maintain data pipelines and data warehouses.
13743,Business Analyst,Insight Corp,Enterprise,Singapore,Mid,Bachelor's,78404,"Tableau, SQL, Power BI, Excel",Hybrid,Sep,208,Gather requirements and improve business processes through data insights.
13744,Business Analyst,InnoSoft,Enterprise,Canada,Mid,Bachelor's,55126,"Tableau, SQL, Excel, Power BI",Remote,Jul,82,Gather requirements and improve business processes through data insights.
13745,AI Engineer,Analytica,Enterprise,India,Mid,Bachelor's,88875,"TensorFlow, PyTorch, Machine Learning, AWS, Python",Hybrid,Jun,343,Build AI systems using deep learning and generative AI technologies.
13746,Business Analyst,TechNova,Startup,India,Mid,Bachelor's,29471,"SQL, Tableau, Power BI, Excel",Remote,May,271,Gather requirements and improve business processes through data insights.
13747,Data Scientist,DataSphere,Medium,India,Entry,Bachelor's,50060,"Python, TensorFlow, PyTorch, Machine Learning, SQL",On-site,Aug,402,Build predictive models and perform advanced analytics.
13748,AI Engineer,TechNova,Startup,Germany,Mid,Master's,164278,"TensorFlow, Python, Machine Learning",Hybrid,Jun,220,Build AI systems using deep learning and generative AI technologies.
13749,Business Analyst,NextGen AI,Startup,USA,Mid,Bachelor's,74246,"SQL, Tableau, Excel",Remote,Dec,91,Gather requirements and improve business processes through data insights.
13750,ML Engineer,InnoSoft,Enterprise,Australia,Mid,Master's,100499,"AWS, Machine Learning, TensorFlow, Python",Remote,Oct,75,Deploy and optimize machine learning models in production.
13751,Data Engineer,CloudMatrix,Medium,Australia,Mid,Master's,150582,"AWS, Python, SQL",Remote,Sep,170,Design and maintain data pipelines and data warehouses.
13752,ML Engineer,InnoSoft,Enterprise,Canada,Mid,Master's,116300,"TensorFlow, PyTorch, Machine Learning, AWS",Remote,Apr,60,Deploy and optimize machine learning models in production.
13753,AI Engineer,ByteWorks,Startup,Australia,Mid,Master's,176495,"AWS, Machine Learning, Python",Hybrid,Nov,181,Build AI systems using deep learning and generative AI technologies.
13754,AI Engineer,Insight Corp,Enterprise,Singapore,Entry,Master's,124029,"AWS, TensorFlow, Python",On-site,Aug,427,Build AI systems using deep learning and generative AI technologies.
13755,AI Engineer,NextGen AI,Startup,UK,Entry,Bachelor's,84198,"PyTorch, TensorFlow, Machine Learning, Python, AWS",Remote,Oct,251,Build AI systems using deep learning and generative AI technologies.
13756,AI Engineer,InnoSoft,Enterprise,Canada,Mid,Bachelor's,125214,"PyTorch, Python, TensorFlow, Machine Learning, AWS",On-site,Oct,214,Build AI systems using deep learning and generative AI technologies.
13757,Data Engineer,NextGen AI,Startup,UK,Mid,Bachelor's,101872,"SQL, Spark, Python",Remote,Oct,74,Design and maintain data pipelines and data warehouses.
13758,AI Engineer,TechNova,Startup,India,Entry,Bachelor's,40652,"AWS, Machine Learning, Python, TensorFlow",Remote,Dec,572,Build AI systems using deep learning and generative AI technologies.
13759,ML Engineer,ByteWorks,Startup,UK,Entry,Master's,104514,"Python, PyTorch, AWS",Hybrid,Jul,238,Deploy and optimize machine learning models in production.
13760,Data Engineer,TechNova,Startup,India,Senior,PhD,72927,"AWS, Python, SQL",Remote,May,165,Design and maintain data pipelines and data warehouses.
13761,Business Analyst,InnoSoft,Enterprise,India,Mid,Bachelor's,26470,"SQL, Power BI, Excel, Tableau",Remote,Oct,174,Gather requirements and improve business processes through data insights.
13762,Data Scientist,TechNova,Startup,UK,Senior,Master's,145143,"SQL, TensorFlow, PyTorch, Python",Remote,Jun,147,Build predictive models and perform advanced analytics.
13763,Data Engineer,Insight Corp,Enterprise,UK,Mid,Bachelor's,143050,"Python, SQL, AWS",On-site,Feb,56,Design and maintain data pipelines and data warehouses.
13764,BI Developer,NextGen AI,Startup,Singapore,Mid,Master's,89336,"DAX, Excel, SQL, Power BI",Remote,Apr,124,Develop interactive dashboards and business intelligence solutions.
13765,Business Analyst,TechNova,Startup,India,Senior,Master's,48337,"SQL, Power BI, Excel, Tableau",Hybrid,Mar,122,Gather requirements and improve business processes through data insights.
13766,AI Engineer,CloudMatrix,Medium,Germany,Mid,Master's,146704,"Machine Learning, Python, TensorFlow, PyTorch, AWS",On-site,Jul,223,Build AI systems using deep learning and generative AI technologies.
13767,BI Developer,CloudMatrix,Medium,Canada,Entry,Bachelor's,47917,"Power BI, DAX, Excel",Hybrid,Jun,427,Develop interactive dashboards and business intelligence solutions.
13768,AI Engineer,Analytica,Enterprise,Australia,Mid,Bachelor's,143894,"Machine Learning, TensorFlow, AWS, Python, PyTorch",Remote,Apr,75,Build AI systems using deep learning and generative AI technologies.
13769,Data Engineer,DataSphere,Medium,Singapore,Entry,Master's,121104,"Spark, Python, AWS, SQL",Hybrid,Sep,389,Design and maintain data pipelines and data warehouses.
13770,ML Engineer,TechNova,Startup,Canada,Mid,Master's,116651,"Python, Machine Learning, PyTorch, AWS, TensorFlow",Remote,Aug,205,Deploy and optimize machine learning models in production.
13771,Data Engineer,NextGen AI,Startup,UK,Mid,Bachelor's,91022,"AWS, SQL, Python",Hybrid,Mar,99,Design and maintain data pipelines and data warehouses.
13772,Data Analyst,CloudMatrix,Medium,UK,Mid,Bachelor's,80816,"Tableau, Excel, SQL, DAX",Hybrid,Aug,195,Analyze business data and create reports and dashboards.
13773,BI Developer,Analytica,Enterprise,UK,Entry,Bachelor's,56139,"SQL, Power BI, Excel, DAX",Hybrid,Dec,220,Develop interactive dashboards and business intelligence solutions.
13774,Data Analyst,DataSphere,Medium,USA,Mid,Master's,87893,"Python, DAX, Excel",Hybrid,May,69,Analyze business data and create reports and dashboards.
13775,ML Engineer,DataSphere,Medium,Singapore,Senior,PhD,156128,"Machine Learning, Python, AWS, TensorFlow",Remote,Mar,224,Deploy and optimize machine learning models in production.
13776,BI Developer,CloudMatrix,Medium,USA,Mid,Bachelor's,94053,"Excel, SQL, Power BI, DAX",Remote,Mar,87,Develop interactive dashboards and business intelligence solutions.
13777,ML Engineer,Analytica,Enterprise,India,Entry,Master's,41703,"TensorFlow, PyTorch, Python, Machine Learning",Remote,Feb,488,Deploy and optimize machine learning models in production.
13778,Data Analyst,DataSphere,Medium,Australia,Entry,Bachelor's,54312,"Tableau, Power BI, Excel",On-site,Nov,254,Analyze business data and create reports and dashboards.
13779,Data Scientist,DataSphere,Medium,USA,Entry,Bachelor's,124123,"Python, PyTorch, SQL",Remote,Mar,476,Build predictive models and perform advanced analytics.
13780,ML Engineer,NextGen AI,Startup,USA,Senior,Master's,140808,"AWS, PyTorch, TensorFlow, Machine Learning, Python",Hybrid,Mar,81,Deploy and optimize machine learning models in production.
13781,Business Analyst,NextGen AI,Startup,Germany,Mid,Master's,52330,"Tableau, Excel, Power BI, SQL",Remote,May,125,Gather requirements and improve business processes through data insights.
13782,ML Engineer,TechNova,Startup,Canada,Senior,PhD,206945,"Machine Learning, Python, TensorFlow, PyTorch, AWS",On-site,Mar,222,Deploy and optimize machine learning models in production.
13783,Data Engineer,DataSphere,Medium,Germany,Mid,Master's,142951,"AWS, Python, Spark, SQL",Remote,Mar,89,Design and maintain data pipelines and data warehouses.
13784,Data Scientist,Insight Corp,Enterprise,India,Senior,PhD,85570,"SQL, Python, Machine Learning, TensorFlow",On-site,Feb,259,Build predictive models and perform advanced analytics.
13785,Data Engineer,Insight Corp,Enterprise,UK,Entry,Master's,110916,"Spark, Python, AWS, SQL",Remote,Apr,300,Design and maintain data pipelines and data warehouses.
13786,Business Analyst,Insight Corp,Enterprise,USA,Entry,Bachelor's,74373,"SQL, Excel, Power BI",Hybrid,Nov,315,Gather requirements and improve business processes through data insights.
13787,Data Scientist,InnoSoft,Enterprise,Germany,Entry,Master's,75546,"Python, TensorFlow, SQL",Hybrid,Aug,379,Build predictive models and perform advanced analytics.
13788,Data Engineer,DataSphere,Medium,USA,Entry,Bachelor's,122565,"SQL, Python, Spark, AWS",Remote,May,442,Design and maintain data pipelines and data warehouses.
13789,AI Engineer,DataSphere,Medium,USA,Entry,Master's,105147,"PyTorch, Machine Learning, Python, AWS",Remote,Apr,231,Build AI systems using deep learning and generative AI technologies.
13790,Data Scientist,Analytica,Enterprise,UK,Mid,Bachelor's,82847,"Machine Learning, PyTorch, SQL, TensorFlow, Python",Remote,Jul,145,Build predictive models and perform advanced analytics.
13791,Data Analyst,Insight Corp,Enterprise,UK,Mid,Master's,85500,"Power BI, SQL, Excel, Tableau, DAX",Hybrid,Feb,206,Analyze business data and create reports and dashboards.
13792,Data Analyst,NextGen AI,Startup,Canada,Entry,Master's,63196,"Tableau, Power BI, DAX, Python, SQL",On-site,Apr,437,Analyze business data and create reports and dashboards.
13793,Business Analyst,ByteWorks,Startup,UK,Entry,Master's,38362,"Power BI, SQL, Tableau, Excel",On-site,Nov,291,Gather requirements and improve business processes through data insights.
13794,Business Analyst,InnoSoft,Enterprise,India,Entry,Bachelor's,22247,"Power BI, Tableau, Excel",Remote,Nov,418,Gather requirements and improve business processes through data insights.
13795,ML Engineer,InnoSoft,Enterprise,USA,Mid,Master's,120292,"AWS, Python, TensorFlow",Remote,Dec,127,Deploy and optimize machine learning models in production.
13796,AI Engineer,Analytica,Enterprise,Canada,Mid,Bachelor's,153184,"Python, Machine Learning, PyTorch, TensorFlow",Hybrid,Feb,199,Build AI systems using deep learning and generative AI technologies.
13797,Data Analyst,CloudMatrix,Medium,Germany,Mid,Master's,84071,"SQL, Power BI, Python",Remote,Nov,82,Analyze business data and create reports and dashboards.
13798,BI Developer,ByteWorks,Startup,India,Entry,Bachelor's,31389,"DAX, Power BI, Excel, SQL",On-site,Aug,337,Develop interactive dashboards and business intelligence solutions.
13799,Data Analyst,Insight Corp,Enterprise,Germany,Mid,Bachelor's,87257,"DAX, Python, Excel, Power BI, SQL",On-site,Feb,138,Analyze business data and create reports and dashboards.
13800,AI Engineer,Analytica,Enterprise,UK,Entry,Master's,117192,"AWS, PyTorch, Machine Learning, TensorFlow, Python",Remote,May,233,Build AI systems using deep learning and generative AI technologies.
13801,Business Analyst,Analytica,Enterprise,UK,Senior,PhD,95915,"Power BI, SQL, Tableau",Hybrid,Feb,149,Gather requirements and improve business processes through data insights.
13802,Data Analyst,DataSphere,Medium,Germany,Entry,Master's,50455,"SQL, Excel, Power BI, DAX, Tableau",Hybrid,Aug,464,Analyze business data and create reports and dashboards.
13803,Data Engineer,Insight Corp,Enterprise,Canada,Mid,Master's,144139,"Python, Spark, AWS",Hybrid,Jul,110,Design and maintain data pipelines and data warehouses.
13804,Data Scientist,CloudMatrix,Medium,Australia,Entry,Bachelor's,88199,"TensorFlow, PyTorch, SQL, Machine Learning, Python",Hybrid,Dec,305,Build predictive models and perform advanced analytics.
13805,Data Scientist,TechNova,Startup,Germany,Senior,Master's,111231,"TensorFlow, Machine Learning, Python, PyTorch",Hybrid,Aug,129,Build predictive models and perform advanced analytics.
13806,Business Analyst,DataSphere,Medium,Australia,Senior,PhD,67445,"SQL, Excel, Power BI, Tableau",Hybrid,Aug,88,Gather requirements and improve business processes through data insights.
13807,ML Engineer,InnoSoft,Enterprise,Canada,Entry,Master's,113028,"AWS, Machine Learning, TensorFlow",Remote,Jul,278,Deploy and optimize machine learning models in production.
13808,BI Developer,InnoSoft,Enterprise,Singapore,Mid,Bachelor's,71491,"Power BI, Excel, DAX, SQL",On-site,Mar,244,Develop interactive dashboards and business intelligence solutions.
13809,Data Analyst,InnoSoft,Enterprise,USA,Entry,Master's,49773,"Power BI, Python, DAX, Tableau, SQL",Remote,Mar,257,Analyze business data and create reports and dashboards.
13810,ML Engineer,TechNova,Startup,Australia,Senior,PhD,142567,"AWS, Python, PyTorch, TensorFlow",Remote,Apr,235,Deploy and optimize machine learning models in production.
13811,Data Scientist,InnoSoft,Enterprise,Canada,Entry,Master's,86084,"SQL, Machine Learning, Python, TensorFlow",Hybrid,Dec,221,Build predictive models and perform advanced analytics.
13812,Data Analyst,ByteWorks,Startup,Singapore,Entry,Master's,67464,"DAX, Excel, Tableau",On-site,Nov,394,Analyze business data and create reports and dashboards.
13813,BI Developer,InnoSoft,Enterprise,USA,Entry,Master's,88035,"SQL, Excel, DAX, Power BI",Remote,Aug,235,Develop interactive dashboards and business intelligence solutions.
13814,Data Scientist,TechNova,Startup,Canada,Entry,Master's,105392,"TensorFlow, Python, PyTorch",On-site,Jun,248,Build predictive models and perform advanced analytics.
13815,Data Analyst,ByteWorks,Startup,Germany,Mid,Bachelor's,63808,"Tableau, Power BI, Excel, Python",Hybrid,May,197,Analyze business data and create reports and dashboards.
13816,ML Engineer,NextGen AI,Startup,Canada,Senior,Master's,147595,"PyTorch, TensorFlow, Python",Hybrid,Aug,58,Deploy and optimize machine learning models in production.
13817,Data Scientist,InnoSoft,Enterprise,USA,Entry,Master's,131182,"Machine Learning, SQL, PyTorch, TensorFlow, Python",On-site,Jan,299,Build predictive models and perform advanced analytics.
13818,Data Analyst,Analytica,Enterprise,Australia,Entry,Bachelor's,68290,"Tableau, DAX, Python",Hybrid,Feb,455,Analyze business data and create reports and dashboards.
13819,Data Analyst,NextGen AI,Startup,India,Mid,Bachelor's,31657,"Tableau, SQL, Excel",Remote,Mar,349,Analyze business data and create reports and dashboards.
13820,Business Analyst,Analytica,Enterprise,Germany,Entry,Master's,51910,"SQL, Power BI, Excel, Tableau",On-site,Sep,357,Gather requirements and improve business processes through data insights.
13821,ML Engineer,ByteWorks,Startup,UK,Entry,Master's,80586,"TensorFlow, AWS, Python, Machine Learning, PyTorch",On-site,Nov,249,Deploy and optimize machine learning models in production.
13822,BI Developer,InnoSoft,Enterprise,Germany,Mid,Master's,70728,"SQL, Excel, DAX, Power BI",Hybrid,Feb,218,Develop interactive dashboards and business intelligence solutions.
13823,ML Engineer,ByteWorks,Startup,UK,Senior,PhD,128966,"Python, Machine Learning, AWS, TensorFlow",Hybrid,May,129,Deploy and optimize machine learning models in production.
13824,BI Developer,DataSphere,Medium,UK,Mid,Master's,75801,"Power BI, DAX, Excel",Hybrid,Jan,100,Develop interactive dashboards and business intelligence solutions.
13825,BI Developer,TechNova,Startup,USA,Entry,Master's,61034,"Excel, DAX, Power BI, SQL",On-site,Jan,325,Develop interactive dashboards and business intelligence solutions.
13826,BI Developer,CloudMatrix,Medium,Australia,Entry,Bachelor's,79513,"Excel, DAX, SQL, Power BI",On-site,Nov,309,Develop interactive dashboards and business intelligence solutions.
13827,Data Scientist,Analytica,Enterprise,UK,Entry,Bachelor's,76608,"Machine Learning, TensorFlow, SQL",Hybrid,Nov,294,Build predictive models and perform advanced analytics.
13828,Data Scientist,InnoSoft,Enterprise,Australia,Senior,Master's,115365,"Machine Learning, PyTorch, TensorFlow",Hybrid,Jun,153,Build predictive models and perform advanced analytics.
13829,Business Analyst,Insight Corp,Enterprise,India,Mid,Bachelor's,34677,"Power BI, Tableau, SQL, Excel",Remote,Nov,271,Gather requirements and improve business processes through data insights.
13830,BI Developer,CloudMatrix,Medium,Australia,Mid,Bachelor's,94621,"Excel, DAX, SQL",Hybrid,Nov,110,Develop interactive dashboards and business intelligence solutions.
13831,BI Developer,TechNova,Startup,UK,Entry,Master's,56472,"SQL, Power BI, Excel, DAX",Remote,Sep,400,Develop interactive dashboards and business intelligence solutions.
13832,Data Scientist,ByteWorks,Startup,Singapore,Mid,Bachelor's,86568,"TensorFlow, Machine Learning, Python, PyTorch",Hybrid,Mar,173,Build predictive models and perform advanced analytics.
13833,AI Engineer,InnoSoft,Enterprise,Germany,Senior,Master's,132151,"Python, PyTorch, TensorFlow, Machine Learning",Remote,Sep,207,Build AI systems using deep learning and generative AI technologies.
13834,Data Analyst,NextGen AI,Startup,USA,Mid,Master's,63376,"SQL, Power BI, Excel",Remote,Mar,117,Analyze business data and create reports and dashboards.
13835,Data Scientist,NextGen AI,Startup,UK,Entry,Bachelor's,79972,"PyTorch, TensorFlow, SQL, Machine Learning, Python",On-site,Aug,429,Build predictive models and perform advanced analytics.
13836,AI Engineer,ByteWorks,Startup,Singapore,Senior,PhD,185885,"AWS, TensorFlow, Python",Hybrid,Jan,236,Build AI systems using deep learning and generative AI technologies.
13837,ML Engineer,Analytica,Enterprise,USA,Mid,Bachelor's,190637,"PyTorch, Python, Machine Learning, TensorFlow, AWS",On-site,Oct,71,Deploy and optimize machine learning models in production.
13838,AI Engineer,TechNova,Startup,UK,Mid,Bachelor's,110450,"TensorFlow, AWS, PyTorch",Remote,Aug,117,Build AI systems using deep learning and generative AI technologies.
13839,Business Analyst,Insight Corp,Enterprise,Australia,Entry,Bachelor's,43491,"SQL, Tableau, Power BI, Excel",Hybrid,Dec,320,Gather requirements and improve business processes through data insights.
13840,ML Engineer,Analytica,Enterprise,USA,Entry,Bachelor's,104359,"TensorFlow, PyTorch, Python",On-site,Jul,256,Deploy and optimize machine learning models in production.
13841,Data Engineer,NextGen AI,Startup,Australia,Senior,PhD,191535,"AWS, SQL, Python",Hybrid,Jan,114,Design and maintain data pipelines and data warehouses.
13842,Data Engineer,ByteWorks,Startup,USA,Mid,Master's,142273,"SQL, Python, AWS",On-site,Dec,201,Design and maintain data pipelines and data warehouses.
13843,Data Analyst,CloudMatrix,Medium,Australia,Mid,Bachelor's,61605,"DAX, Excel, Power BI, Python",Hybrid,Sep,214,Analyze business data and create reports and dashboards.
13844,Data Analyst,NextGen AI,Startup,USA,Mid,Master's,93397,"Python, Tableau, DAX, Excel, SQL",Remote,Jun,89,Analyze business data and create reports and dashboards.
13845,BI Developer,TechNova,Startup,Australia,Mid,Master's,72271,"DAX, SQL, Power BI, Excel",Hybrid,Nov,160,Develop interactive dashboards and business intelligence solutions.
13846,AI Engineer,CloudMatrix,Medium,Canada,Mid,Bachelor's,176462,"AWS, Machine Learning, PyTorch, TensorFlow, Python",On-site,Dec,69,Build AI systems using deep learning and generative AI technologies.
13847,Business Analyst,InnoSoft,Enterprise,USA,Entry,Bachelor's,60076,"Excel, SQL, Tableau, Power BI",On-site,Dec,442,Gather requirements and improve business processes through data insights.
13848,BI Developer,NextGen AI,Startup,Singapore,Entry,Master's,57154,"Excel, SQL, DAX",On-site,Aug,251,Develop interactive dashboards and business intelligence solutions.
13849,Data Scientist,Insight Corp,Enterprise,Singapore,Senior,Master's,135868,"TensorFlow, Machine Learning, PyTorch",Remote,Dec,96,Build predictive models and perform advanced analytics.
13850,AI Engineer,Analytica,Enterprise,USA,Senior,Master's,163428,"Machine Learning, Python, AWS, TensorFlow, PyTorch",Hybrid,Feb,221,Build AI systems using deep learning and generative AI technologies.
13851,Data Scientist,CloudMatrix,Medium,India,Entry,Bachelor's,41919,"TensorFlow, Python, PyTorch, SQL, Machine Learning",Remote,Aug,513,Build predictive models and perform advanced analytics.
13852,Data Analyst,TechNova,Startup,Canada,Entry,Bachelor's,56221,"DAX, SQL, Excel, Python",Remote,Dec,227,Analyze business data and create reports and dashboards.
13853,Data Scientist,DataSphere,Medium,UK,Mid,Bachelor's,88261,"TensorFlow, PyTorch, Machine Learning",Remote,Dec,147,Build predictive models and perform advanced analytics.
13854,BI Developer,Insight Corp,Enterprise,Australia,Senior,PhD,94942,"DAX, Power BI, SQL",Hybrid,Jul,213,Develop interactive dashboards and business intelligence solutions.
13855,Data Engineer,InnoSoft,Enterprise,Singapore,Mid,Bachelor's,94136,"Spark, SQL, Python",On-site,Sep,151,Design and maintain data pipelines and data warehouses.
13856,BI Developer,CloudMatrix,Medium,Germany,Entry,Master's,77832,"SQL, Power BI, Excel",On-site,May,402,Develop interactive dashboards and business intelligence solutions.
13857,Data Engineer,NextGen AI,Startup,India,Senior,Master's,84410,"SQL, Python, AWS",Hybrid,Apr,256,Design and maintain data pipelines and data warehouses.
13858,Data Scientist,Analytica,Enterprise,Singapore,Entry,Bachelor's,114567,"TensorFlow, PyTorch, Python",Remote,Aug,280,Build predictive models and perform advanced analytics.
13859,ML Engineer,TechNova,Startup,Germany,Mid,Bachelor's,130560,"AWS, PyTorch, TensorFlow",Hybrid,Jul,147,Deploy and optimize machine learning models in production.
13860,Data Engineer,CloudMatrix,Medium,USA,Senior,Master's,156505,"Spark, Python, SQL, AWS",Hybrid,Oct,77,Design and maintain data pipelines and data warehouses.
13861,Data Scientist,Analytica,Enterprise,USA,Senior,Master's,169220,"PyTorch, Machine Learning, Python",Hybrid,Nov,72,Build predictive models and perform advanced analytics.
13862,Data Scientist,Analytica,Enterprise,UK,Senior,Master's,186161,"SQL, TensorFlow, Machine Learning, PyTorch, Python",Hybrid,Oct,130,Build predictive models and perform advanced analytics.
13863,AI Engineer,InnoSoft,Enterprise,Singapore,Entry,Master's,116225,"Python, PyTorch, TensorFlow, Machine Learning",On-site,Feb,295,Build AI systems using deep learning and generative AI technologies.
13864,BI Developer,NextGen AI,Startup,UK,Senior,PhD,97655,"Power BI, Excel, DAX, SQL",Remote,Jun,62,Develop interactive dashboards and business intelligence solutions.
13865,Data Scientist,ByteWorks,Startup,Australia,Mid,Master's,87215,"Machine Learning, TensorFlow, SQL, Python",Remote,Jul,198,Build predictive models and perform advanced analytics.
13866,Business Analyst,ByteWorks,Startup,Singapore,Mid,Bachelor's,64470,"SQL, Power BI, Excel, Tableau",Remote,Apr,180,Gather requirements and improve business processes through data insights.
13867,Business Analyst,ByteWorks,Startup,Germany,Mid,Master's,67757,"Power BI, Tableau, Excel, SQL",On-site,Jul,101,Gather requirements and improve business processes through data insights.
13868,Business Analyst,CloudMatrix,Medium,UK,Senior,Master's,71569,"Power BI, Excel, SQL, Tableau",Remote,Jul,86,Gather requirements and improve business processes through data insights.
13869,Data Scientist,InnoSoft,Enterprise,UK,Mid,Master's,90077,"TensorFlow, Machine Learning, PyTorch, SQL",On-site,Jun,168,Build predictive models and perform advanced analytics.
13870,Business Analyst,Insight Corp,Enterprise,Canada,Senior,PhD,92278,"Power BI, Tableau, Excel, SQL",Hybrid,Apr,220,Gather requirements and improve business processes through data insights.
13871,AI Engineer,TechNova,Startup,UK,Mid,Bachelor's,169332,"PyTorch, Machine Learning, Python, TensorFlow",Remote,Dec,230,Build AI systems using deep learning and generative AI technologies.
13872,AI Engineer,Insight Corp,Enterprise,USA,Entry,Bachelor's,164183,"PyTorch, Machine Learning, TensorFlow",Remote,Oct,360,Build AI systems using deep learning and generative AI technologies.
13873,Data Scientist,Analytica,Enterprise,Australia,Entry,Bachelor's,99720,"SQL, TensorFlow, Python, Machine Learning",On-site,Jun,326,Build predictive models and perform advanced analytics.
13874,Business Analyst,Analytica,Enterprise,Singapore,Mid,Master's,49035,"Tableau, SQL, Excel, Power BI",Hybrid,Nov,101,Gather requirements and improve business processes through data insights.
13875,Data Scientist,Analytica,Enterprise,Canada,Entry,Master's,59551,"TensorFlow, Python, PyTorch, Machine Learning, SQL",Hybrid,Mar,306,Build predictive models and perform advanced analytics.
13876,AI Engineer,NextGen AI,Startup,Canada,Senior,Master's,195153,"PyTorch, Python, Machine Learning",Hybrid,Aug,76,Build AI systems using deep learning and generative AI technologies.
13877,Data Analyst,InnoSoft,Enterprise,UK,Entry,Bachelor's,43605,"DAX, SQL, Python",On-site,Mar,336,Analyze business data and create reports and dashboards.
13878,Data Engineer,CloudMatrix,Medium,India,Entry,Master's,39274,"SQL, Spark, Python, AWS",On-site,Jun,421,Design and maintain data pipelines and data warehouses.
13879,Business Analyst,NextGen AI,Startup,Germany,Mid,Master's,47057,"Power BI, SQL, Tableau, Excel",Hybrid,Sep,114,Gather requirements and improve business processes through data insights.
13880,BI Developer,Insight Corp,Enterprise,USA,Senior,PhD,104315,"DAX, Excel, Power BI",Remote,Feb,100,Develop interactive dashboards and business intelligence solutions.
13881,Data Engineer,TechNova,Startup,USA,Mid,Master's,126490,"Python, AWS, Spark, SQL",Hybrid,Jan,63,Design and maintain data pipelines and data warehouses.
13882,Data Scientist,Insight Corp,Enterprise,Singapore,Senior,PhD,158785,"PyTorch, Machine Learning, SQL, Python",Remote,Nov,198,Build predictive models and perform advanced analytics.
13883,Data Scientist,NextGen AI,Startup,USA,Entry,Bachelor's,100634,"SQL, Python, TensorFlow, PyTorch, Machine Learning",On-site,Feb,352,Build predictive models and perform advanced analytics.
13884,AI Engineer,ByteWorks,Startup,Singapore,Entry,Bachelor's,139519,"Python, AWS, TensorFlow",Hybrid,Nov,368,Build AI systems using deep learning and generative AI technologies.
13885,Data Analyst,TechNova,Startup,UK,Senior,PhD,70532,"Tableau, DAX, SQL",On-site,Oct,89,Analyze business data and create reports and dashboards.
13886,ML Engineer,Analytica,Enterprise,India,Mid,Master's,58166,"TensorFlow, PyTorch, Machine Learning, AWS",Hybrid,Nov,316,Deploy and optimize machine learning models in production.
13887,Data Analyst,DataSphere,Medium,UK,Mid,Master's,64578,"DAX, SQL, Power BI, Python",Remote,Mar,139,Analyze business data and create reports and dashboards.
13888,BI Developer,TechNova,Startup,Singapore,Entry,Master's,78766,"SQL, Excel, DAX",On-site,Nov,396,Develop interactive dashboards and business intelligence solutions.
13889,BI Developer,DataSphere,Medium,Canada,Entry,Bachelor's,76324,"DAX, Power BI, SQL, Excel",Hybrid,Oct,167,Develop interactive dashboards and business intelligence solutions.
13890,BI Developer,NextGen AI,Startup,UK,Senior,Master's,80458,"Excel, SQL, DAX, Power BI",Hybrid,Aug,56,Develop interactive dashboards and business intelligence solutions.
13891,Data Scientist,CloudMatrix,Medium,Australia,Entry,Master's,97857,"TensorFlow, SQL, Machine Learning, Python, PyTorch",On-site,Sep,301,Build predictive models and perform advanced analytics.
13892,BI Developer,CloudMatrix,Medium,Singapore,Entry,Master's,52071,"DAX, Excel, Power BI, SQL",On-site,Sep,178,Develop interactive dashboards and business intelligence solutions.
13893,AI Engineer,Insight Corp,Enterprise,Germany,Mid,Bachelor's,101826,"Python, AWS, Machine Learning, PyTorch",Remote,Mar,164,Build AI systems using deep learning and generative AI technologies.
13894,Data Analyst,Analytica,Enterprise,Germany,Entry,Bachelor's,43722,"DAX, Tableau, SQL, Excel, Python",On-site,Apr,272,Analyze business data and create reports and dashboards.
13895,Business Analyst,TechNova,Startup,Singapore,Entry,Bachelor's,41251,"Excel, Tableau, SQL",Remote,Oct,332,Gather requirements and improve business processes through data insights.
13896,BI Developer,Analytica,Enterprise,Canada,Senior,PhD,78197,"SQL, DAX, Excel, Power BI",Hybrid,Nov,89,Develop interactive dashboards and business intelligence solutions.
13897,ML Engineer,NextGen AI,Startup,USA,Mid,Bachelor's,135852,"AWS, Machine Learning, TensorFlow, Python",Remote,Mar,90,Deploy and optimize machine learning models in production.
13898,Data Scientist,Insight Corp,Enterprise,Germany,Entry,Master's,87525,"TensorFlow, Machine Learning, PyTorch, SQL, Python",Hybrid,Jul,281,Build predictive models and perform advanced analytics.
13899,Business Analyst,DataSphere,Medium,UK,Senior,PhD,88380,"Power BI, SQL, Excel, Tableau",Remote,Jun,203,Gather requirements and improve business processes through data insights.
13900,Business Analyst,Analytica,Enterprise,Germany,Senior,PhD,100241,"SQL, Tableau, Power BI, Excel",Hybrid,Sep,244,Gather requirements and improve business processes through data insights.
13901,Data Scientist,Insight Corp,Enterprise,Germany,Mid,Master's,131554,"SQL, Python, Machine Learning, PyTorch",Remote,Jun,219,Build predictive models and perform advanced analytics.
13902,AI Engineer,TechNova,Startup,Germany,Mid,Master's,186932,"Python, Machine Learning, TensorFlow, AWS",On-site,Oct,155,Build AI systems using deep learning and generative AI technologies.
13903,Business Analyst,CloudMatrix,Medium,Germany,Mid,Bachelor's,45204,"Power BI, SQL, Tableau, Excel",On-site,Dec,129,Gather requirements and improve business processes through data insights.
13904,Data Engineer,TechNova,Startup,Australia,Mid,Bachelor's,142977,"AWS, Python, Spark, SQL",On-site,Dec,154,Design and maintain data pipelines and data warehouses.
13905,BI Developer,DataSphere,Medium,Germany,Entry,Master's,72407,"Power BI, SQL, DAX, Excel",On-site,Mar,234,Develop interactive dashboards and business intelligence solutions.
13906,Data Analyst,InnoSoft,Enterprise,Australia,Mid,Bachelor's,67155,"DAX, Excel, Tableau, Power BI, SQL",Remote,Aug,193,Analyze business data and create reports and dashboards.
13907,Data Scientist,NextGen AI,Startup,Canada,Senior,PhD,112297,"PyTorch, SQL, TensorFlow, Python",Hybrid,Nov,125,Build predictive models and perform advanced analytics.
13908,Data Analyst,InnoSoft,Enterprise,Singapore,Mid,Master's,79025,"Tableau, SQL, Excel, Python, Power BI",Hybrid,Sep,120,Analyze business data and create reports and dashboards.
13909,AI Engineer,Insight Corp,Enterprise,UK,Mid,Master's,190157,"AWS, PyTorch, Python",Hybrid,Nov,224,Build AI systems using deep learning and generative AI technologies.
13910,ML Engineer,CloudMatrix,Medium,USA,Entry,Bachelor's,147060,"Machine Learning, Python, AWS",Remote,Aug,398,Deploy and optimize machine learning models in production.
13911,ML Engineer,Insight Corp,Enterprise,Australia,Mid,Bachelor's,132404,"PyTorch, AWS, Python",Remote,Jul,246,Deploy and optimize machine learning models in production.
13912,AI Engineer,TechNova,Startup,UK,Mid,Master's,115449,"PyTorch, Machine Learning, AWS",Remote,Nov,63,Build AI systems using deep learning and generative AI technologies.
13913,AI Engineer,DataSphere,Medium,UK,Mid,Master's,140943,"PyTorch, AWS, TensorFlow, Python, Machine Learning",Remote,Jun,65,Build AI systems using deep learning and generative AI technologies.
13914,Data Engineer,Insight Corp,Enterprise,USA,Entry,Master's,114280,"Python, Spark, AWS, SQL",Hybrid,May,195,Design and maintain data pipelines and data warehouses.
13915,Data Engineer,TechNova,Startup,Australia,Mid,Master's,149689,"Spark, SQL, Python",Remote,Feb,94,Design and maintain data pipelines and data warehouses.
13916,Data Engineer,TechNova,Startup,UK,Entry,Bachelor's,111107,"AWS, Spark, Python, SQL",On-site,Nov,383,Design and maintain data pipelines and data warehouses.
13917,Data Scientist,Insight Corp,Enterprise,India,Entry,Master's,53031,"Machine Learning, SQL, TensorFlow, PyTorch, Python",Remote,Sep,337,Build predictive models and perform advanced analytics.
13918,Business Analyst,Analytica,Enterprise,Germany,Mid,Master's,75171,"SQL, Tableau, Excel",Hybrid,Jul,199,Gather requirements and improve business processes through data insights.
13919,Data Engineer,Insight Corp,Enterprise,UK,Entry,Bachelor's,69958,"Python, AWS, Spark",Hybrid,Jun,329,Design and maintain data pipelines and data warehouses.
13920,AI Engineer,DataSphere,Medium,Singapore,Entry,Bachelor's,117727,"Machine Learning, Python, TensorFlow, PyTorch",Hybrid,Dec,393,Build AI systems using deep learning and generative AI technologies.
13921,BI Developer,Insight Corp,Enterprise,USA,Mid,Master's,97161,"DAX, Excel, SQL, Power BI",Remote,Dec,101,Develop interactive dashboards and business intelligence solutions.
13922,Data Engineer,Analytica,Enterprise,Australia,Entry,Bachelor's,128353,"SQL, AWS, Spark",Remote,Apr,194,Design and maintain data pipelines and data warehouses.
13923,Business Analyst,DataSphere,Medium,Canada,Entry,Master's,49345,"Excel, Tableau, SQL, Power BI",Remote,Apr,283,Gather requirements and improve business processes through data insights.
13924,Business Analyst,Analytica,Enterprise,Australia,Senior,Master's,61462,"SQL, Excel, Power BI",Hybrid,Mar,181,Gather requirements and improve business processes through data insights.
13925,Data Analyst,Insight Corp,Enterprise,Canada,Mid,Master's,64469,"Tableau, DAX, Python, SQL",Remote,Oct,131,Analyze business data and create reports and dashboards.
13926,BI Developer,Analytica,Enterprise,India,Senior,Master's,37622,"SQL, Excel, DAX, Power BI",Hybrid,Mar,192,Develop interactive dashboards and business intelligence solutions.
13927,BI Developer,DataSphere,Medium,Germany,Entry,Master's,52336,"Power BI, Excel, DAX",On-site,Apr,345,Develop interactive dashboards and business intelligence solutions.
13928,BI Developer,TechNova,Startup,USA,Senior,Master's,86214,"Power BI, Excel, SQL, DAX",Hybrid,Apr,137,Develop interactive dashboards and business intelligence solutions.
13929,Business Analyst,CloudMatrix,Medium,UK,Entry,Bachelor's,60093,"Excel, Power BI, SQL",On-site,Oct,319,Gather requirements and improve business processes through data insights.
13930,ML Engineer,Analytica,Enterprise,UK,Mid,Bachelor's,149890,"Python, AWS, TensorFlow",Hybrid,Nov,123,Deploy and optimize machine learning models in production.
13931,Data Analyst,ByteWorks,Startup,USA,Entry,Master's,53972,"DAX, Power BI, Tableau, SQL",Remote,Nov,210,Analyze business data and create reports and dashboards.
13932,AI Engineer,NextGen AI,Startup,Germany,Entry,Bachelor's,148833,"PyTorch, Python, Machine Learning",On-site,Feb,211,Build AI systems using deep learning and generative AI technologies.
13933,Business Analyst,Insight Corp,Enterprise,Canada,Senior,PhD,87998,"Power BI, Excel, Tableau, SQL",On-site,Sep,188,Gather requirements and improve business processes through data insights.
13934,Data Engineer,Insight Corp,Enterprise,Canada,Entry,Master's,94722,"AWS, Python, Spark, SQL",Remote,May,450,Design and maintain data pipelines and data warehouses.
13935,AI Engineer,Insight Corp,Enterprise,USA,Mid,Bachelor's,185861,"PyTorch, Python, TensorFlow, Machine Learning, AWS",Hybrid,May,142,Build AI systems using deep learning and generative AI technologies.
13936,BI Developer,Insight Corp,Enterprise,Canada,Mid,Bachelor's,78408,"DAX, Excel, Power BI",Remote,Jun,174,Develop interactive dashboards and business intelligence solutions.
13937,Business Analyst,ByteWorks,Startup,Canada,Entry,Bachelor's,34956,"SQL, Excel, Tableau, Power BI",On-site,Feb,351,Gather requirements and improve business processes through data insights.
13938,Business Analyst,DataSphere,Medium,USA,Mid,Master's,90897,"SQL, Tableau, Power BI",Remote,Mar,137,Gather requirements and improve business processes through data insights.
13939,ML Engineer,Analytica,Enterprise,Singapore,Entry,Bachelor's,125831,"TensorFlow, PyTorch, Python",Remote,Sep,252,Deploy and optimize machine learning models in production.
13940,ML Engineer,NextGen AI,Startup,Canada,Mid,Bachelor's,116220,"TensorFlow, AWS, Python",Hybrid,Aug,123,Deploy and optimize machine learning models in production.
13941,BI Developer,DataSphere,Medium,UK,Mid,Bachelor's,72213,"SQL, Power BI, Excel, DAX",Remote,Oct,172,Develop interactive dashboards and business intelligence solutions.
13942,Data Engineer,Analytica,Enterprise,Germany,Entry,Master's,111479,"Spark, AWS, Python, SQL",On-site,Jun,214,Design and maintain data pipelines and data warehouses.
13943,ML Engineer,InnoSoft,Enterprise,Germany,Senior,PhD,152431,"PyTorch, Python, Machine Learning, AWS",Hybrid,Sep,72,Deploy and optimize machine learning models in production.
13944,Data Engineer,DataSphere,Medium,UK,Entry,Master's,79262,"AWS, Spark, Python",Remote,Mar,373,Design and maintain data pipelines and data warehouses.
13945,AI Engineer,TechNova,Startup,Germany,Entry,Bachelor's,104648,"PyTorch, TensorFlow, AWS, Python",Hybrid,May,468,Build AI systems using deep learning and generative AI technologies.
13946,Data Engineer,Analytica,Enterprise,Singapore,Entry,Master's,126636,"SQL, Python, AWS, Spark",Remote,Apr,185,Design and maintain data pipelines and data warehouses.
13947,AI Engineer,TechNova,Startup,Australia,Entry,Bachelor's,90560,"TensorFlow, Machine Learning, Python, AWS",Remote,Jan,441,Build AI systems using deep learning and generative AI technologies.
13948,ML Engineer,Analytica,Enterprise,Australia,Senior,Master's,180113,"Machine Learning, Python, TensorFlow",Hybrid,Mar,115,Deploy and optimize machine learning models in production.
13949,Data Analyst,InnoSoft,Enterprise,Canada,Mid,Bachelor's,77870,"SQL, Excel, Python",On-site,Aug,203,Analyze business data and create reports and dashboards.
13950,AI Engineer,InnoSoft,Enterprise,Canada,Entry,Bachelor's,116602,"Machine Learning, Python, TensorFlow, AWS, PyTorch",Hybrid,Feb,204,Build AI systems using deep learning and generative AI technologies.
13951,AI Engineer,Analytica,Enterprise,Germany,Mid,Bachelor's,153867,"Python, Machine Learning, PyTorch, AWS",Hybrid,Jun,77,Build AI systems using deep learning and generative AI technologies.
13952,BI Developer,Insight Corp,Enterprise,India,Mid,Bachelor's,45331,"Power BI, SQL, DAX, Excel",Remote,Jun,261,Develop interactive dashboards and business intelligence solutions.
13953,AI Engineer,Analytica,Enterprise,Canada,Entry,Bachelor's,80245,"Machine Learning, PyTorch, TensorFlow, AWS",Hybrid,Oct,209,Build AI systems using deep learning and generative AI technologies.
13954,AI Engineer,Analytica,Enterprise,Singapore,Entry,Bachelor's,119135,"PyTorch, Machine Learning, AWS, Python, TensorFlow",Hybrid,Jan,288,Build AI systems using deep learning and generative AI technologies.
13955,Business Analyst,DataSphere,Medium,USA,Mid,Bachelor's,56371,"SQL, Tableau, Excel, Power BI",Remote,Feb,187,Gather requirements and improve business processes through data insights.
13956,Business Analyst,TechNova,Startup,Singapore,Senior,PhD,69409,"SQL, Tableau, Excel",Remote,Jan,63,Gather requirements and improve business processes through data insights.
13957,Data Scientist,Analytica,Enterprise,Singapore,Entry,Master's,88217,"PyTorch, Machine Learning, SQL",Remote,Jul,412,Build predictive models and perform advanced analytics.
13958,BI Developer,Insight Corp,Enterprise,Germany,Entry,Bachelor's,49533,"SQL, Excel, Power BI, DAX",Remote,Jun,283,Develop interactive dashboards and business intelligence solutions.
13959,ML Engineer,Insight Corp,Enterprise,USA,Senior,Master's,178785,"AWS, Machine Learning, TensorFlow, PyTorch",Remote,Mar,162,Deploy and optimize machine learning models in production.
13960,Data Scientist,Analytica,Enterprise,Germany,Entry,Master's,98876,"TensorFlow, PyTorch, Python, SQL",Hybrid,Dec,426,Build predictive models and perform advanced analytics.
13961,AI Engineer,InnoSoft,Enterprise,Singapore,Entry,Master's,159883,"PyTorch, Machine Learning, AWS",Remote,Sep,459,Build AI systems using deep learning and generative AI technologies.
13962,Data Analyst,ByteWorks,Startup,Canada,Entry,Bachelor's,42879,"SQL, Excel, Power BI, Python, Tableau",Remote,Jul,409,Analyze business data and create reports and dashboards.
13963,Data Analyst,DataSphere,Medium,Canada,Entry,Master's,57369,"Python, DAX, Excel",Hybrid,Mar,354,Analyze business data and create reports and dashboards.
13964,BI Developer,TechNova,Startup,India,Entry,Bachelor's,30200,"Excel, DAX, SQL",On-site,Jun,451,Develop interactive dashboards and business intelligence solutions.
13965,Data Engineer,CloudMatrix,Medium,Canada,Senior,PhD,142001,"AWS, SQL, Spark, Python",Remote,Mar,159,Design and maintain data pipelines and data warehouses.
13966,BI Developer,Insight Corp,Enterprise,USA,Mid,Master's,67236,"Power BI, Excel, SQL, DAX",On-site,Jul,237,Develop interactive dashboards and business intelligence solutions.
13967,Data Engineer,Insight Corp,Enterprise,UK,Senior,Master's,207655,"AWS, Spark, SQL, Python",Remote,Jun,133,Design and maintain data pipelines and data warehouses.
13968,Business Analyst,TechNova,Startup,Australia,Mid,Bachelor's,69591,"Tableau, Power BI, SQL, Excel",Remote,Feb,185,Gather requirements and improve business processes through data insights.
13969,AI Engineer,NextGen AI,Startup,Singapore,Senior,PhD,168426,"Machine Learning, TensorFlow, AWS",Hybrid,Mar,122,Build AI systems using deep learning and generative AI technologies.
13970,Business Analyst,Analytica,Enterprise,India,Entry,Master's,18248,"Tableau, Excel, SQL, Power BI",On-site,Jun,515,Gather requirements and improve business processes through data insights.
13971,Data Scientist,TechNova,Startup,Canada,Entry,Bachelor's,79679,"Python, Machine Learning, TensorFlow, PyTorch",Hybrid,May,304,Build predictive models and perform advanced analytics.
13972,BI Developer,ByteWorks,Startup,Canada,Mid,Bachelor's,60668,"DAX, SQL, Excel",On-site,Jul,209,Develop interactive dashboards and business intelligence solutions.
13973,Data Scientist,CloudMatrix,Medium,UK,Senior,Master's,173957,"Machine Learning, TensorFlow, Python",On-site,Feb,195,Build predictive models and perform advanced analytics.
13974,Data Scientist,DataSphere,Medium,Australia,Entry,Master's,66994,"Python, SQL, PyTorch, Machine Learning",On-site,Aug,405,Build predictive models and perform advanced analytics.
13975,Data Engineer,TechNova,Startup,UK,Mid,Master's,118897,"Python, SQL, AWS, Spark",Remote,Oct,171,Design and maintain data pipelines and data warehouses.
13976,Business Analyst,Analytica,Enterprise,Canada,Mid,Bachelor's,45793,"Tableau, SQL, Power BI, Excel",Remote,Oct,71,Gather requirements and improve business processes through data insights.
13977,ML Engineer,Analytica,Enterprise,India,Entry,Master's,50955,"AWS, Python, PyTorch, Machine Learning",Hybrid,Feb,407,Deploy and optimize machine learning models in production.
13978,Data Analyst,CloudMatrix,Medium,Australia,Entry,Bachelor's,67264,"Python, DAX, SQL",Hybrid,Mar,161,Analyze business data and create reports and dashboards.
13979,ML Engineer,DataSphere,Medium,USA,Mid,Bachelor's,197935,"Python, PyTorch, Machine Learning, AWS, TensorFlow",On-site,Sep,105,Deploy and optimize machine learning models in production.
13980,Data Analyst,ByteWorks,Startup,UK,Entry,Bachelor's,56342,"Power BI, DAX, Tableau, Python",Remote,Feb,485,Analyze business data and create reports and dashboards.
13981,BI Developer,Insight Corp,Enterprise,India,Entry,Master's,35049,"DAX, SQL, Power BI",Remote,Mar,374,Develop interactive dashboards and business intelligence solutions.
13982,Data Engineer,CloudMatrix,Medium,UK,Mid,Bachelor's,102296,"Python, SQL, AWS",Hybrid,Jun,160,Design and maintain data pipelines and data warehouses.
13983,BI Developer,Insight Corp,Enterprise,Australia,Senior,Master's,108849,"DAX, Excel, SQL",Remote,Sep,130,Develop interactive dashboards and business intelligence solutions.
13984,ML Engineer,InnoSoft,Enterprise,Canada,Senior,Master's,162548,"AWS, PyTorch, Machine Learning, TensorFlow",Hybrid,Mar,212,Deploy and optimize machine learning models in production.
13985,BI Developer,InnoSoft,Enterprise,Canada,Mid,Master's,62755,"Power BI, SQL, DAX, Excel",Remote,May,157,Develop interactive dashboards and business intelligence solutions.
13986,Data Engineer,Analytica,Enterprise,Germany,Senior,Master's,144671,"AWS, Python, Spark",Remote,Jan,89,Design and maintain data pipelines and data warehouses.
13987,Business Analyst,DataSphere,Medium,Australia,Mid,Master's,78148,"Power BI, SQL, Excel, Tableau",On-site,Sep,158,Gather requirements and improve business processes through data insights.
13988,Data Analyst,Analytica,Enterprise,USA,Mid,Master's,59845,"Python, Tableau, Power BI",Hybrid,Jul,126,Analyze business data and create reports and dashboards.
13989,AI Engineer,Analytica,Enterprise,Australia,Senior,Master's,162560,"TensorFlow, AWS, PyTorch, Machine Learning, Python",Hybrid,May,195,Build AI systems using deep learning and generative AI technologies.
13990,AI Engineer,Analytica,Enterprise,India,Senior,PhD,92903,"Machine Learning, PyTorch, AWS, TensorFlow",On-site,Jun,293,Build AI systems using deep learning and generative AI technologies.
13991,Data Scientist,Analytica,Enterprise,Singapore,Senior,Master's,155234,"SQL, Python, Machine Learning, PyTorch, TensorFlow",On-site,Aug,226,Build predictive models and perform advanced analytics.
13992,Data Engineer,NextGen AI,Startup,Singapore,Senior,PhD,217822,"SQL, AWS, Spark",On-site,Jun,168,Design and maintain data pipelines and data warehouses.
13993,BI Developer,Insight Corp,Enterprise,USA,Mid,Master's,87495,"Excel, DAX, Power BI, SQL",Hybrid,Nov,246,Develop interactive dashboards and business intelligence solutions.
13994,Data Analyst,NextGen AI,Startup,Singapore,Entry,Master's,44487,"Power BI, DAX, Excel",On-site,Jun,214,Analyze business data and create reports and dashboards.
13995,Business Analyst,InnoSoft,Enterprise,USA,Entry,Bachelor's,56307,"Power BI, SQL, Tableau",Hybrid,Mar,313,Gather requirements and improve business processes through data insights.
13996,AI Engineer,ByteWorks,Startup,Australia,Entry,Bachelor's,138126,"TensorFlow, Python, AWS, PyTorch, Machine Learning",Remote,Apr,415,Build AI systems using deep learning and generative AI technologies.
13997,AI Engineer,Analytica,Enterprise,Singapore,Entry,Bachelor's,95210,"Python, PyTorch, Machine Learning",Hybrid,Feb,359,Build AI systems using deep learning and generative AI technologies.
13998,BI Developer,DataSphere,Medium,Singapore,Entry,Master's,57073,"DAX, SQL, Excel, Power BI",Hybrid,Sep,221,Develop interactive dashboards and business intelligence solutions.
13999,Data Scientist,ByteWorks,Startup,Canada,Entry,Bachelor's,66652,"TensorFlow, Python, Machine Learning, PyTorch",On-site,Feb,297,Build predictive models and perform advanced analytics.
14000,AI Engineer,CloudMatrix,Medium,India,Entry,Bachelor's,76101,"PyTorch, Machine Learning, Python, AWS, TensorFlow",Remote,Aug,372,Build AI systems using deep learning and generative AI technologies.
14001,Data Scientist,NextGen AI,Startup,USA,Mid,Bachelor's,148951,"Machine Learning, SQL, TensorFlow, PyTorch",Hybrid,Sep,135,Build predictive models and perform advanced analytics.
14002,Data Analyst,InnoSoft,Enterprise,Germany,Senior,PhD,80366,"DAX, SQL, Python, Power BI",On-site,Apr,150,Analyze business data and create reports and dashboards.
14003,Data Analyst,TechNova,Startup,Germany,Entry,Bachelor's,70164,"SQL, Power BI, Excel, Python",Remote,Jan,291,Analyze business data and create reports and dashboards.
14004,AI Engineer,ByteWorks,Startup,Singapore,Senior,Master's,188055,"PyTorch, TensorFlow, Machine Learning",Hybrid,Dec,237,Build AI systems using deep learning and generative AI technologies.
14005,Data Engineer,DataSphere,Medium,Germany,Mid,Master's,104187,"Spark, SQL, Python, AWS",Hybrid,Nov,226,Design and maintain data pipelines and data warehouses.
14006,Data Scientist,Insight Corp,Enterprise,USA,Mid,Master's,135475,"PyTorch, SQL, Python",On-site,Jun,175,Build predictive models and perform advanced analytics.
14007,AI Engineer,Analytica,Enterprise,UK,Mid,Bachelor's,188190,"PyTorch, Machine Learning, AWS, TensorFlow",Remote,Dec,189,Build AI systems using deep learning and generative AI technologies.
14008,ML Engineer,Insight Corp,Enterprise,USA,Entry,Master's,86235,"AWS, Python, Machine Learning, TensorFlow, PyTorch",Hybrid,May,254,Deploy and optimize machine learning models in production.
14009,BI Developer,NextGen AI,Startup,UK,Mid,Bachelor's,58560,"Excel, Power BI, SQL, DAX",Remote,Apr,234,Develop interactive dashboards and business intelligence solutions.
14010,Business Analyst,CloudMatrix,Medium,Australia,Entry,Master's,36495,"Power BI, Excel, SQL, Tableau",Hybrid,Jul,190,Gather requirements and improve business processes through data insights.
14011,ML Engineer,NextGen AI,Startup,Germany,Senior,PhD,214410,"TensorFlow, PyTorch, Python",Hybrid,Jun,221,Deploy and optimize machine learning models in production.
14012,Data Engineer,Analytica,Enterprise,Australia,Entry,Master's,93555,"Python, SQL, AWS, Spark",Remote,Sep,203,Design and maintain data pipelines and data warehouses.
14013,Business Analyst,ByteWorks,Startup,USA,Senior,Master's,82491,"Tableau, Power BI, SQL, Excel",Remote,Sep,81,Gather requirements and improve business processes through data insights.
14014,Data Scientist,Analytica,Enterprise,India,Mid,Master's,44420,"Machine Learning, TensorFlow, SQL, Python, PyTorch",On-site,May,200,Build predictive models and perform advanced analytics.
14015,Data Engineer,InnoSoft,Enterprise,Canada,Mid,Master's,147077,"SQL, Spark, Python, AWS",Hybrid,Feb,104,Design and maintain data pipelines and data warehouses.
14016,AI Engineer,InnoSoft,Enterprise,India,Mid,Master's,61035,"AWS, PyTorch, Python, TensorFlow, Machine Learning",Hybrid,Feb,293,Build AI systems using deep learning and generative AI technologies.
14017,BI Developer,NextGen AI,Startup,Germany,Mid,Bachelor's,66333,"DAX, SQL, Power BI, Excel",Hybrid,Nov,62,Develop interactive dashboards and business intelligence solutions.
14018,ML Engineer,InnoSoft,Enterprise,Singapore,Mid,Bachelor's,162540,"PyTorch, Python, TensorFlow, Machine Learning",Remote,Apr,182,Deploy and optimize machine learning models in production.
14019,Data Analyst,DataSphere,Medium,India,Entry,Master's,29619,"Python, Tableau, DAX",Hybrid,Dec,307,Analyze business data and create reports and dashboards.
14020,ML Engineer,TechNova,Startup,Singapore,Entry,Bachelor's,131655,"Python, PyTorch, Machine Learning, AWS",Remote,Jul,256,Deploy and optimize machine learning models in production.
14021,AI Engineer,CloudMatrix,Medium,Germany,Entry,Master's,88293,"AWS, Python, PyTorch, TensorFlow, Machine Learning",On-site,May,323,Build AI systems using deep learning and generative AI technologies.
14022,BI Developer,NextGen AI,Startup,India,Entry,Master's,31118,"Excel, Power BI, DAX, SQL",On-site,Jul,572,Develop interactive dashboards and business intelligence solutions.
14023,AI Engineer,CloudMatrix,Medium,Australia,Entry,Master's,105768,"PyTorch, TensorFlow, Python",Remote,Apr,276,Build AI systems using deep learning and generative AI technologies.
14024,Data Analyst,CloudMatrix,Medium,Germany,Mid,Bachelor's,84784,"Power BI, Python, DAX, Tableau",Hybrid,Jun,226,Analyze business data and create reports and dashboards.
14025,Data Analyst,Analytica,Enterprise,Singapore,Senior,PhD,111002,"Tableau, Excel, Python, DAX",Remote,Dec,159,Analyze business data and create reports and dashboards.
14026,Business Analyst,ByteWorks,Startup,India,Senior,PhD,48658,"SQL, Excel, Tableau, Power BI",Hybrid,May,309,Gather requirements and improve business processes through data insights.
14027,AI Engineer,DataSphere,Medium,Singapore,Mid,Master's,116853,"PyTorch, TensorFlow, Machine Learning",Hybrid,Sep,96,Build AI systems using deep learning and generative AI technologies.
14028,BI Developer,NextGen AI,Startup,Canada,Mid,Bachelor's,80126,"Power BI, SQL, Excel",Remote,Jul,62,Develop interactive dashboards and business intelligence solutions.
14029,ML Engineer,NextGen AI,Startup,UK,Senior,Master's,145379,"Machine Learning, TensorFlow, AWS, Python, PyTorch",Remote,Sep,201,Deploy and optimize machine learning models in production.
14030,AI Engineer,DataSphere,Medium,UK,Mid,Master's,190302,"Python, Machine Learning, PyTorch, AWS",Remote,Dec,82,Build AI systems using deep learning and generative AI technologies.
14031,BI Developer,Analytica,Enterprise,Germany,Mid,Bachelor's,63810,"Excel, DAX, Power BI, SQL",Remote,Mar,180,Develop interactive dashboards and business intelligence solutions.
14032,Data Scientist,InnoSoft,Enterprise,Canada,Mid,Master's,86421,"PyTorch, Machine Learning, Python, TensorFlow, SQL",Remote,Jun,135,Build predictive models and perform advanced analytics.
14033,AI Engineer,DataSphere,Medium,Germany,Senior,Master's,167520,"AWS, PyTorch, Machine Learning, Python, TensorFlow",Remote,Jun,69,Build AI systems using deep learning and generative AI technologies.
14034,Business Analyst,Analytica,Enterprise,Singapore,Senior,Master's,78965,"SQL, Tableau, Power BI, Excel",On-site,Feb,250,Gather requirements and improve business processes through data insights.
14035,AI Engineer,InnoSoft,Enterprise,Canada,Mid,Bachelor's,154653,"AWS, TensorFlow, PyTorch",On-site,Aug,210,Build AI systems using deep learning and generative AI technologies.
14036,Business Analyst,Analytica,Enterprise,India,Mid,Master's,31783,"Excel, Power BI, Tableau",Remote,Feb,324,Gather requirements and improve business processes through data insights.
14037,Business Analyst,CloudMatrix,Medium,India,Entry,Master's,26353,"Tableau, Power BI, SQL, Excel",Hybrid,May,396,Gather requirements and improve business processes through data insights.
14038,ML Engineer,Insight Corp,Enterprise,Germany,Mid,Bachelor's,140535,"Python, AWS, Machine Learning",Remote,Feb,231,Deploy and optimize machine learning models in production.
14039,AI Engineer,InnoSoft,Enterprise,Canada,Senior,Master's,213329,"PyTorch, Python, TensorFlow, AWS",On-site,Feb,189,Build AI systems using deep learning and generative AI technologies.
14040,BI Developer,DataSphere,Medium,USA,Entry,Bachelor's,74854,"Excel, Power BI, DAX, SQL",Hybrid,Sep,258,Develop interactive dashboards and business intelligence solutions.
14041,Data Scientist,Insight Corp,Enterprise,Canada,Mid,Bachelor's,142886,"Machine Learning, TensorFlow, SQL",Remote,Nov,70,Build predictive models and perform advanced analytics.
14042,AI Engineer,NextGen AI,Startup,Canada,Senior,PhD,137955,"TensorFlow, AWS, Machine Learning, PyTorch",Hybrid,Jul,56,Build AI systems using deep learning and generative AI technologies.
14043,AI Engineer,InnoSoft,Enterprise,Singapore,Mid,Master's,172401,"Machine Learning, TensorFlow, Python",Hybrid,Aug,177,Build AI systems using deep learning and generative AI technologies.
14044,AI Engineer,Analytica,Enterprise,Germany,Entry,Bachelor's,92201,"AWS, Python, PyTorch, Machine Learning, TensorFlow",Remote,Jan,301,Build AI systems using deep learning and generative AI technologies.
14045,Business Analyst,Insight Corp,Enterprise,India,Mid,Master's,31550,"Tableau, Power BI, Excel",On-site,Apr,279,Gather requirements and improve business processes through data insights.
14046,ML Engineer,InnoSoft,Enterprise,Australia,Senior,PhD,132399,"AWS, Machine Learning, TensorFlow",Remote,Jul,104,Deploy and optimize machine learning models in production.
14047,ML Engineer,CloudMatrix,Medium,India,Senior,PhD,108532,"AWS, Machine Learning, PyTorch, TensorFlow, Python",Hybrid,Oct,228,Deploy and optimize machine learning models in production.
14048,ML Engineer,CloudMatrix,Medium,Germany,Mid,Bachelor's,165974,"Python, AWS, PyTorch, TensorFlow, Machine Learning",Remote,Nov,71,Deploy and optimize machine learning models in production.
14049,AI Engineer,TechNova,Startup,Germany,Mid,Master's,127337,"PyTorch, Python, AWS, Machine Learning, TensorFlow",Hybrid,Nov,107,Build AI systems using deep learning and generative AI technologies.
14050,Data Engineer,ByteWorks,Startup,Germany,Mid,Bachelor's,147139,"Spark, Python, AWS, SQL",On-site,Mar,188,Design and maintain data pipelines and data warehouses.
14051,Data Scientist,CloudMatrix,Medium,India,Mid,Master's,43039,"TensorFlow, Machine Learning, Python",Remote,Jul,198,Build predictive models and perform advanced analytics.
14052,BI Developer,DataSphere,Medium,Australia,Entry,Master's,64894,"Excel, Power BI, SQL, DAX",Remote,Dec,339,Develop interactive dashboards and business intelligence solutions.
14053,Data Analyst,TechNova,Startup,UK,Entry,Master's,50207,"SQL, Tableau, Power BI, Excel",Remote,Jul,465,Analyze business data and create reports and dashboards.
14054,Data Analyst,InnoSoft,Enterprise,Singapore,Mid,Master's,88352,"Python, SQL, Excel",Hybrid,Nov,155,Analyze business data and create reports and dashboards.
14055,BI Developer,ByteWorks,Startup,Australia,Entry,Bachelor's,61558,"DAX, Excel, SQL",On-site,Nov,392,Develop interactive dashboards and business intelligence solutions.
14056,BI Developer,CloudMatrix,Medium,USA,Senior,Master's,86960,"SQL, DAX, Power BI",On-site,May,95,Develop interactive dashboards and business intelligence solutions.
14057,Data Analyst,TechNova,Startup,Australia,Entry,Master's,46633,"DAX, Excel, SQL, Python",Remote,Dec,438,Analyze business data and create reports and dashboards.
14058,Business Analyst,NextGen AI,Startup,India,Entry,Bachelor's,22396,"Excel, Power BI, SQL, Tableau",On-site,Feb,332,Gather requirements and improve business processes through data insights.
14059,AI Engineer,Analytica,Enterprise,Australia,Senior,Master's,243891,"PyTorch, TensorFlow, Machine Learning, Python, AWS",On-site,Feb,218,Build AI systems using deep learning and generative AI technologies.
14060,Data Scientist,InnoSoft,Enterprise,Germany,Senior,PhD,125974,"SQL, TensorFlow, Python",Hybrid,Nov,70,Build predictive models and perform advanced analytics.
14061,Data Engineer,ByteWorks,Startup,USA,Entry,Master's,93844,"Spark, AWS, SQL, Python",Hybrid,Dec,235,Design and maintain data pipelines and data warehouses.
14062,ML Engineer,CloudMatrix,Medium,India,Mid,Master's,76726,"AWS, Python, TensorFlow, PyTorch",Remote,Sep,204,Deploy and optimize machine learning models in production.
14063,Data Scientist,InnoSoft,Enterprise,Australia,Mid,Bachelor's,110331,"SQL, PyTorch, Python, Machine Learning, TensorFlow",Hybrid,Feb,163,Build predictive models and perform advanced analytics.
14064,Data Engineer,NextGen AI,Startup,Australia,Mid,Bachelor's,97113,"AWS, Python, SQL, Spark",Hybrid,Mar,176,Design and maintain data pipelines and data warehouses.
14065,Business Analyst,Analytica,Enterprise,UK,Senior,Master's,72776,"SQL, Tableau, Power BI, Excel",Remote,Dec,238,Gather requirements and improve business processes through data insights.
14066,Data Analyst,NextGen AI,Startup,UK,Mid,Master's,87540,"Excel, Power BI, DAX, Tableau",On-site,Dec,213,Analyze business data and create reports and dashboards.
14067,Data Engineer,DataSphere,Medium,Singapore,Mid,Bachelor's,153594,"AWS, Spark, SQL, Python",Hybrid,Jan,188,Design and maintain data pipelines and data warehouses.
14068,Business Analyst,InnoSoft,Enterprise,USA,Entry,Master's,66388,"SQL, Tableau, Power BI, Excel",Remote,Sep,398,Gather requirements and improve business processes through data insights.
14069,BI Developer,Insight Corp,Enterprise,Canada,Mid,Bachelor's,80039,"Power BI, Excel, DAX, SQL",Remote,Jan,133,Develop interactive dashboards and business intelligence solutions.
14070,Data Engineer,DataSphere,Medium,USA,Entry,Master's,97715,"Python, AWS, Spark, SQL",Hybrid,May,355,Design and maintain data pipelines and data warehouses.
14071,AI Engineer,NextGen AI,Startup,Singapore,Mid,Master's,107345,"PyTorch, AWS, Python, Machine Learning",Remote,Oct,196,Build AI systems using deep learning and generative AI technologies.
14072,Business Analyst,ByteWorks,Startup,Germany,Entry,Master's,50936,"SQL, Power BI, Excel",Hybrid,Feb,387,Gather requirements and improve business processes through data insights.
14073,Data Analyst,TechNova,Startup,USA,Entry,Bachelor's,79446,"Excel, Python, Power BI, DAX",Hybrid,Oct,482,Analyze business data and create reports and dashboards.
14074,Data Engineer,ByteWorks,Startup,UK,Mid,Bachelor's,120443,"SQL, Spark, Python, AWS",On-site,Dec,218,Design and maintain data pipelines and data warehouses.
14075,Business Analyst,Analytica,Enterprise,Australia,Mid,Bachelor's,82775,"SQL, Tableau, Excel, Power BI",Hybrid,Sep,103,Gather requirements and improve business processes through data insights.
14076,AI Engineer,ByteWorks,Startup,UK,Entry,Bachelor's,125695,"PyTorch, Python, TensorFlow",Hybrid,Aug,285,Build AI systems using deep learning and generative AI technologies.
14077,Data Engineer,Analytica,Enterprise,USA,Mid,Bachelor's,152717,"Python, SQL, Spark, AWS",Remote,Nov,84,Design and maintain data pipelines and data warehouses.
14078,Business Analyst,NextGen AI,Startup,Canada,Entry,Bachelor's,53544,"SQL, Tableau, Power BI",Hybrid,Sep,302,Gather requirements and improve business processes through data insights.
14079,Data Analyst,TechNova,Startup,Germany,Mid,Bachelor's,84310,"Power BI, DAX, SQL, Excel, Tableau",On-site,Sep,239,Analyze business data and create reports and dashboards.
14080,Data Analyst,TechNova,Startup,Canada,Mid,Master's,78299,"Tableau, DAX, SQL, Python, Excel",On-site,Apr,117,Analyze business data and create reports and dashboards.
14081,ML Engineer,Analytica,Enterprise,Canada,Entry,Bachelor's,119539,"Python, TensorFlow, Machine Learning",Remote,May,255,Deploy and optimize machine learning models in production.
14082,Data Engineer,Analytica,Enterprise,Germany,Entry,Bachelor's,108809,"Python, Spark, SQL, AWS",Hybrid,Apr,312,Design and maintain data pipelines and data warehouses.
14083,Business Analyst,Insight Corp,Enterprise,India,Mid,Bachelor's,35930,"SQL, Power BI, Tableau, Excel",Remote,Jul,243,Gather requirements and improve business processes through data insights.
14084,ML Engineer,CloudMatrix,Medium,India,Entry,Bachelor's,46499,"PyTorch, Python, AWS, TensorFlow, Machine Learning",Hybrid,Dec,446,Deploy and optimize machine learning models in production.
14085,BI Developer,CloudMatrix,Medium,Singapore,Entry,Master's,67841,"Excel, DAX, SQL, Power BI",Hybrid,Jun,234,Develop interactive dashboards and business intelligence solutions.
14086,BI Developer,NextGen AI,Startup,Australia,Entry,Master's,63967,"Excel, SQL, DAX, Power BI",On-site,Dec,307,Develop interactive dashboards and business intelligence solutions.
14087,Data Engineer,Analytica,Enterprise,Germany,Entry,Bachelor's,86456,"Python, SQL, AWS, Spark",Remote,Jan,295,Design and maintain data pipelines and data warehouses.
14088,Business Analyst,Analytica,Enterprise,India,Entry,Bachelor's,28714,"Tableau, Power BI, SQL, Excel",On-site,Jun,464,Gather requirements and improve business processes through data insights.
14089,Data Analyst,Insight Corp,Enterprise,Canada,Entry,Master's,59269,"Tableau, Python, SQL, DAX",Remote,Jun,318,Analyze business data and create reports and dashboards.
14090,AI Engineer,TechNova,Startup,India,Entry,Bachelor's,45270,"Machine Learning, TensorFlow, PyTorch, Python",On-site,May,449,Build AI systems using deep learning and generative AI technologies.
14091,BI Developer,CloudMatrix,Medium,Canada,Senior,PhD,98189,"SQL, Power BI, DAX",Remote,Feb,96,Develop interactive dashboards and business intelligence solutions.
14092,Business Analyst,CloudMatrix,Medium,Singapore,Entry,Master's,65843,"Excel, Tableau, Power BI",Hybrid,Jul,396,Gather requirements and improve business processes through data insights.
14093,Data Engineer,CloudMatrix,Medium,UK,Senior,Master's,198902,"AWS, Spark, SQL, Python",Remote,Jul,53,Design and maintain data pipelines and data warehouses.
14094,AI Engineer,NextGen AI,Startup,Germany,Senior,Master's,141622,"PyTorch, Python, Machine Learning, AWS",Hybrid,Aug,85,Build AI systems using deep learning and generative AI technologies.
14095,AI Engineer,NextGen AI,Startup,India,Mid,Bachelor's,93232,"Python, PyTorch, TensorFlow",On-site,Sep,282,Build AI systems using deep learning and generative AI technologies.
14096,Data Scientist,ByteWorks,Startup,USA,Mid,Master's,125931,"PyTorch, TensorFlow, Python",On-site,Mar,51,Build predictive models and perform advanced analytics.
14097,Data Analyst,CloudMatrix,Medium,India,Entry,Master's,21789,"SQL, Power BI, Python",Remote,Dec,486,Analyze business data and create reports and dashboards.
14098,ML Engineer,CloudMatrix,Medium,Singapore,Senior,Master's,242213,"Machine Learning, Python, PyTorch, TensorFlow, AWS",Remote,Oct,157,Deploy and optimize machine learning models in production.
14099,AI Engineer,NextGen AI,Startup,UK,Senior,PhD,210356,"Python, TensorFlow, AWS, Machine Learning",On-site,May,140,Build AI systems using deep learning and generative AI technologies.
14100,Data Engineer,Analytica,Enterprise,Canada,Mid,Master's,84830,"SQL, Python, Spark",Hybrid,Jul,136,Design and maintain data pipelines and data warehouses.
14101,Data Analyst,Insight Corp,Enterprise,Canada,Mid,Bachelor's,55337,"SQL, DAX, Excel",Remote,Jul,142,Analyze business data and create reports and dashboards.
14102,Data Scientist,CloudMatrix,Medium,Australia,Entry,Master's,69522,"Python, TensorFlow, SQL, Machine Learning, PyTorch",On-site,Jun,249,Build predictive models and perform advanced analytics.
14103,Data Scientist,NextGen AI,Startup,Australia,Senior,Master's,147731,"TensorFlow, SQL, Machine Learning, Python, PyTorch",Remote,Oct,199,Build predictive models and perform advanced analytics.
14104,AI Engineer,TechNova,Startup,Singapore,Entry,Master's,104477,"Python, Machine Learning, AWS, PyTorch",Hybrid,Jul,316,Build AI systems using deep learning and generative AI technologies.
14105,AI Engineer,Insight Corp,Enterprise,Germany,Entry,Bachelor's,117389,"TensorFlow, Python, AWS",Hybrid,Nov,261,Build AI systems using deep learning and generative AI technologies.
14106,Data Engineer,TechNova,Startup,USA,Mid,Bachelor's,161993,"AWS, SQL, Python",Hybrid,Apr,245,Design and maintain data pipelines and data warehouses.
14107,AI Engineer,NextGen AI,Startup,India,Mid,Bachelor's,90234,"TensorFlow, Machine Learning, AWS, Python",On-site,May,174,Build AI systems using deep learning and generative AI technologies.
14108,Data Scientist,NextGen AI,Startup,Australia,Entry,Master's,84312,"TensorFlow, SQL, Machine Learning",Remote,Sep,394,Build predictive models and perform advanced analytics.
14109,Data Scientist,ByteWorks,Startup,Australia,Mid,Bachelor's,127949,"TensorFlow, PyTorch, SQL",Remote,Sep,191,Build predictive models and perform advanced analytics.
14110,Data Analyst,CloudMatrix,Medium,Germany,Senior,Master's,69814,"SQL, Tableau, Excel, DAX",On-site,Sep,73,Analyze business data and create reports and dashboards.
14111,ML Engineer,TechNova,Startup,Germany,Mid,Bachelor's,135988,"PyTorch, Python, TensorFlow",On-site,May,208,Deploy and optimize machine learning models in production.
14112,BI Developer,ByteWorks,Startup,Germany,Entry,Master's,80190,"SQL, Excel, DAX, Power BI",Remote,Jul,405,Develop interactive dashboards and business intelligence solutions.
14113,AI Engineer,InnoSoft,Enterprise,Germany,Entry,Bachelor's,144267,"PyTorch, TensorFlow, Machine Learning, AWS",Remote,Aug,383,Build AI systems using deep learning and generative AI technologies.
14114,AI Engineer,Analytica,Enterprise,Germany,Mid,Master's,190384,"Machine Learning, Python, AWS, PyTorch, TensorFlow",On-site,Mar,208,Build AI systems using deep learning and generative AI technologies.
14115,Business Analyst,DataSphere,Medium,Australia,Mid,Bachelor's,58605,"Power BI, Tableau, Excel, SQL",Hybrid,May,147,Gather requirements and improve business processes through data insights.
14116,Data Scientist,InnoSoft,Enterprise,UK,Mid,Master's,138306,"Python, TensorFlow, PyTorch, SQL, Machine Learning",Hybrid,Feb,105,Build predictive models and perform advanced analytics.
14117,ML Engineer,NextGen AI,Startup,India,Mid,Master's,62334,"AWS, Python, Machine Learning",Remote,Sep,243,Deploy and optimize machine learning models in production.
14118,BI Developer,Analytica,Enterprise,USA,Entry,Master's,79900,"Power BI, SQL, DAX, Excel",Hybrid,Feb,346,Develop interactive dashboards and business intelligence solutions.
14119,Data Engineer,ByteWorks,Startup,UK,Entry,Bachelor's,87572,"Spark, AWS, Python, SQL",Hybrid,Nov,371,Design and maintain data pipelines and data warehouses.
14120,ML Engineer,CloudMatrix,Medium,Singapore,Mid,Master's,178072,"PyTorch, AWS, TensorFlow, Python",Remote,Apr,127,Deploy and optimize machine learning models in production.
14121,Data Engineer,Analytica,Enterprise,USA,Mid,Bachelor's,162541,"AWS, SQL, Spark, Python",Hybrid,Jul,76,Design and maintain data pipelines and data warehouses.
14122,Data Analyst,NextGen AI,Startup,Singapore,Entry,Master's,52046,"Tableau, Excel, DAX",Remote,Jun,265,Analyze business data and create reports and dashboards.
14123,Data Analyst,InnoSoft,Enterprise,Canada,Entry,Master's,45455,"Excel, Python, Tableau, SQL, Power BI",Remote,Jan,391,Analyze business data and create reports and dashboards.
14124,AI Engineer,ByteWorks,Startup,Canada,Mid,Master's,111960,"TensorFlow, AWS, PyTorch",Remote,Mar,127,Build AI systems using deep learning and generative AI technologies.
14125,Data Analyst,DataSphere,Medium,Australia,Entry,Master's,46140,"Power BI, Excel, Python",On-site,Aug,331,Analyze business data and create reports and dashboards.
14126,Business Analyst,NextGen AI,Startup,Germany,Mid,Master's,83169,"Excel, Tableau, SQL, Power BI",Remote,Sep,119,Gather requirements and improve business processes through data insights.
14127,Data Analyst,TechNova,Startup,UK,Entry,Bachelor's,47062,"DAX, Excel, Tableau",Hybrid,May,391,Analyze business data and create reports and dashboards.
14128,Data Engineer,CloudMatrix,Medium,India,Entry,Bachelor's,54932,"SQL, AWS, Python, Spark",Remote,Oct,518,Design and maintain data pipelines and data warehouses.
14129,Data Scientist,ByteWorks,Startup,Singapore,Entry,Master's,130932,"PyTorch, Python, Machine Learning, TensorFlow, SQL",Remote,Dec,298,Build predictive models and perform advanced analytics.
14130,Business Analyst,NextGen AI,Startup,Singapore,Senior,Master's,63932,"Tableau, SQL, Power BI, Excel",On-site,Apr,166,Gather requirements and improve business processes through data insights.
14131,Data Analyst,TechNova,Startup,Germany,Mid,Bachelor's,69919,"DAX, Tableau, Python",Hybrid,Sep,141,Analyze business data and create reports and dashboards.
14132,Data Scientist,NextGen AI,Startup,USA,Entry,Bachelor's,93245,"SQL, Machine Learning, Python",Remote,Aug,372,Build predictive models and perform advanced analytics.
14133,Business Analyst,ByteWorks,Startup,UK,Senior,Master's,63191,"Tableau, Excel, SQL",On-site,May,117,Gather requirements and improve business processes through data insights.
14134,Data Scientist,NextGen AI,Startup,Canada,Entry,Master's,75191,"TensorFlow, PyTorch, SQL, Python, Machine Learning",On-site,Apr,299,Build predictive models and perform advanced analytics.
14135,Data Engineer,Analytica,Enterprise,USA,Mid,Bachelor's,154231,"Spark, AWS, SQL, Python",Remote,Jul,74,Design and maintain data pipelines and data warehouses.
14136,Data Analyst,ByteWorks,Startup,Australia,Entry,Master's,42003,"SQL, Power BI, Excel, Python",Hybrid,Feb,449,Analyze business data and create reports and dashboards.
14137,BI Developer,NextGen AI,Startup,India,Senior,PhD,54249,"SQL, DAX, Excel, Power BI",On-site,Jul,185,Develop interactive dashboards and business intelligence solutions.
14138,BI Developer,TechNova,Startup,Singapore,Senior,PhD,91578,"Power BI, Excel, SQL, DAX",Hybrid,Mar,228,Develop interactive dashboards and business intelligence solutions.
14139,Data Engineer,InnoSoft,Enterprise,USA,Entry,Master's,109046,"SQL, Spark, AWS, Python",On-site,Sep,294,Design and maintain data pipelines and data warehouses.
14140,Data Engineer,InnoSoft,Enterprise,USA,Entry,Master's,138253,"Spark, AWS, SQL, Python",Remote,Jul,345,Design and maintain data pipelines and data warehouses.
14141,BI Developer,CloudMatrix,Medium,India,Entry,Master's,37631,"Excel, Power BI, DAX",Remote,Jun,512,Develop interactive dashboards and business intelligence solutions.
14142,AI Engineer,Analytica,Enterprise,India,Entry,Bachelor's,40691,"TensorFlow, AWS, Machine Learning",Hybrid,Nov,278,Build AI systems using deep learning and generative AI technologies.
14143,AI Engineer,Insight Corp,Enterprise,USA,Entry,Bachelor's,127649,"PyTorch, Machine Learning, TensorFlow, AWS",Remote,Oct,468,Build AI systems using deep learning and generative AI technologies.
14144,Data Scientist,NextGen AI,Startup,UK,Mid,Master's,132131,"Machine Learning, Python, TensorFlow, SQL",Hybrid,Dec,88,Build predictive models and perform advanced analytics.
14145,Business Analyst,CloudMatrix,Medium,USA,Senior,PhD,100905,"Power BI, SQL, Tableau, Excel",Hybrid,Sep,66,Gather requirements and improve business processes through data insights.
14146,ML Engineer,InnoSoft,Enterprise,Singapore,Entry,Bachelor's,93451,"Python, Machine Learning, PyTorch, AWS",On-site,Jan,362,Deploy and optimize machine learning models in production.
14147,AI Engineer,NextGen AI,Startup,Australia,Entry,Master's,102175,"PyTorch, Python, AWS, Machine Learning",Remote,Oct,211,Build AI systems using deep learning and generative AI technologies.
14148,Data Engineer,NextGen AI,Startup,USA,Entry,Bachelor's,121542,"SQL, AWS, Python",Remote,Jul,241,Design and maintain data pipelines and data warehouses.
14149,ML Engineer,InnoSoft,Enterprise,India,Entry,Master's,57090,"PyTorch, Machine Learning, Python",Remote,Aug,385,Deploy and optimize machine learning models in production.
14150,Data Engineer,Analytica,Enterprise,Germany,Mid,Bachelor's,89128,"Python, Spark, SQL",On-site,Apr,246,Design and maintain data pipelines and data warehouses.
14151,Business Analyst,ByteWorks,Startup,UK,Entry,Bachelor's,47541,"Power BI, SQL, Excel, Tableau",Remote,Dec,294,Gather requirements and improve business processes through data insights.
14152,Data Scientist,NextGen AI,Startup,India,Entry,Master's,51626,"Machine Learning, Python, PyTorch",Hybrid,Jun,406,Build predictive models and perform advanced analytics.
14153,BI Developer,InnoSoft,Enterprise,Germany,Senior,Master's,124770,"Power BI, DAX, Excel, SQL",Hybrid,Apr,236,Develop interactive dashboards and business intelligence solutions.
14154,BI Developer,ByteWorks,Startup,Canada,Entry,Bachelor's,74991,"Excel, DAX, SQL, Power BI",Hybrid,Aug,212,Develop interactive dashboards and business intelligence solutions.
14155,ML Engineer,ByteWorks,Startup,Germany,Senior,PhD,196382,"TensorFlow, Python, PyTorch, AWS, Machine Learning",Hybrid,May,195,Deploy and optimize machine learning models in production.
14156,Data Scientist,DataSphere,Medium,USA,Entry,Master's,80940,"Python, TensorFlow, Machine Learning, PyTorch",Remote,Jun,305,Build predictive models and perform advanced analytics.
14157,Data Engineer,ByteWorks,Startup,USA,Senior,Master's,215017,"SQL, AWS, Python",Remote,Sep,103,Design and maintain data pipelines and data warehouses.
14158,AI Engineer,ByteWorks,Startup,Germany,Senior,PhD,224277,"PyTorch, Machine Learning, Python, AWS, TensorFlow",On-site,Mar,160,Build AI systems using deep learning and generative AI technologies.
14159,Data Analyst,TechNova,Startup,Singapore,Mid,Master's,84963,"Excel, Tableau, DAX",On-site,Apr,140,Analyze business data and create reports and dashboards.
14160,AI Engineer,ByteWorks,Startup,Singapore,Entry,Bachelor's,121632,"PyTorch, AWS, TensorFlow, Python",Remote,Apr,392,Build AI systems using deep learning and generative AI technologies.
14161,ML Engineer,TechNova,Startup,Singapore,Mid,Master's,172682,"Machine Learning, PyTorch, AWS",Hybrid,Oct,134,Deploy and optimize machine learning models in production.
14162,Data Scientist,NextGen AI,Startup,Canada,Senior,PhD,148569,"Machine Learning, Python, PyTorch",Remote,Jun,102,Build predictive models and perform advanced analytics.
14163,Business Analyst,DataSphere,Medium,USA,Entry,Master's,68392,"Excel, Power BI, Tableau",Remote,Jan,269,Gather requirements and improve business processes through data insights.
14164,ML Engineer,DataSphere,Medium,Canada,Entry,Bachelor's,105893,"Python, PyTorch, Machine Learning, AWS",Remote,Nov,366,Deploy and optimize machine learning models in production.
14165,BI Developer,Analytica,Enterprise,Singapore,Entry,Master's,57557,"DAX, SQL, Excel, Power BI",On-site,May,405,Develop interactive dashboards and business intelligence solutions.
14166,Data Scientist,InnoSoft,Enterprise,Canada,Mid,Master's,104902,"TensorFlow, PyTorch, Python",Hybrid,Jan,229,Build predictive models and perform advanced analytics.
14167,AI Engineer,Insight Corp,Enterprise,USA,Entry,Master's,160368,"PyTorch, TensorFlow, AWS, Python, Machine Learning",Remote,Nov,287,Build AI systems using deep learning and generative AI technologies.
14168,Business Analyst,Analytica,Enterprise,Australia,Senior,Master's,98415,"Excel, Power BI, Tableau",On-site,Mar,178,Gather requirements and improve business processes through data insights.
14169,BI Developer,ByteWorks,Startup,Germany,Entry,Bachelor's,60315,"SQL, Excel, DAX, Power BI",Remote,Oct,327,Develop interactive dashboards and business intelligence solutions.
14170,Data Scientist,NextGen AI,Startup,Canada,Senior,Master's,113294,"Python, SQL, Machine Learning",Remote,Apr,225,Build predictive models and perform advanced analytics.
14171,Data Analyst,Analytica,Enterprise,India,Entry,Master's,30580,"Tableau, Power BI, Python",Hybrid,Nov,376,Analyze business data and create reports and dashboards.
14172,Business Analyst,Analytica,Enterprise,Australia,Mid,Bachelor's,70479,"SQL, Tableau, Excel, Power BI",Hybrid,Jan,190,Gather requirements and improve business processes through data insights.
14173,ML Engineer,DataSphere,Medium,Canada,Entry,Master's,97557,"PyTorch, AWS, Machine Learning",Remote,May,157,Deploy and optimize machine learning models in production.
14174,Data Scientist,Insight Corp,Enterprise,India,Entry,Master's,45413,"PyTorch, Machine Learning, TensorFlow, SQL",Remote,Mar,287,Build predictive models and perform advanced analytics.
14175,Business Analyst,ByteWorks,Startup,Singapore,Mid,Bachelor's,54262,"Excel, Power BI, Tableau",Remote,Nov,144,Gather requirements and improve business processes through data insights.
14176,ML Engineer,Insight Corp,Enterprise,Singapore,Mid,Master's,139344,"PyTorch, TensorFlow, Machine Learning, AWS",Hybrid,Aug,69,Deploy and optimize machine learning models in production.
14177,Data Analyst,NextGen AI,Startup,Germany,Entry,Bachelor's,52045,"Excel, SQL, Tableau, DAX",Hybrid,Apr,255,Analyze business data and create reports and dashboards.
14178,Business Analyst,CloudMatrix,Medium,Singapore,Entry,Master's,57225,"Tableau, Power BI, Excel, SQL",Hybrid,Jun,362,Gather requirements and improve business processes through data insights.
14179,Data Scientist,Analytica,Enterprise,Canada,Mid,Bachelor's,105180,"PyTorch, SQL, Python, Machine Learning, TensorFlow",Remote,Jul,138,Build predictive models and perform advanced analytics.
14180,BI Developer,DataSphere,Medium,USA,Entry,Master's,55000,"DAX, Power BI, SQL, Excel",Remote,Jun,303,Develop interactive dashboards and business intelligence solutions.
14181,Data Analyst,DataSphere,Medium,Germany,Entry,Bachelor's,69840,"Excel, Tableau, Python, SQL, Power BI",On-site,Nov,317,Analyze business data and create reports and dashboards.
14182,BI Developer,InnoSoft,Enterprise,Germany,Senior,Master's,109452,"DAX, SQL, Power BI, Excel",On-site,Mar,101,Develop interactive dashboards and business intelligence solutions.
14183,AI Engineer,ByteWorks,Startup,Canada,Mid,Master's,135300,"Machine Learning, AWS, PyTorch, TensorFlow",Hybrid,Nov,101,Build AI systems using deep learning and generative AI technologies.
14184,BI Developer,ByteWorks,Startup,Germany,Mid,Bachelor's,69957,"Power BI, SQL, DAX, Excel",Hybrid,Apr,148,Develop interactive dashboards and business intelligence solutions.
14185,Business Analyst,Analytica,Enterprise,UK,Mid,Master's,54940,"SQL, Power BI, Tableau",On-site,Feb,74,Gather requirements and improve business processes through data insights.
14186,Data Engineer,ByteWorks,Startup,India,Entry,Master's,50448,"AWS, SQL, Spark, Python",Hybrid,Dec,452,Design and maintain data pipelines and data warehouses.
14187,Data Analyst,NextGen AI,Startup,UK,Entry,Master's,59744,"Tableau, SQL, DAX, Excel",Hybrid,Oct,364,Analyze business data and create reports and dashboards.
14188,BI Developer,ByteWorks,Startup,India,Entry,Bachelor's,24995,"SQL, DAX, Power BI, Excel",On-site,Mar,466,Develop interactive dashboards and business intelligence solutions.
14189,ML Engineer,CloudMatrix,Medium,Germany,Mid,Bachelor's,102403,"AWS, Python, Machine Learning",Hybrid,Dec,190,Deploy and optimize machine learning models in production.
14190,AI Engineer,NextGen AI,Startup,Canada,Mid,Master's,162838,"Python, Machine Learning, AWS, PyTorch, TensorFlow",On-site,Apr,238,Build AI systems using deep learning and generative AI technologies.
14191,Data Analyst,InnoSoft,Enterprise,USA,Senior,Master's,110024,"DAX, Python, SQL, Excel",Hybrid,Jan,213,Analyze business data and create reports and dashboards.
14192,Data Scientist,InnoSoft,Enterprise,USA,Entry,Master's,96824,"Machine Learning, PyTorch, TensorFlow",Hybrid,Feb,307,Build predictive models and perform advanced analytics.
14193,Data Analyst,DataSphere,Medium,USA,Mid,Master's,96973,"Tableau, Power BI, SQL",Hybrid,Sep,245,Analyze business data and create reports and dashboards.
14194,Data Scientist,ByteWorks,Startup,Germany,Senior,PhD,130314,"PyTorch, TensorFlow, Python, SQL, Machine Learning",Hybrid,Jun,112,Build predictive models and perform advanced analytics.
14195,Data Analyst,Insight Corp,Enterprise,Canada,Mid,Bachelor's,83253,"SQL, Python, Power BI, Tableau",Remote,Jul,146,Analyze business data and create reports and dashboards.
14196,Data Engineer,DataSphere,Medium,Canada,Mid,Bachelor's,121293,"AWS, Python, Spark",Hybrid,Oct,194,Design and maintain data pipelines and data warehouses.
14197,Data Engineer,DataSphere,Medium,India,Entry,Bachelor's,34027,"Python, SQL, AWS",On-site,Feb,431,Design and maintain data pipelines and data warehouses.
14198,ML Engineer,Analytica,Enterprise,UK,Mid,Master's,124381,"AWS, PyTorch, Machine Learning",Hybrid,Jan,55,Deploy and optimize machine learning models in production.
14199,AI Engineer,Insight Corp,Enterprise,Canada,Entry,Bachelor's,95529,"TensorFlow, Python, AWS, Machine Learning, PyTorch",On-site,Jul,286,Build AI systems using deep learning and generative AI technologies.
14200,Data Analyst,ByteWorks,Startup,UK,Entry,Bachelor's,64592,"DAX, Tableau, Excel, Python, SQL",On-site,Mar,264,Analyze business data and create reports and dashboards.
14201,Business Analyst,DataSphere,Medium,USA,Mid,Master's,76225,"Excel, Tableau, Power BI, SQL",Hybrid,Mar,173,Gather requirements and improve business processes through data insights.
14202,Business Analyst,ByteWorks,Startup,Australia,Mid,Master's,64740,"Power BI, Tableau, Excel",Hybrid,Feb,81,Gather requirements and improve business processes through data insights.
14203,AI Engineer,ByteWorks,Startup,USA,Entry,Master's,157767,"AWS, Machine Learning, PyTorch, TensorFlow",Hybrid,Feb,198,Build AI systems using deep learning and generative AI technologies.
14204,AI Engineer,NextGen AI,Startup,USA,Mid,Master's,122116,"Machine Learning, Python, TensorFlow",On-site,Nov,75,Build AI systems using deep learning and generative AI technologies.
14205,Data Analyst,DataSphere,Medium,UK,Entry,Master's,45289,"Python, SQL, Tableau, Excel",Remote,Apr,193,Analyze business data and create reports and dashboards.
14206,BI Developer,ByteWorks,Startup,UK,Entry,Master's,79928,"SQL, Excel, DAX",On-site,Jul,177,Develop interactive dashboards and business intelligence solutions.
14207,Business Analyst,DataSphere,Medium,Germany,Mid,Master's,73203,"Excel, SQL, Tableau, Power BI",Remote,Aug,151,Gather requirements and improve business processes through data insights.
14208,Data Engineer,Analytica,Enterprise,India,Mid,Bachelor's,56841,"AWS, Spark, Python, SQL",Remote,Jan,265,Design and maintain data pipelines and data warehouses.
14209,ML Engineer,Insight Corp,Enterprise,Germany,Entry,Master's,76697,"TensorFlow, Python, AWS, PyTorch, Machine Learning",Remote,Sep,452,Deploy and optimize machine learning models in production.
14210,Business Analyst,Insight Corp,Enterprise,Singapore,Senior,PhD,69999,"Excel, SQL, Power BI",Remote,Jul,239,Gather requirements and improve business processes through data insights.
14211,Data Engineer,Analytica,Enterprise,UK,Mid,Bachelor's,128120,"AWS, Python, SQL, Spark",On-site,Feb,87,Design and maintain data pipelines and data warehouses.
14212,Data Engineer,Analytica,Enterprise,Germany,Mid,Master's,117711,"Python, SQL, AWS",Remote,Feb,113,Design and maintain data pipelines and data warehouses.
14213,ML Engineer,DataSphere,Medium,USA,Mid,Master's,141388,"AWS, Python, TensorFlow, Machine Learning",Hybrid,Dec,56,Deploy and optimize machine learning models in production.
14214,Data Analyst,ByteWorks,Startup,Singapore,Mid,Bachelor's,74265,"Tableau, SQL, Python, Excel, DAX",Remote,Sep,155,Analyze business data and create reports and dashboards.
14215,BI Developer,DataSphere,Medium,UK,Entry,Bachelor's,67957,"DAX, Power BI, Excel",Hybrid,Jun,396,Develop interactive dashboards and business intelligence solutions.
14216,BI Developer,Analytica,Enterprise,USA,Senior,Master's,112409,"SQL, Excel, Power BI",On-site,Nov,177,Develop interactive dashboards and business intelligence solutions.
14217,Data Scientist,InnoSoft,Enterprise,India,Mid,Bachelor's,44858,"PyTorch, TensorFlow, Python, Machine Learning",On-site,Apr,204,Build predictive models and perform advanced analytics.
14218,Data Analyst,TechNova,Startup,India,Mid,Master's,39702,"Power BI, SQL, Python",On-site,Sep,275,Analyze business data and create reports and dashboards.
14219,Data Engineer,NextGen AI,Startup,Australia,Entry,Bachelor's,97013,"AWS, Python, SQL, Spark",On-site,Mar,349,Design and maintain data pipelines and data warehouses.
14220,AI Engineer,ByteWorks,Startup,Canada,Entry,Master's,115099,"PyTorch, AWS, TensorFlow, Machine Learning",Remote,Feb,319,Build AI systems using deep learning and generative AI technologies.
14221,BI Developer,Analytica,Enterprise,Australia,Mid,Bachelor's,64516,"SQL, Power BI, Excel",On-site,Sep,71,Develop interactive dashboards and business intelligence solutions.
14222,ML Engineer,TechNova,Startup,Singapore,Entry,Master's,146304,"Machine Learning, AWS, TensorFlow, Python",Remote,Mar,491,Deploy and optimize machine learning models in production.
14223,BI Developer,CloudMatrix,Medium,USA,Entry,Bachelor's,77592,"Power BI, SQL, Excel, DAX",Remote,Sep,259,Develop interactive dashboards and business intelligence solutions.
14224,Data Scientist,DataSphere,Medium,UK,Mid,Bachelor's,154914,"TensorFlow, Machine Learning, SQL",On-site,Mar,239,Build predictive models and perform advanced analytics.
14225,Data Engineer,Analytica,Enterprise,UK,Entry,Bachelor's,82926,"SQL, Spark, Python",Remote,Oct,181,Design and maintain data pipelines and data warehouses.
14226,Data Analyst,Insight Corp,Enterprise,India,Entry,Bachelor's,34699,"DAX, Tableau, Python, Power BI, SQL",Remote,Jun,465,Analyze business data and create reports and dashboards.
14227,Data Scientist,CloudMatrix,Medium,Singapore,Entry,Bachelor's,110323,"PyTorch, Python, TensorFlow, Machine Learning, SQL",Hybrid,Nov,405,Build predictive models and perform advanced analytics.
14228,Data Scientist,TechNova,Startup,Canada,Entry,Bachelor's,103499,"Python, Machine Learning, TensorFlow, SQL, PyTorch",On-site,Jul,321,Build predictive models and perform advanced analytics.
14229,Business Analyst,ByteWorks,Startup,UK,Senior,Master's,96732,"Tableau, SQL, Power BI",Hybrid,Aug,70,Gather requirements and improve business processes through data insights.
14230,ML Engineer,Analytica,Enterprise,Canada,Entry,Master's,118044,"TensorFlow, AWS, PyTorch, Python, Machine Learning",Hybrid,Dec,479,Deploy and optimize machine learning models in production.
14231,Data Engineer,Analytica,Enterprise,UK,Mid,Bachelor's,97340,"SQL, AWS, Spark",Hybrid,Aug,221,Design and maintain data pipelines and data warehouses.
14232,AI Engineer,Analytica,Enterprise,India,Entry,Master's,71950,"TensorFlow, PyTorch, Machine Learning, Python",Remote,Aug,449,Build AI systems using deep learning and generative AI technologies.
14233,Data Engineer,CloudMatrix,Medium,Australia,Entry,Master's,94128,"AWS, Python, SQL",On-site,Dec,324,Design and maintain data pipelines and data warehouses.
14234,Data Analyst,Insight Corp,Enterprise,USA,Entry,Master's,60778,"Tableau, SQL, Python",On-site,Jan,357,Analyze business data and create reports and dashboards.
14235,BI Developer,ByteWorks,Startup,USA,Entry,Master's,84927,"Power BI, SQL, Excel, DAX",On-site,Apr,311,Develop interactive dashboards and business intelligence solutions.
14236,Business Analyst,TechNova,Startup,UK,Mid,Bachelor's,45848,"Power BI, SQL, Tableau, Excel",Remote,Feb,111,Gather requirements and improve business processes through data insights.
14237,ML Engineer,TechNova,Startup,Australia,Senior,PhD,183152,"Machine Learning, AWS, Python, TensorFlow",On-site,Dec,125,Deploy and optimize machine learning models in production.
14238,ML Engineer,NextGen AI,Startup,India,Mid,Master's,82630,"Machine Learning, PyTorch, TensorFlow",Hybrid,Jul,244,Deploy and optimize machine learning models in production.
14239,Data Analyst,Analytica,Enterprise,India,Mid,Bachelor's,39034,"DAX, Excel, Power BI",On-site,Jun,141,Analyze business data and create reports and dashboards.
14240,Data Scientist,ByteWorks,Startup,USA,Entry,Bachelor's,74413,"PyTorch, TensorFlow, Machine Learning, Python",Remote,Jan,320,Build predictive models and perform advanced analytics.
14241,AI Engineer,Insight Corp,Enterprise,Canada,Entry,Master's,114867,"PyTorch, AWS, Python",Hybrid,Jun,356,Build AI systems using deep learning and generative AI technologies.
14242,Data Scientist,InnoSoft,Enterprise,Australia,Senior,Master's,136166,"TensorFlow, Machine Learning, PyTorch, Python",Remote,Jun,55,Build predictive models and perform advanced analytics.
14243,Business Analyst,Analytica,Enterprise,India,Entry,Bachelor's,24689,"Excel, Power BI, SQL, Tableau",Hybrid,Nov,576,Gather requirements and improve business processes through data insights.
14244,AI Engineer,NextGen AI,Startup,USA,Senior,PhD,202558,"TensorFlow, Machine Learning, PyTorch",On-site,Aug,182,Build AI systems using deep learning and generative AI technologies.
14245,BI Developer,ByteWorks,Startup,Germany,Mid,Bachelor's,76227,"DAX, SQL, Excel, Power BI",Hybrid,May,146,Develop interactive dashboards and business intelligence solutions.
14246,Data Engineer,Insight Corp,Enterprise,USA,Mid,Master's,177027,"AWS, SQL, Spark, Python",Hybrid,Jun,190,Design and maintain data pipelines and data warehouses.
14247,Data Engineer,CloudMatrix,Medium,Singapore,Mid,Bachelor's,146918,"Python, Spark, AWS, SQL",On-site,Aug,150,Design and maintain data pipelines and data warehouses.
14248,Data Engineer,NextGen AI,Startup,Canada,Entry,Bachelor's,77947,"AWS, SQL, Python",On-site,Nov,460,Design and maintain data pipelines and data warehouses.
14249,Data Engineer,Analytica,Enterprise,USA,Entry,Master's,86335,"SQL, AWS, Python, Spark",Hybrid,Sep,409,Design and maintain data pipelines and data warehouses.
14250,Data Scientist,Analytica,Enterprise,Germany,Entry,Bachelor's,111080,"Python, PyTorch, SQL, TensorFlow, Machine Learning",Hybrid,Aug,399,Build predictive models and perform advanced analytics.
14251,Data Scientist,ByteWorks,Startup,India,Senior,PhD,98106,"TensorFlow, Machine Learning, Python, SQL, PyTorch",Hybrid,Aug,318,Build predictive models and perform advanced analytics.
14252,Data Engineer,Insight Corp,Enterprise,Germany,Entry,Bachelor's,75718,"Spark, Python, SQL, AWS",Remote,Jun,306,Design and maintain data pipelines and data warehouses.
14253,Business Analyst,DataSphere,Medium,USA,Entry,Master's,44701,"Tableau, Power BI, Excel",Hybrid,Nov,382,Gather requirements and improve business processes through data insights.
14254,Data Engineer,ByteWorks,Startup,Canada,Mid,Master's,114985,"Python, SQL, AWS",On-site,Oct,161,Design and maintain data pipelines and data warehouses.
14255,Business Analyst,ByteWorks,Startup,Germany,Entry,Master's,55745,"Excel, Power BI, Tableau, SQL",Remote,Jun,286,Gather requirements and improve business processes through data insights.
14256,BI Developer,InnoSoft,Enterprise,Singapore,Mid,Master's,106154,"Excel, SQL, Power BI, DAX",Hybrid,Sep,142,Develop interactive dashboards and business intelligence solutions.
14257,Business Analyst,InnoSoft,Enterprise,India,Senior,Master's,37288,"SQL, Power BI, Excel",Hybrid,Jan,199,Gather requirements and improve business processes through data insights.
14258,Business Analyst,DataSphere,Medium,Singapore,Entry,Master's,70301,"Power BI, SQL, Tableau, Excel",Hybrid,Aug,171,Gather requirements and improve business processes through data insights.
14259,ML Engineer,Analytica,Enterprise,USA,Entry,Master's,113389,"Python, TensorFlow, Machine Learning, PyTorch, AWS",Remote,Jul,331,Deploy and optimize machine learning models in production.
14260,Data Engineer,Insight Corp,Enterprise,UK,Mid,Bachelor's,137211,"Spark, SQL, AWS",Hybrid,Mar,200,Design and maintain data pipelines and data warehouses.
14261,Data Engineer,Analytica,Enterprise,Canada,Mid,Bachelor's,126327,"SQL, AWS, Python",Remote,May,159,Design and maintain data pipelines and data warehouses.
14262,BI Developer,ByteWorks,Startup,Australia,Mid,Master's,76644,"SQL, DAX, Excel, Power BI",Hybrid,Jan,139,Develop interactive dashboards and business intelligence solutions.
14263,Data Engineer,Insight Corp,Enterprise,Germany,Mid,Bachelor's,92433,"Spark, SQL, AWS, Python",Remote,May,156,Design and maintain data pipelines and data warehouses.
14264,BI Developer,Insight Corp,Enterprise,Germany,Senior,PhD,94885,"DAX, SQL, Excel, Power BI",Remote,May,71,Develop interactive dashboards and business intelligence solutions.
14265,Data Engineer,NextGen AI,Startup,Singapore,Mid,Bachelor's,95954,"Python, AWS, Spark, SQL",Hybrid,Feb,200,Design and maintain data pipelines and data warehouses.
14266,BI Developer,DataSphere,Medium,USA,Mid,Bachelor's,104098,"DAX, SQL, Power BI, Excel",Remote,Dec,140,Develop interactive dashboards and business intelligence solutions.
14267,Data Scientist,CloudMatrix,Medium,USA,Senior,Master's,214456,"SQL, PyTorch, Machine Learning, TensorFlow, Python",Remote,Jan,52,Build predictive models and perform advanced analytics.
14268,Business Analyst,InnoSoft,Enterprise,USA,Senior,Master's,109184,"Tableau, Power BI, SQL, Excel",Hybrid,Jul,56,Gather requirements and improve business processes through data insights.
14269,Data Scientist,Insight Corp,Enterprise,UK,Entry,Bachelor's,95105,"Machine Learning, PyTorch, Python",Remote,Sep,368,Build predictive models and perform advanced analytics.
14270,ML Engineer,CloudMatrix,Medium,Australia,Entry,Master's,129181,"TensorFlow, Python, PyTorch, Machine Learning",On-site,Sep,444,Deploy and optimize machine learning models in production.
14271,Business Analyst,DataSphere,Medium,UK,Mid,Master's,65468,"Tableau, Power BI, Excel, SQL",Remote,Apr,245,Gather requirements and improve business processes through data insights.
14272,Data Analyst,InnoSoft,Enterprise,Singapore,Mid,Bachelor's,59657,"Tableau, DAX, SQL, Excel",Hybrid,Dec,88,Analyze business data and create reports and dashboards.
14273,Business Analyst,TechNova,Startup,Germany,Mid,Bachelor's,64702,"Tableau, Excel, SQL, Power BI",Remote,Aug,78,Gather requirements and improve business processes through data insights.
14274,Data Scientist,InnoSoft,Enterprise,Australia,Senior,Master's,148675,"SQL, TensorFlow, PyTorch, Machine Learning",On-site,Feb,232,Build predictive models and perform advanced analytics.
14275,Business Analyst,DataSphere,Medium,Canada,Senior,Master's,91406,"Excel, Power BI, Tableau",On-site,May,184,Gather requirements and improve business processes through data insights.
14276,Business Analyst,ByteWorks,Startup,Australia,Entry,Bachelor's,61317,"Power BI, SQL, Excel, Tableau",On-site,Oct,355,Gather requirements and improve business processes through data insights.
14277,Data Analyst,NextGen AI,Startup,Australia,Entry,Master's,60846,"DAX, SQL, Power BI",Remote,Jan,399,Analyze business data and create reports and dashboards.
14278,AI Engineer,InnoSoft,Enterprise,Germany,Mid,Bachelor's,190598,"Python, Machine Learning, AWS",Hybrid,Sep,89,Build AI systems using deep learning and generative AI technologies.
14279,AI Engineer,Analytica,Enterprise,Australia,Entry,Bachelor's,141903,"AWS, PyTorch, Machine Learning, TensorFlow",Hybrid,Jul,297,Build AI systems using deep learning and generative AI technologies.
14280,ML Engineer,CloudMatrix,Medium,UK,Mid,Bachelor's,96014,"Python, AWS, PyTorch, TensorFlow, Machine Learning",Hybrid,Jun,236,Deploy and optimize machine learning models in production.
14281,Data Scientist,InnoSoft,Enterprise,USA,Mid,Bachelor's,91861,"Python, SQL, PyTorch",Remote,Jan,94,Build predictive models and perform advanced analytics.
14282,Data Analyst,InnoSoft,Enterprise,USA,Entry,Master's,48608,"Python, Tableau, SQL",Remote,Jul,301,Analyze business data and create reports and dashboards.
14283,AI Engineer,TechNova,Startup,UK,Mid,Bachelor's,105720,"AWS, Python, Machine Learning",Hybrid,May,124,Build AI systems using deep learning and generative AI technologies.
14284,Data Scientist,InnoSoft,Enterprise,Canada,Senior,Master's,158025,"Python, SQL, PyTorch",Hybrid,Jul,194,Build predictive models and perform advanced analytics.
14285,Data Scientist,CloudMatrix,Medium,India,Mid,Master's,77337,"SQL, PyTorch, Python, TensorFlow",Hybrid,Apr,315,Build predictive models and perform advanced analytics.
14286,Data Analyst,ByteWorks,Startup,India,Entry,Master's,30523,"Python, Power BI, SQL, DAX",Remote,Jan,340,Analyze business data and create reports and dashboards.
14287,ML Engineer,CloudMatrix,Medium,USA,Senior,PhD,193752,"Machine Learning, PyTorch, AWS, TensorFlow",Hybrid,May,72,Deploy and optimize machine learning models in production.
14288,Data Scientist,ByteWorks,Startup,Germany,Mid,Master's,116254,"TensorFlow, Machine Learning, PyTorch",Hybrid,Jan,155,Build predictive models and perform advanced analytics.
14289,Data Analyst,TechNova,Startup,Australia,Entry,Bachelor's,46971,"Tableau, Excel, Power BI, DAX",Remote,Jan,317,Analyze business data and create reports and dashboards.
14290,AI Engineer,Analytica,Enterprise,USA,Mid,Master's,141711,"PyTorch, TensorFlow, Python",On-site,Jul,98,Build AI systems using deep learning and generative AI technologies.
14291,AI Engineer,InnoSoft,Enterprise,Singapore,Mid,Bachelor's,139417,"Python, Machine Learning, TensorFlow, PyTorch",Remote,Aug,234,Build AI systems using deep learning and generative AI technologies.
14292,Data Scientist,ByteWorks,Startup,Canada,Mid,Bachelor's,133080,"Python, PyTorch, SQL, Machine Learning, TensorFlow",Remote,Sep,161,Build predictive models and perform advanced analytics.
14293,Data Scientist,InnoSoft,Enterprise,Singapore,Mid,Bachelor's,160882,"Machine Learning, PyTorch, SQL, Python, TensorFlow",On-site,Mar,205,Build predictive models and perform advanced analytics.
14294,Data Scientist,ByteWorks,Startup,USA,Entry,Master's,111947,"PyTorch, Python, TensorFlow, SQL, Machine Learning",Hybrid,Aug,417,Build predictive models and perform advanced analytics.
14295,AI Engineer,CloudMatrix,Medium,Germany,Entry,Master's,106006,"Machine Learning, TensorFlow, Python",On-site,Jan,308,Build AI systems using deep learning and generative AI technologies.
14296,ML Engineer,Insight Corp,Enterprise,Canada,Entry,Bachelor's,131965,"TensorFlow, Python, AWS, Machine Learning, PyTorch",Remote,Sep,394,Deploy and optimize machine learning models in production.
14297,BI Developer,InnoSoft,Enterprise,UK,Entry,Bachelor's,68766,"SQL, Excel, Power BI, DAX",On-site,Apr,410,Develop interactive dashboards and business intelligence solutions.
14298,AI Engineer,Analytica,Enterprise,Singapore,Entry,Master's,91379,"PyTorch, Machine Learning, AWS",Remote,Feb,350,Build AI systems using deep learning and generative AI technologies.
14299,Business Analyst,Analytica,Enterprise,UK,Entry,Master's,38244,"Tableau, SQL, Power BI",On-site,Dec,325,Gather requirements and improve business processes through data insights.
14300,Data Engineer,TechNova,Startup,Germany,Mid,Master's,128711,"AWS, Python, SQL, Spark",Hybrid,Feb,79,Design and maintain data pipelines and data warehouses.
14301,Data Analyst,InnoSoft,Enterprise,UK,Mid,Bachelor's,57035,"Excel, Tableau, Power BI, SQL",Remote,Jun,230,Analyze business data and create reports and dashboards.
14302,Data Engineer,NextGen AI,Startup,India,Mid,Master's,65910,"Python, SQL, AWS",Hybrid,Oct,182,Design and maintain data pipelines and data warehouses.
14303,Data Analyst,ByteWorks,Startup,India,Mid,Master's,37100,"Excel, DAX, Tableau",Hybrid,May,315,Analyze business data and create reports and dashboards.
14304,ML Engineer,InnoSoft,Enterprise,USA,Entry,Bachelor's,159421,"PyTorch, TensorFlow, Python, Machine Learning",Hybrid,Jun,490,Deploy and optimize machine learning models in production.
14305,Data Engineer,TechNova,Startup,Singapore,Mid,Bachelor's,160662,"Spark, AWS, SQL",Hybrid,Dec,144,Design and maintain data pipelines and data warehouses.
14306,AI Engineer,TechNova,Startup,UK,Mid,Bachelor's,135534,"TensorFlow, Python, PyTorch, AWS, Machine Learning",On-site,Aug,124,Build AI systems using deep learning and generative AI technologies.
14307,AI Engineer,Analytica,Enterprise,UK,Mid,Master's,143798,"TensorFlow, Machine Learning, PyTorch, Python, AWS",Hybrid,Nov,62,Build AI systems using deep learning and generative AI technologies.
14308,Data Scientist,DataSphere,Medium,Germany,Mid,Bachelor's,92579,"Python, Machine Learning, PyTorch, SQL",Remote,Jul,80,Build predictive models and perform advanced analytics.
14309,Data Analyst,Analytica,Enterprise,Canada,Entry,Bachelor's,52828,"Tableau, Excel, Python",Hybrid,Jan,298,Analyze business data and create reports and dashboards.
14310,Data Analyst,TechNova,Startup,Australia,Entry,Bachelor's,54584,"Tableau, DAX, Python, SQL",Hybrid,Feb,208,Analyze business data and create reports and dashboards.
14311,Data Analyst,NextGen AI,Startup,Australia,Mid,Bachelor's,62543,"Tableau, Python, SQL, Power BI, Excel",Hybrid,May,77,Analyze business data and create reports and dashboards.
14312,BI Developer,NextGen AI,Startup,Singapore,Mid,Master's,92100,"DAX, Power BI, SQL",Remote,Dec,123,Develop interactive dashboards and business intelligence solutions.
14313,ML Engineer,NextGen AI,Startup,USA,Senior,PhD,204848,"AWS, Python, PyTorch, Machine Learning",On-site,Sep,208,Deploy and optimize machine learning models in production.
14314,Data Scientist,DataSphere,Medium,UK,Entry,Master's,64761,"Machine Learning, SQL, PyTorch, TensorFlow, Python",Remote,Sep,337,Build predictive models and perform advanced analytics.
14315,ML Engineer,ByteWorks,Startup,UK,Senior,PhD,147996,"Machine Learning, Python, TensorFlow, AWS, PyTorch",Hybrid,Nov,146,Deploy and optimize machine learning models in production.
14316,Data Analyst,ByteWorks,Startup,Singapore,Mid,Master's,81071,"Tableau, Power BI, Excel, DAX",On-site,Aug,166,Analyze business data and create reports and dashboards.
14317,ML Engineer,CloudMatrix,Medium,UK,Senior,PhD,209972,"Machine Learning, Python, AWS",Hybrid,Jun,175,Deploy and optimize machine learning models in production.
14318,Data Analyst,ByteWorks,Startup,UK,Entry,Master's,55138,"Tableau, SQL, Excel",Remote,May,470,Analyze business data and create reports and dashboards.
14319,ML Engineer,DataSphere,Medium,Singapore,Mid,Bachelor's,168488,"PyTorch, AWS, Python, TensorFlow",Hybrid,Nov,177,Deploy and optimize machine learning models in production.
14320,AI Engineer,CloudMatrix,Medium,Canada,Senior,Master's,122937,"TensorFlow, Python, Machine Learning, AWS",Hybrid,Feb,240,Build AI systems using deep learning and generative AI technologies.
14321,Business Analyst,NextGen AI,Startup,India,Mid,Master's,41446,"Excel, Tableau, Power BI",Hybrid,Jun,299,Gather requirements and improve business processes through data insights.
14322,AI Engineer,Analytica,Enterprise,Germany,Mid,Bachelor's,133393,"TensorFlow, AWS, PyTorch, Python, Machine Learning",Hybrid,Dec,64,Build AI systems using deep learning and generative AI technologies.
14323,ML Engineer,TechNova,Startup,Germany,Entry,Master's,86302,"PyTorch, Python, Machine Learning, TensorFlow",Remote,Aug,310,Deploy and optimize machine learning models in production.
14324,Data Analyst,Insight Corp,Enterprise,UK,Mid,Master's,86602,"SQL, Excel, Tableau, Power BI",Remote,Apr,81,Analyze business data and create reports and dashboards.
14325,BI Developer,NextGen AI,Startup,Germany,Entry,Master's,47772,"Excel, Power BI, SQL",Remote,Jan,371,Develop interactive dashboards and business intelligence solutions.
14326,Data Engineer,ByteWorks,Startup,USA,Mid,Master's,174437,"SQL, Python, Spark, AWS",Remote,Jul,64,Design and maintain data pipelines and data warehouses.
14327,Data Scientist,TechNova,Startup,India,Mid,Bachelor's,45024,"Python, TensorFlow, Machine Learning",Remote,Dec,289,Build predictive models and perform advanced analytics.
14328,Data Analyst,Analytica,Enterprise,Australia,Entry,Bachelor's,70917,"SQL, DAX, Python",On-site,Feb,445,Analyze business data and create reports and dashboards.
14329,Data Engineer,ByteWorks,Startup,India,Entry,Bachelor's,45003,"Python, SQL, AWS, Spark",On-site,Aug,390,Design and maintain data pipelines and data warehouses.
14330,ML Engineer,Insight Corp,Enterprise,India,Entry,Master's,58625,"TensorFlow, Machine Learning, AWS",Remote,Oct,410,Deploy and optimize machine learning models in production.
14331,Data Analyst,ByteWorks,Startup,Australia,Senior,Master's,93270,"DAX, Power BI, Tableau, Python",Hybrid,Dec,240,Analyze business data and create reports and dashboards.
14332,Business Analyst,ByteWorks,Startup,USA,Entry,Master's,67005,"Excel, Tableau, SQL, Power BI",Hybrid,Apr,411,Gather requirements and improve business processes through data insights.
14333,BI Developer,InnoSoft,Enterprise,Australia,Entry,Bachelor's,45084,"Power BI, Excel, DAX, SQL",Remote,Jul,311,Develop interactive dashboards and business intelligence solutions.
14334,ML Engineer,ByteWorks,Startup,UK,Mid,Master's,166386,"TensorFlow, PyTorch, Python",Hybrid,Jun,174,Deploy and optimize machine learning models in production.
14335,Business Analyst,Insight Corp,Enterprise,Australia,Entry,Master's,61551,"SQL, Tableau, Excel, Power BI",Remote,Apr,369,Gather requirements and improve business processes through data insights.
14336,BI Developer,DataSphere,Medium,Australia,Mid,Master's,59145,"Power BI, DAX, Excel, SQL",On-site,Feb,146,Develop interactive dashboards and business intelligence solutions.
14337,AI Engineer,NextGen AI,Startup,USA,Senior,Master's,161992,"Machine Learning, Python, AWS, TensorFlow, PyTorch",Remote,Sep,62,Build AI systems using deep learning and generative AI technologies.
14338,BI Developer,Analytica,Enterprise,Singapore,Entry,Bachelor's,85478,"SQL, Power BI, Excel",Hybrid,Jul,318,Develop interactive dashboards and business intelligence solutions.
14339,AI Engineer,NextGen AI,Startup,USA,Mid,Bachelor's,137305,"TensorFlow, PyTorch, AWS, Python",Remote,Sep,218,Build AI systems using deep learning and generative AI technologies.
14340,Data Scientist,CloudMatrix,Medium,Germany,Mid,Bachelor's,96403,"Machine Learning, TensorFlow, SQL, Python, PyTorch",On-site,Jan,78,Build predictive models and perform advanced analytics.
14341,Data Analyst,ByteWorks,Startup,USA,Senior,PhD,127784,"Tableau, SQL, Excel, DAX, Python",Hybrid,Aug,78,Analyze business data and create reports and dashboards.
14342,Data Engineer,DataSphere,Medium,Germany,Mid,Master's,102415,"Python, SQL, AWS, Spark",Hybrid,Mar,224,Design and maintain data pipelines and data warehouses.
14343,Data Engineer,InnoSoft,Enterprise,USA,Entry,Master's,117764,"Spark, Python, AWS",Remote,Apr,325,Design and maintain data pipelines and data warehouses.
14344,BI Developer,ByteWorks,Startup,USA,Mid,Bachelor's,107015,"DAX, Power BI, SQL, Excel",Hybrid,Oct,167,Develop interactive dashboards and business intelligence solutions.
14345,BI Developer,DataSphere,Medium,Canada,Mid,Bachelor's,87691,"Power BI, DAX, SQL, Excel",On-site,May,73,Develop interactive dashboards and business intelligence solutions.
14346,BI Developer,ByteWorks,Startup,UK,Entry,Master's,50706,"Excel, SQL, DAX, Power BI",Hybrid,Nov,301,Develop interactive dashboards and business intelligence solutions.
14347,AI Engineer,Analytica,Enterprise,USA,Entry,Bachelor's,111283,"TensorFlow, AWS, Python, Machine Learning",On-site,Jul,240,Build AI systems using deep learning and generative AI technologies.
14348,Data Engineer,DataSphere,Medium,USA,Entry,Master's,88635,"AWS, Spark, SQL, Python",On-site,Oct,312,Design and maintain data pipelines and data warehouses.
14349,Data Analyst,Insight Corp,Enterprise,Canada,Mid,Bachelor's,54098,"Excel, DAX, Python",Hybrid,Jun,163,Analyze business data and create reports and dashboards.
14350,Data Scientist,Insight Corp,Enterprise,Singapore,Mid,Bachelor's,143314,"Machine Learning, PyTorch, TensorFlow, Python",Remote,May,226,Build predictive models and perform advanced analytics.
14351,BI Developer,Insight Corp,Enterprise,Singapore,Mid,Master's,77425,"DAX, Power BI, SQL",Hybrid,Aug,121,Develop interactive dashboards and business intelligence solutions.
14352,BI Developer,Insight Corp,Enterprise,Germany,Entry,Bachelor's,77070,"Excel, SQL, Power BI, DAX",Hybrid,Jun,380,Develop interactive dashboards and business intelligence solutions.
14353,AI Engineer,TechNova,Startup,India,Mid,Master's,63401,"AWS, Machine Learning, Python, TensorFlow, PyTorch",Remote,Mar,150,Build AI systems using deep learning and generative AI technologies.
14354,BI Developer,Insight Corp,Enterprise,UK,Senior,Master's,112546,"Power BI, SQL, Excel, DAX",Remote,Dec,79,Develop interactive dashboards and business intelligence solutions.
14355,Data Analyst,TechNova,Startup,UK,Entry,Bachelor's,68453,"Tableau, DAX, SQL, Python, Excel",On-site,Jun,442,Analyze business data and create reports and dashboards.
14356,Business Analyst,DataSphere,Medium,India,Mid,Bachelor's,32591,"Power BI, SQL, Excel, Tableau",Remote,Dec,314,Gather requirements and improve business processes through data insights.
14357,Business Analyst,Analytica,Enterprise,Australia,Mid,Bachelor's,54635,"Excel, Tableau, SQL, Power BI",On-site,Jan,200,Gather requirements and improve business processes through data insights.
14358,AI Engineer,InnoSoft,Enterprise,USA,Mid,Bachelor's,204483,"Machine Learning, TensorFlow, AWS, PyTorch",On-site,Mar,84,Build AI systems using deep learning and generative AI technologies.
14359,Data Scientist,TechNova,Startup,USA,Entry,Bachelor's,92378,"SQL, PyTorch, TensorFlow, Python, Machine Learning",Hybrid,Aug,238,Build predictive models and perform advanced analytics.
14360,AI Engineer,DataSphere,Medium,Germany,Entry,Master's,121951,"PyTorch, AWS, Python",Hybrid,Oct,259,Build AI systems using deep learning and generative AI technologies.
14361,Business Analyst,TechNova,Startup,UK,Entry,Master's,57123,"Tableau, SQL, Excel, Power BI",Remote,Dec,218,Gather requirements and improve business processes through data insights.
14362,BI Developer,Insight Corp,Enterprise,India,Entry,Bachelor's,35536,"Excel, Power BI, DAX",On-site,Aug,397,Develop interactive dashboards and business intelligence solutions.
14363,Business Analyst,CloudMatrix,Medium,UK,Mid,Master's,46576,"Tableau, Power BI, SQL, Excel",Remote,Apr,243,Gather requirements and improve business processes through data insights.
14364,ML Engineer,InnoSoft,Enterprise,UK,Senior,Master's,205745,"AWS, Python, TensorFlow, PyTorch",On-site,Dec,188,Deploy and optimize machine learning models in production.
14365,AI Engineer,CloudMatrix,Medium,Singapore,Mid,Bachelor's,199472,"Python, PyTorch, TensorFlow, AWS",On-site,Jan,244,Build AI systems using deep learning and generative AI technologies.
14366,Data Scientist,DataSphere,Medium,UK,Senior,Master's,109686,"SQL, Machine Learning, PyTorch",Hybrid,Feb,109,Build predictive models and perform advanced analytics.
14367,ML Engineer,Analytica,Enterprise,USA,Entry,Master's,86442,"Machine Learning, AWS, TensorFlow, Python, PyTorch",Hybrid,Nov,258,Deploy and optimize machine learning models in production.
14368,Business Analyst,Analytica,Enterprise,India,Entry,Master's,19895,"Excel, Power BI, SQL",On-site,Oct,382,Gather requirements and improve business processes through data insights.
14369,ML Engineer,DataSphere,Medium,UK,Entry,Master's,122082,"TensorFlow, Machine Learning, AWS, PyTorch",Remote,May,381,Deploy and optimize machine learning models in production.
14370,Data Engineer,DataSphere,Medium,Canada,Entry,Bachelor's,88037,"Python, Spark, AWS, SQL",Remote,Feb,332,Design and maintain data pipelines and data warehouses.
14371,Data Analyst,ByteWorks,Startup,USA,Mid,Master's,71091,"SQL, Power BI, Excel",On-site,Oct,120,Analyze business data and create reports and dashboards.
14372,AI Engineer,CloudMatrix,Medium,India,Mid,Bachelor's,95440,"Machine Learning, AWS, PyTorch, TensorFlow, Python",Hybrid,Aug,344,Build AI systems using deep learning and generative AI technologies.
14373,Data Engineer,DataSphere,Medium,Canada,Entry,Master's,90314,"SQL, AWS, Spark",Hybrid,Sep,400,Design and maintain data pipelines and data warehouses.
14374,Data Engineer,NextGen AI,Startup,India,Senior,PhD,80766,"Python, AWS, Spark",Remote,Oct,291,Design and maintain data pipelines and data warehouses.
14375,BI Developer,ByteWorks,Startup,UK,Mid,Master's,100698,"Power BI, SQL, Excel",Hybrid,Oct,187,Develop interactive dashboards and business intelligence solutions.
14376,AI Engineer,InnoSoft,Enterprise,Germany,Mid,Master's,143725,"TensorFlow, Python, Machine Learning, PyTorch, AWS",On-site,Oct,54,Build AI systems using deep learning and generative AI technologies.
14377,AI Engineer,TechNova,Startup,Singapore,Senior,Master's,192202,"AWS, Machine Learning, Python",Hybrid,Oct,55,Build AI systems using deep learning and generative AI technologies.
14378,Data Analyst,Analytica,Enterprise,UK,Entry,Bachelor's,46277,"Tableau, Power BI, Excel",Hybrid,Dec,237,Analyze business data and create reports and dashboards.
14379,Data Scientist,Insight Corp,Enterprise,UK,Entry,Master's,105156,"Python, TensorFlow, SQL",Remote,Jul,468,Build predictive models and perform advanced analytics.
14380,ML Engineer,CloudMatrix,Medium,Canada,Senior,PhD,159408,"Python, TensorFlow, AWS, Machine Learning, PyTorch",On-site,Nov,115,Deploy and optimize machine learning models in production.
14381,AI Engineer,ByteWorks,Startup,Singapore,Mid,Master's,143964,"AWS, Python, PyTorch, Machine Learning, TensorFlow",Remote,Nov,95,Build AI systems using deep learning and generative AI technologies.
14382,AI Engineer,DataSphere,Medium,Germany,Mid,Bachelor's,120209,"PyTorch, Machine Learning, AWS",On-site,Feb,113,Build AI systems using deep learning and generative AI technologies.
14383,ML Engineer,DataSphere,Medium,USA,Mid,Master's,182167,"Python, Machine Learning, TensorFlow, PyTorch",Remote,Mar,157,Deploy and optimize machine learning models in production.
14384,BI Developer,ByteWorks,Startup,Germany,Mid,Master's,57682,"Power BI, Excel, DAX, SQL",Remote,Aug,65,Develop interactive dashboards and business intelligence solutions.
14385,Data Analyst,InnoSoft,Enterprise,Canada,Entry,Master's,57749,"Tableau, Excel, Python, DAX",On-site,Feb,366,Analyze business data and create reports and dashboards.
14386,BI Developer,TechNova,Startup,Australia,Entry,Master's,60608,"DAX, Excel, Power BI, SQL",On-site,Mar,307,Develop interactive dashboards and business intelligence solutions.
14387,ML Engineer,CloudMatrix,Medium,USA,Senior,PhD,224289,"AWS, TensorFlow, PyTorch, Python, Machine Learning",Remote,Jul,139,Deploy and optimize machine learning models in production.
14388,ML Engineer,ByteWorks,Startup,Germany,Entry,Master's,94400,"Python, PyTorch, TensorFlow",Remote,Jan,291,Deploy and optimize machine learning models in production.
14389,Data Scientist,CloudMatrix,Medium,Australia,Mid,Bachelor's,93858,"SQL, PyTorch, TensorFlow",Remote,Jul,83,Build predictive models and perform advanced analytics.
14390,Business Analyst,CloudMatrix,Medium,India,Mid,Bachelor's,38038,"SQL, Excel, Tableau",Remote,Jul,353,Gather requirements and improve business processes through data insights.
14391,Data Scientist,InnoSoft,Enterprise,USA,Senior,Master's,160009,"Python, PyTorch, Machine Learning, TensorFlow",Remote,Jul,141,Build predictive models and perform advanced analytics.
14392,BI Developer,CloudMatrix,Medium,UK,Entry,Bachelor's,57033,"DAX, SQL, Power BI, Excel",Remote,Nov,293,Develop interactive dashboards and business intelligence solutions.
14393,AI Engineer,InnoSoft,Enterprise,USA,Entry,Master's,107382,"TensorFlow, Python, Machine Learning, PyTorch",Remote,Dec,328,Build AI systems using deep learning and generative AI technologies.
14394,BI Developer,TechNova,Startup,Australia,Mid,Master's,96397,"Power BI, SQL, DAX, Excel",On-site,Jul,247,Develop interactive dashboards and business intelligence solutions.
14395,BI Developer,NextGen AI,Startup,Canada,Senior,Master's,83838,"DAX, SQL, Excel, Power BI",Hybrid,Apr,239,Develop interactive dashboards and business intelligence solutions.
14396,Data Scientist,Insight Corp,Enterprise,UK,Entry,Master's,103653,"PyTorch, SQL, Python, Machine Learning",Hybrid,Apr,338,Build predictive models and perform advanced analytics.
14397,ML Engineer,NextGen AI,Startup,Singapore,Entry,Bachelor's,97257,"Machine Learning, Python, TensorFlow, AWS, PyTorch",Hybrid,Feb,215,Deploy and optimize machine learning models in production.
14398,AI Engineer,CloudMatrix,Medium,Canada,Mid,Bachelor's,107825,"Python, TensorFlow, Machine Learning, PyTorch",On-site,May,84,Build AI systems using deep learning and generative AI technologies.
14399,Data Analyst,DataSphere,Medium,Germany,Mid,Master's,55960,"DAX, Excel, Tableau, SQL",On-site,Dec,201,Analyze business data and create reports and dashboards.
14400,Data Scientist,ByteWorks,Startup,USA,Entry,Master's,123867,"Machine Learning, Python, SQL",Remote,Jun,291,Build predictive models and perform advanced analytics.
14401,ML Engineer,Analytica,Enterprise,Singapore,Entry,Bachelor's,136080,"TensorFlow, Machine Learning, Python, PyTorch, AWS",Remote,May,334,Deploy and optimize machine learning models in production.
14402,Business Analyst,InnoSoft,Enterprise,USA,Senior,PhD,111195,"Power BI, Excel, Tableau, SQL",Hybrid,Feb,73,Gather requirements and improve business processes through data insights.
14403,AI Engineer,Analytica,Enterprise,Singapore,Mid,Bachelor's,117060,"Machine Learning, TensorFlow, AWS",Remote,Oct,66,Build AI systems using deep learning and generative AI technologies.
14404,ML Engineer,NextGen AI,Startup,Singapore,Entry,Bachelor's,139417,"Python, Machine Learning, TensorFlow, AWS, PyTorch",Remote,Feb,324,Deploy and optimize machine learning models in production.
14405,Data Analyst,DataSphere,Medium,India,Senior,PhD,44781,"SQL, Python, Excel, Power BI",Remote,Jul,204,Analyze business data and create reports and dashboards.
14406,Data Scientist,ByteWorks,Startup,Singapore,Entry,Bachelor's,69098,"Machine Learning, SQL, TensorFlow, Python",On-site,Aug,341,Build predictive models and perform advanced analytics.
14407,AI Engineer,NextGen AI,Startup,Australia,Mid,Master's,128183,"PyTorch, TensorFlow, Python",Hybrid,May,238,Build AI systems using deep learning and generative AI technologies.
14408,Data Engineer,TechNova,Startup,Germany,Mid,Master's,144715,"AWS, SQL, Spark, Python",On-site,Jun,203,Design and maintain data pipelines and data warehouses.
14409,BI Developer,NextGen AI,Startup,UK,Entry,Master's,80160,"Excel, SQL, DAX, Power BI",Hybrid,Jun,333,Develop interactive dashboards and business intelligence solutions.
14410,ML Engineer,NextGen AI,Startup,Canada,Mid,Bachelor's,99476,"Machine Learning, PyTorch, AWS, TensorFlow, Python",Hybrid,Mar,69,Deploy and optimize machine learning models in production.
14411,Business Analyst,NextGen AI,Startup,Singapore,Mid,Master's,68591,"Power BI, SQL, Tableau, Excel",Hybrid,Nov,212,Gather requirements and improve business processes through data insights.
14412,Data Scientist,Insight Corp,Enterprise,Canada,Senior,Master's,109527,"TensorFlow, SQL, Python",Remote,May,229,Build predictive models and perform advanced analytics.
14413,Business Analyst,ByteWorks,Startup,Singapore,Entry,Master's,41997,"Power BI, Excel, Tableau",On-site,Jul,257,Gather requirements and improve business processes through data insights.
14414,AI Engineer,Insight Corp,Enterprise,Singapore,Entry,Bachelor's,101973,"TensorFlow, PyTorch, AWS, Python",Remote,Aug,294,Build AI systems using deep learning and generative AI technologies.
14415,Business Analyst,TechNova,Startup,Australia,Mid,Bachelor's,79547,"SQL, Excel, Tableau, Power BI",Hybrid,Oct,162,Gather requirements and improve business processes through data insights.
14416,Data Engineer,NextGen AI,Startup,Canada,Mid,Bachelor's,134715,"Spark, Python, AWS, SQL",Remote,Sep,91,Design and maintain data pipelines and data warehouses.
14417,Business Analyst,DataSphere,Medium,UK,Senior,PhD,77489,"SQL, Power BI, Tableau, Excel",Remote,Jan,235,Gather requirements and improve business processes through data insights.
14418,BI Developer,TechNova,Startup,Germany,Mid,Master's,81739,"Excel, SQL, Power BI, DAX",Hybrid,Nov,74,Develop interactive dashboards and business intelligence solutions.
14419,Data Scientist,InnoSoft,Enterprise,India,Mid,Master's,68325,"Machine Learning, TensorFlow, Python, SQL, PyTorch",Hybrid,Jun,227,Build predictive models and perform advanced analytics.
14420,Data Scientist,CloudMatrix,Medium,India,Mid,Master's,59174,"Python, PyTorch, Machine Learning",Hybrid,Jul,328,Build predictive models and perform advanced analytics.
14421,ML Engineer,NextGen AI,Startup,USA,Mid,Bachelor's,158915,"Python, TensorFlow, PyTorch",Remote,Mar,133,Deploy and optimize machine learning models in production.
14422,Data Analyst,Insight Corp,Enterprise,UK,Entry,Bachelor's,45153,"SQL, Python, DAX, Tableau, Excel",On-site,Mar,195,Analyze business data and create reports and dashboards.
14423,ML Engineer,TechNova,Startup,USA,Mid,Bachelor's,156836,"AWS, Machine Learning, Python, TensorFlow",On-site,Dec,67,Deploy and optimize machine learning models in production.
14424,Data Engineer,InnoSoft,Enterprise,UK,Entry,Master's,115719,"Python, Spark, SQL",Remote,Apr,338,Design and maintain data pipelines and data warehouses.
14425,BI Developer,Insight Corp,Enterprise,UK,Mid,Bachelor's,69909,"DAX, Excel, SQL, Power BI",Hybrid,Feb,143,Develop interactive dashboards and business intelligence solutions.
14426,Business Analyst,CloudMatrix,Medium,Canada,Senior,PhD,59015,"Power BI, Tableau, Excel",Remote,Dec,80,Gather requirements and improve business processes through data insights.
14427,BI Developer,ByteWorks,Startup,Germany,Mid,Bachelor's,90533,"DAX, Power BI, Excel, SQL",Hybrid,Apr,65,Develop interactive dashboards and business intelligence solutions.
14428,ML Engineer,DataSphere,Medium,Canada,Mid,Bachelor's,115863,"PyTorch, Machine Learning, AWS, TensorFlow, Python",Remote,Jun,80,Deploy and optimize machine learning models in production.
14429,BI Developer,CloudMatrix,Medium,USA,Entry,Master's,75994,"DAX, SQL, Excel, Power BI",On-site,Jun,479,Develop interactive dashboards and business intelligence solutions.
14430,Data Analyst,CloudMatrix,Medium,UK,Senior,Master's,101774,"Tableau, DAX, Excel",Hybrid,Oct,63,Analyze business data and create reports and dashboards.
14431,Business Analyst,ByteWorks,Startup,Germany,Mid,Master's,83958,"Power BI, Tableau, Excel, SQL",Remote,May,53,Gather requirements and improve business processes through data insights.
14432,ML Engineer,NextGen AI,Startup,India,Entry,Master's,50713,"AWS, TensorFlow, PyTorch",On-site,Jan,512,Deploy and optimize machine learning models in production.
14433,Data Scientist,InnoSoft,Enterprise,Germany,Senior,PhD,127091,"TensorFlow, Python, SQL, Machine Learning, PyTorch",Remote,Oct,57,Build predictive models and perform advanced analytics.
14434,Data Engineer,NextGen AI,Startup,UK,Senior,Master's,197403,"Python, SQL, Spark",Hybrid,Jun,237,Design and maintain data pipelines and data warehouses.
14435,AI Engineer,TechNova,Startup,Singapore,Entry,Master's,118526,"Machine Learning, PyTorch, AWS, Python",Hybrid,Feb,268,Build AI systems using deep learning and generative AI technologies.
14436,AI Engineer,Insight Corp,Enterprise,Germany,Senior,PhD,178725,"AWS, Machine Learning, PyTorch, TensorFlow, Python",Hybrid,Dec,51,Build AI systems using deep learning and generative AI technologies.
14437,Data Scientist,InnoSoft,Enterprise,USA,Mid,Master's,120190,"Python, PyTorch, Machine Learning, TensorFlow, SQL",Hybrid,Dec,166,Build predictive models and perform advanced analytics.
14438,Data Scientist,ByteWorks,Startup,Singapore,Entry,Bachelor's,67926,"PyTorch, Python, Machine Learning, SQL, TensorFlow",Remote,Sep,497,Build predictive models and perform advanced analytics.
14439,BI Developer,InnoSoft,Enterprise,Germany,Senior,Master's,107866,"DAX, SQL, Power BI, Excel",On-site,Aug,175,Develop interactive dashboards and business intelligence solutions.
14440,BI Developer,ByteWorks,Startup,Singapore,Entry,Master's,74940,"Excel, SQL, Power BI",On-site,Apr,379,Develop interactive dashboards and business intelligence solutions.
14441,Data Scientist,DataSphere,Medium,Singapore,Senior,PhD,129017,"TensorFlow, PyTorch, Python, Machine Learning, SQL",On-site,Feb,74,Build predictive models and perform advanced analytics.
14442,Data Scientist,Analytica,Enterprise,Canada,Mid,Master's,97204,"TensorFlow, Machine Learning, Python",Hybrid,Feb,130,Build predictive models and perform advanced analytics.
14443,Data Analyst,DataSphere,Medium,Australia,Entry,Bachelor's,50263,"Python, Excel, DAX, SQL, Power BI",Hybrid,Feb,460,Analyze business data and create reports and dashboards.
14444,Data Analyst,InnoSoft,Enterprise,India,Senior,Master's,53791,"Python, Excel, Power BI, Tableau, SQL",Remote,Oct,237,Analyze business data and create reports and dashboards.
14445,AI Engineer,Insight Corp,Enterprise,USA,Entry,Bachelor's,155621,"PyTorch, Machine Learning, AWS",Hybrid,May,211,Build AI systems using deep learning and generative AI technologies.
14446,AI Engineer,Analytica,Enterprise,Singapore,Entry,Master's,88621,"AWS, PyTorch, TensorFlow",Remote,Dec,468,Build AI systems using deep learning and generative AI technologies.
14447,Business Analyst,ByteWorks,Startup,Singapore,Entry,Bachelor's,58549,"Tableau, Excel, Power BI, SQL",Hybrid,Nov,265,Gather requirements and improve business processes through data insights.
14448,BI Developer,Insight Corp,Enterprise,Germany,Mid,Master's,100969,"Excel, DAX, SQL",Remote,Mar,210,Develop interactive dashboards and business intelligence solutions.
14449,Business Analyst,NextGen AI,Startup,Singapore,Entry,Master's,70575,"Tableau, Power BI, Excel, SQL",On-site,Dec,427,Gather requirements and improve business processes through data insights.
14450,BI Developer,CloudMatrix,Medium,USA,Mid,Master's,91982,"SQL, DAX, Excel, Power BI",Hybrid,Dec,61,Develop interactive dashboards and business intelligence solutions.
14451,AI Engineer,TechNova,Startup,USA,Mid,Bachelor's,158128,"AWS, TensorFlow, Machine Learning",On-site,Nov,50,Build AI systems using deep learning and generative AI technologies.
14452,Data Scientist,Insight Corp,Enterprise,UK,Senior,PhD,121332,"SQL, Python, Machine Learning, TensorFlow",On-site,Jun,225,Build predictive models and perform advanced analytics.
14453,Data Analyst,CloudMatrix,Medium,USA,Senior,Master's,89483,"Power BI, Python, SQL",On-site,Nov,152,Analyze business data and create reports and dashboards.
14454,Data Engineer,InnoSoft,Enterprise,India,Senior,PhD,55535,"AWS, Spark, Python, SQL",Hybrid,Dec,190,Design and maintain data pipelines and data warehouses.
14455,AI Engineer,InnoSoft,Enterprise,Singapore,Entry,Bachelor's,124605,"TensorFlow, Machine Learning, Python, PyTorch, AWS",Remote,Sep,391,Build AI systems using deep learning and generative AI technologies.
14456,Data Engineer,DataSphere,Medium,Germany,Mid,Bachelor's,114573,"SQL, Spark, Python",On-site,Mar,131,Design and maintain data pipelines and data warehouses.
14457,Data Scientist,InnoSoft,Enterprise,USA,Entry,Master's,88112,"Python, Machine Learning, TensorFlow, PyTorch",On-site,Sep,236,Build predictive models and perform advanced analytics.
14458,Data Engineer,Insight Corp,Enterprise,UK,Senior,PhD,139472,"SQL, Python, Spark, AWS",Remote,Jul,221,Design and maintain data pipelines and data warehouses.
14459,Data Analyst,Analytica,Enterprise,India,Entry,Master's,23016,"SQL, DAX, Power BI",Remote,Dec,577,Analyze business data and create reports and dashboards.
14460,ML Engineer,InnoSoft,Enterprise,India,Mid,Bachelor's,73229,"AWS, TensorFlow, Python, Machine Learning",On-site,Dec,314,Deploy and optimize machine learning models in production.
14461,Data Analyst,Insight Corp,Enterprise,UK,Senior,Master's,111270,"SQL, Excel, Power BI",On-site,Jan,117,Analyze business data and create reports and dashboards.
14462,Business Analyst,Analytica,Enterprise,Canada,Mid,Bachelor's,67896,"Tableau, SQL, Excel",Remote,Dec,215,Gather requirements and improve business processes through data insights.
14463,Data Analyst,TechNova,Startup,Germany,Mid,Master's,68800,"Power BI, SQL, DAX, Excel",Hybrid,Aug,50,Analyze business data and create reports and dashboards.
14464,AI Engineer,CloudMatrix,Medium,UK,Entry,Master's,142200,"PyTorch, AWS, Python, Machine Learning, TensorFlow",On-site,Apr,387,Build AI systems using deep learning and generative AI technologies.
14465,Data Engineer,NextGen AI,Startup,Germany,Mid,Master's,89870,"Spark, AWS, Python, SQL",Remote,Oct,97,Design and maintain data pipelines and data warehouses.
14466,ML Engineer,Insight Corp,Enterprise,Singapore,Senior,Master's,204870,"TensorFlow, AWS, PyTorch, Python, Machine Learning",Remote,Aug,245,Deploy and optimize machine learning models in production.
14467,Data Engineer,ByteWorks,Startup,USA,Entry,Bachelor's,79715,"SQL, AWS, Spark, Python",Remote,Aug,387,Design and maintain data pipelines and data warehouses.
14468,ML Engineer,NextGen AI,Startup,Germany,Entry,Master's,85803,"PyTorch, Machine Learning, TensorFlow, AWS",Remote,Aug,276,Deploy and optimize machine learning models in production.
14469,AI Engineer,Insight Corp,Enterprise,Germany,Entry,Master's,94197,"PyTorch, Machine Learning, AWS, Python",Hybrid,Feb,268,Build AI systems using deep learning and generative AI technologies.
14470,ML Engineer,ByteWorks,Startup,Germany,Mid,Master's,172208,"TensorFlow, Python, AWS",Hybrid,Oct,239,Deploy and optimize machine learning models in production.
14471,AI Engineer,InnoSoft,Enterprise,USA,Mid,Master's,112816,"PyTorch, Python, Machine Learning",Hybrid,Feb,52,Build AI systems using deep learning and generative AI technologies.
14472,AI Engineer,CloudMatrix,Medium,Singapore,Entry,Master's,87772,"Machine Learning, Python, AWS",Remote,May,249,Build AI systems using deep learning and generative AI technologies.
14473,Business Analyst,DataSphere,Medium,Australia,Senior,PhD,99218,"Power BI, Tableau, Excel",Remote,Sep,238,Gather requirements and improve business processes through data insights.
14474,Data Engineer,DataSphere,Medium,Australia,Mid,Bachelor's,157901,"AWS, Python, Spark, SQL",Hybrid,Aug,229,Design and maintain data pipelines and data warehouses.
14475,Data Engineer,TechNova,Startup,UK,Mid,Master's,161337,"AWS, Python, Spark, SQL",On-site,Mar,110,Design and maintain data pipelines and data warehouses.
14476,Data Analyst,Insight Corp,Enterprise,Germany,Senior,Master's,103939,"Tableau, Python, Power BI",On-site,Oct,100,Analyze business data and create reports and dashboards.
14477,AI Engineer,Insight Corp,Enterprise,UK,Entry,Bachelor's,85608,"AWS, PyTorch, TensorFlow, Machine Learning, Python",Hybrid,Sep,366,Build AI systems using deep learning and generative AI technologies.
14478,BI Developer,DataSphere,Medium,India,Entry,Bachelor's,30247,"DAX, Power BI, Excel",On-site,Jan,469,Develop interactive dashboards and business intelligence solutions.
14479,ML Engineer,DataSphere,Medium,UK,Mid,Bachelor's,173101,"PyTorch, TensorFlow, Python, Machine Learning, AWS",Remote,Nov,176,Deploy and optimize machine learning models in production.
14480,ML Engineer,Analytica,Enterprise,Australia,Entry,Bachelor's,120421,"AWS, TensorFlow, Python",Hybrid,Feb,219,Deploy and optimize machine learning models in production.
14481,ML Engineer,Insight Corp,Enterprise,USA,Entry,Bachelor's,135606,"AWS, Machine Learning, TensorFlow, PyTorch",Hybrid,Aug,307,Deploy and optimize machine learning models in production.
14482,Data Scientist,Analytica,Enterprise,India,Mid,Master's,76897,"Machine Learning, TensorFlow, PyTorch, SQL",Hybrid,May,314,Build predictive models and perform advanced analytics.
14483,AI Engineer,TechNova,Startup,UK,Entry,Master's,144492,"AWS, Machine Learning, Python, TensorFlow, PyTorch",Hybrid,Mar,275,Build AI systems using deep learning and generative AI technologies.
14484,Data Engineer,InnoSoft,Enterprise,UK,Entry,Bachelor's,126187,"Spark, Python, AWS",Hybrid,Feb,321,Design and maintain data pipelines and data warehouses.
14485,AI Engineer,TechNova,Startup,India,Entry,Bachelor's,68274,"TensorFlow, AWS, Python, Machine Learning, PyTorch",On-site,Oct,412,Build AI systems using deep learning and generative AI technologies.
14486,Data Engineer,Analytica,Enterprise,Singapore,Mid,Bachelor's,121401,"Python, Spark, AWS",Remote,Oct,96,Design and maintain data pipelines and data warehouses.
14487,ML Engineer,InnoSoft,Enterprise,USA,Mid,Master's,148552,"PyTorch, Machine Learning, AWS, TensorFlow",Remote,Aug,216,Deploy and optimize machine learning models in production.
14488,Business Analyst,Analytica,Enterprise,UK,Senior,Master's,74085,"Tableau, Excel, SQL, Power BI",Remote,Jul,124,Gather requirements and improve business processes through data insights.
14489,Data Scientist,ByteWorks,Startup,Germany,Mid,Bachelor's,117213,"SQL, Python, PyTorch, Machine Learning, TensorFlow",On-site,Apr,82,Build predictive models and perform advanced analytics.
14490,Data Scientist,ByteWorks,Startup,India,Senior,PhD,62753,"Python, SQL, TensorFlow",Hybrid,Oct,273,Build predictive models and perform advanced analytics.
14491,Data Analyst,DataSphere,Medium,USA,Mid,Bachelor's,62532,"Power BI, SQL, Excel",On-site,Jun,95,Analyze business data and create reports and dashboards.
14492,Data Scientist,Analytica,Enterprise,India,Entry,Bachelor's,54430,"Python, Machine Learning, PyTorch, SQL, TensorFlow",Remote,Sep,376,Build predictive models and perform advanced analytics.
14493,AI Engineer,Insight Corp,Enterprise,Canada,Entry,Master's,96919,"PyTorch, Python, Machine Learning, AWS, TensorFlow",On-site,Dec,335,Build AI systems using deep learning and generative AI technologies.
14494,Business Analyst,TechNova,Startup,India,Entry,Master's,23490,"Excel, Tableau, SQL, Power BI",Hybrid,Nov,363,Gather requirements and improve business processes through data insights.
14495,Data Scientist,ByteWorks,Startup,Australia,Mid,Master's,154405,"SQL, Machine Learning, TensorFlow",Remote,Jan,102,Build predictive models and perform advanced analytics.
14496,Data Engineer,NextGen AI,Startup,Germany,Entry,Bachelor's,92639,"Spark, AWS, Python, SQL",On-site,Dec,380,Design and maintain data pipelines and data warehouses.
14497,Data Engineer,ByteWorks,Startup,Germany,Mid,Master's,99070,"Python, Spark, AWS, SQL",Remote,Oct,192,Design and maintain data pipelines and data warehouses.
14498,ML Engineer,ByteWorks,Startup,Canada,Entry,Master's,129385,"Python, PyTorch, TensorFlow, AWS",On-site,Nov,259,Deploy and optimize machine learning models in production.
14499,AI Engineer,NextGen AI,Startup,Singapore,Entry,Master's,97855,"Machine Learning, AWS, PyTorch",Hybrid,Mar,280,Build AI systems using deep learning and generative AI technologies.
14500,Business Analyst,CloudMatrix,Medium,Germany,Mid,Bachelor's,68657,"Power BI, Tableau, Excel",Remote,Nov,62,Gather requirements and improve business processes through data insights.
14501,Business Analyst,InnoSoft,Enterprise,Germany,Entry,Master's,51870,"Excel, Tableau, Power BI, SQL",On-site,Sep,368,Gather requirements and improve business processes through data insights.
14502,Business Analyst,CloudMatrix,Medium,Canada,Mid,Bachelor's,75185,"Tableau, SQL, Power BI, Excel",Remote,Aug,162,Gather requirements and improve business processes through data insights.
14503,BI Developer,DataSphere,Medium,Germany,Entry,Bachelor's,45263,"DAX, SQL, Excel, Power BI",Remote,Aug,361,Develop interactive dashboards and business intelligence solutions.
14504,ML Engineer,InnoSoft,Enterprise,USA,Mid,Master's,124495,"Python, TensorFlow, AWS, Machine Learning, PyTorch",Hybrid,May,177,Deploy and optimize machine learning models in production.
14505,BI Developer,TechNova,Startup,Singapore,Mid,Master's,105687,"DAX, Power BI, Excel, SQL",On-site,Dec,70,Develop interactive dashboards and business intelligence solutions.
14506,Data Engineer,Insight Corp,Enterprise,UK,Entry,Bachelor's,99502,"SQL, AWS, Spark, Python",On-site,Mar,341,Design and maintain data pipelines and data warehouses.
14507,AI Engineer,NextGen AI,Startup,Canada,Senior,Master's,137017,"Machine Learning, AWS, Python, TensorFlow",Hybrid,Sep,219,Build AI systems using deep learning and generative AI technologies.
14508,ML Engineer,TechNova,Startup,Canada,Mid,Master's,144857,"PyTorch, TensorFlow, AWS, Python, Machine Learning",Hybrid,Oct,58,Deploy and optimize machine learning models in production.
14509,Business Analyst,DataSphere,Medium,Germany,Entry,Master's,39859,"Power BI, SQL, Excel, Tableau",Hybrid,Aug,296,Gather requirements and improve business processes through data insights.
14510,ML Engineer,ByteWorks,Startup,India,Mid,Bachelor's,78913,"Machine Learning, AWS, TensorFlow, PyTorch, Python",Hybrid,Aug,191,Deploy and optimize machine learning models in production.
14511,Data Engineer,Analytica,Enterprise,UK,Senior,Master's,123347,"Python, Spark, SQL, AWS",Hybrid,Feb,159,Design and maintain data pipelines and data warehouses.
14512,Data Engineer,Analytica,Enterprise,Canada,Mid,Master's,145805,"AWS, Spark, SQL",On-site,May,99,Design and maintain data pipelines and data warehouses.
14513,BI Developer,Analytica,Enterprise,Canada,Senior,PhD,109190,"DAX, Excel, Power BI, SQL",Hybrid,Sep,55,Develop interactive dashboards and business intelligence solutions.
14514,AI Engineer,CloudMatrix,Medium,Australia,Mid,Master's,135406,"PyTorch, Machine Learning, Python, AWS, TensorFlow",On-site,Jun,92,Build AI systems using deep learning and generative AI technologies.
14515,Business Analyst,Analytica,Enterprise,Germany,Entry,Bachelor's,40980,"SQL, Tableau, Power BI, Excel",On-site,Jun,402,Gather requirements and improve business processes through data insights.
14516,Business Analyst,Analytica,Enterprise,Australia,Mid,Master's,46954,"Tableau, Excel, Power BI, SQL",Hybrid,Dec,61,Gather requirements and improve business processes through data insights.
14517,Data Scientist,TechNova,Startup,Germany,Senior,PhD,176641,"Machine Learning, PyTorch, SQL",Remote,Jun,212,Build predictive models and perform advanced analytics.
14518,ML Engineer,NextGen AI,Startup,UK,Mid,Master's,128783,"Machine Learning, TensorFlow, PyTorch, Python",Hybrid,May,108,Deploy and optimize machine learning models in production.
14519,Data Engineer,CloudMatrix,Medium,UK,Mid,Master's,158352,"AWS, SQL, Spark",Remote,Apr,211,Design and maintain data pipelines and data warehouses.
14520,BI Developer,Analytica,Enterprise,UK,Mid,Bachelor's,62713,"Power BI, DAX, SQL",Hybrid,Jan,58,Develop interactive dashboards and business intelligence solutions.
14521,Data Analyst,NextGen AI,Startup,USA,Mid,Master's,88951,"Tableau, Python, Power BI, SQL",On-site,Dec,154,Analyze business data and create reports and dashboards.
14522,Data Engineer,DataSphere,Medium,Germany,Senior,Master's,135110,"Spark, Python, AWS, SQL",Hybrid,Jun,176,Design and maintain data pipelines and data warehouses.
14523,Data Analyst,DataSphere,Medium,USA,Entry,Bachelor's,52630,"Excel, Tableau, SQL, Power BI",Hybrid,Oct,293,Analyze business data and create reports and dashboards.
14524,Data Scientist,ByteWorks,Startup,Singapore,Entry,Bachelor's,80975,"Machine Learning, PyTorch, TensorFlow, Python, SQL",Remote,Aug,288,Build predictive models and perform advanced analytics.
14525,ML Engineer,TechNova,Startup,India,Mid,Bachelor's,69464,"PyTorch, AWS, TensorFlow",Remote,Aug,228,Deploy and optimize machine learning models in production.
14526,ML Engineer,CloudMatrix,Medium,India,Mid,Bachelor's,62720,"Python, PyTorch, AWS",On-site,May,140,Deploy and optimize machine learning models in production.
14527,Data Engineer,Analytica,Enterprise,Germany,Entry,Master's,125305,"SQL, AWS, Spark, Python",Hybrid,Feb,241,Design and maintain data pipelines and data warehouses.
14528,Data Scientist,Insight Corp,Enterprise,UK,Mid,Bachelor's,138963,"PyTorch, Machine Learning, Python, SQL, TensorFlow",Hybrid,Aug,227,Build predictive models and perform advanced analytics.
14529,Data Engineer,ByteWorks,Startup,India,Entry,Bachelor's,64759,"Spark, AWS, Python, SQL",On-site,Feb,406,Design and maintain data pipelines and data warehouses.
14530,ML Engineer,DataSphere,Medium,Canada,Senior,Master's,177636,"Machine Learning, PyTorch, Python, AWS",Remote,Oct,83,Deploy and optimize machine learning models in production.
14531,Data Scientist,CloudMatrix,Medium,Canada,Mid,Master's,142336,"TensorFlow, PyTorch, Machine Learning, Python, SQL",Remote,Mar,64,Build predictive models and perform advanced analytics.
14532,AI Engineer,DataSphere,Medium,India,Entry,Master's,52581,"AWS, Python, Machine Learning, TensorFlow, PyTorch",Hybrid,Mar,553,Build AI systems using deep learning and generative AI technologies.
14533,Data Analyst,InnoSoft,Enterprise,India,Senior,Master's,32690,"Tableau, Power BI, Excel, Python",Hybrid,Jan,144,Analyze business data and create reports and dashboards.
14534,Data Analyst,Insight Corp,Enterprise,UK,Mid,Bachelor's,72712,"DAX, Power BI, Tableau, Python",Remote,Mar,94,Analyze business data and create reports and dashboards.
14535,Data Engineer,TechNova,Startup,Singapore,Mid,Master's,130507,"Python, AWS, SQL, Spark",On-site,Apr,122,Design and maintain data pipelines and data warehouses.
14536,Data Engineer,InnoSoft,Enterprise,UK,Entry,Bachelor's,116040,"Python, SQL, Spark, AWS",On-site,Dec,489,Design and maintain data pipelines and data warehouses.
14537,Business Analyst,CloudMatrix,Medium,Australia,Mid,Bachelor's,58853,"Power BI, Excel, SQL, Tableau",Hybrid,Jan,193,Gather requirements and improve business processes through data insights.
14538,BI Developer,Analytica,Enterprise,Germany,Entry,Bachelor's,63058,"Excel, Power BI, SQL, DAX",Hybrid,Mar,333,Develop interactive dashboards and business intelligence solutions.
14539,BI Developer,CloudMatrix,Medium,USA,Mid,Bachelor's,100186,"Power BI, SQL, Excel, DAX",Remote,Jun,236,Develop interactive dashboards and business intelligence solutions.
14540,Data Analyst,ByteWorks,Startup,Australia,Mid,Bachelor's,73044,"DAX, SQL, Tableau",Remote,Feb,185,Analyze business data and create reports and dashboards.
14541,BI Developer,ByteWorks,Startup,Canada,Mid,Master's,78433,"SQL, DAX, Power BI",On-site,Feb,249,Develop interactive dashboards and business intelligence solutions.
14542,Data Engineer,CloudMatrix,Medium,Singapore,Entry,Master's,97659,"Python, Spark, AWS",Remote,May,425,Design and maintain data pipelines and data warehouses.
14543,Business Analyst,NextGen AI,Startup,India,Entry,Bachelor's,19274,"SQL, Tableau, Excel, Power BI",On-site,Jan,493,Gather requirements and improve business processes through data insights.
14544,ML Engineer,Analytica,Enterprise,Germany,Mid,Master's,173293,"PyTorch, TensorFlow, Python, AWS, Machine Learning",Hybrid,Aug,150,Deploy and optimize machine learning models in production.
14545,Data Scientist,CloudMatrix,Medium,Germany,Entry,Master's,114282,"PyTorch, Machine Learning, SQL",Remote,Jun,421,Build predictive models and perform advanced analytics.
14546,Data Analyst,DataSphere,Medium,UK,Entry,Bachelor's,61707,"Tableau, Excel, SQL, Python",On-site,Feb,287,Analyze business data and create reports and dashboards.
14547,Data Scientist,ByteWorks,Startup,India,Mid,Master's,65570,"TensorFlow, SQL, Python",Hybrid,Mar,168,Build predictive models and perform advanced analytics.
14548,ML Engineer,TechNova,Startup,Singapore,Senior,PhD,173508,"AWS, TensorFlow, Python, PyTorch",Remote,Jan,220,Deploy and optimize machine learning models in production.
14549,BI Developer,NextGen AI,Startup,UK,Entry,Bachelor's,57571,"Excel, Power BI, DAX",On-site,Apr,283,Develop interactive dashboards and business intelligence solutions.
14550,ML Engineer,Analytica,Enterprise,USA,Mid,Master's,185403,"Python, AWS, TensorFlow",Hybrid,Sep,169,Deploy and optimize machine learning models in production.
14551,Business Analyst,Analytica,Enterprise,Australia,Mid,Master's,71260,"Tableau, Power BI, Excel, SQL",On-site,Apr,126,Gather requirements and improve business processes through data insights.
14552,ML Engineer,TechNova,Startup,Singapore,Entry,Bachelor's,141965,"Python, PyTorch, AWS, TensorFlow, Machine Learning",On-site,Jul,472,Deploy and optimize machine learning models in production.
14553,Data Engineer,Analytica,Enterprise,Germany,Entry,Master's,69987,"Python, AWS, SQL, Spark",Remote,Feb,347,Design and maintain data pipelines and data warehouses.
14554,Data Analyst,Analytica,Enterprise,Canada,Senior,Master's,72128,"Power BI, Python, Tableau, SQL, DAX",Hybrid,Aug,193,Analyze business data and create reports and dashboards.
14555,Data Analyst,Analytica,Enterprise,Australia,Entry,Master's,67409,"Tableau, SQL, Python, DAX",Hybrid,Mar,172,Analyze business data and create reports and dashboards.
14556,ML Engineer,Insight Corp,Enterprise,USA,Entry,Master's,91365,"Machine Learning, AWS, TensorFlow, Python",On-site,May,262,Deploy and optimize machine learning models in production.
14557,Business Analyst,CloudMatrix,Medium,Australia,Entry,Bachelor's,59914,"Power BI, Tableau, SQL",Hybrid,Oct,323,Gather requirements and improve business processes through data insights.
14558,ML Engineer,TechNova,Startup,Singapore,Entry,Master's,111540,"AWS, TensorFlow, Python",Hybrid,Aug,321,Deploy and optimize machine learning models in production.
14559,BI Developer,InnoSoft,Enterprise,India,Senior,Master's,47328,"SQL, Power BI, DAX, Excel",On-site,Feb,134,Develop interactive dashboards and business intelligence solutions.
14560,Data Scientist,InnoSoft,Enterprise,Australia,Senior,PhD,111636,"Machine Learning, Python, SQL, PyTorch",Hybrid,Jan,215,Build predictive models and perform advanced analytics.
14561,ML Engineer,DataSphere,Medium,UK,Mid,Bachelor's,174444,"PyTorch, Machine Learning, TensorFlow, AWS, Python",Remote,Sep,103,Deploy and optimize machine learning models in production.
14562,Data Analyst,NextGen AI,Startup,India,Entry,Master's,28870,"Excel, Python, SQL",Hybrid,Nov,386,Analyze business data and create reports and dashboards.
14563,AI Engineer,TechNova,Startup,Canada,Entry,Master's,77201,"Python, AWS, PyTorch, Machine Learning",Remote,Apr,370,Build AI systems using deep learning and generative AI technologies.
14564,Data Scientist,DataSphere,Medium,USA,Entry,Master's,113652,"SQL, Machine Learning, Python",Hybrid,Sep,281,Build predictive models and perform advanced analytics.
14565,AI Engineer,Insight Corp,Enterprise,Singapore,Senior,PhD,240006,"Python, TensorFlow, Machine Learning, PyTorch",Remote,Dec,120,Build AI systems using deep learning and generative AI technologies.
14566,Data Scientist,ByteWorks,Startup,Singapore,Entry,Master's,78428,"SQL, Machine Learning, PyTorch, Python",Hybrid,Oct,304,Build predictive models and perform advanced analytics.
14567,Business Analyst,Insight Corp,Enterprise,Canada,Senior,PhD,85673,"Excel, SQL, Power BI, Tableau",Hybrid,Nov,81,Gather requirements and improve business processes through data insights.
14568,Business Analyst,DataSphere,Medium,Singapore,Senior,Master's,79952,"Power BI, SQL, Excel, Tableau",Hybrid,Jan,53,Gather requirements and improve business processes through data insights.
14569,ML Engineer,Insight Corp,Enterprise,USA,Entry,Master's,130332,"TensorFlow, PyTorch, Python, Machine Learning",On-site,Mar,266,Deploy and optimize machine learning models in production.
14570,BI Developer,ByteWorks,Startup,UK,Mid,Bachelor's,93828,"Power BI, SQL, Excel",Hybrid,Jun,216,Develop interactive dashboards and business intelligence solutions.
14571,Data Analyst,InnoSoft,Enterprise,USA,Mid,Master's,92781,"Tableau, Python, SQL, DAX, Power BI",Hybrid,Feb,116,Analyze business data and create reports and dashboards.
14572,Business Analyst,Analytica,Enterprise,India,Entry,Bachelor's,32571,"SQL, Excel, Power BI",Remote,Jan,593,Gather requirements and improve business processes through data insights.
14573,ML Engineer,Insight Corp,Enterprise,India,Mid,Master's,63648,"TensorFlow, Machine Learning, PyTorch",Remote,Nov,304,Deploy and optimize machine learning models in production.
14574,Business Analyst,Insight Corp,Enterprise,Canada,Senior,PhD,73134,"SQL, Excel, Tableau",On-site,Apr,141,Gather requirements and improve business processes through data insights.
14575,Data Engineer,NextGen AI,Startup,Germany,Entry,Master's,100508,"AWS, Spark, SQL, Python",Hybrid,Sep,361,Design and maintain data pipelines and data warehouses.
14576,ML Engineer,CloudMatrix,Medium,Australia,Mid,Bachelor's,128043,"PyTorch, Machine Learning, AWS, TensorFlow",Hybrid,Dec,231,Deploy and optimize machine learning models in production.
14577,Business Analyst,ByteWorks,Startup,Germany,Mid,Bachelor's,81244,"SQL, Excel, Tableau",Hybrid,Jul,130,Gather requirements and improve business processes through data insights.
14578,Data Scientist,ByteWorks,Startup,USA,Entry,Master's,109244,"Python, PyTorch, Machine Learning, TensorFlow, SQL",On-site,Sep,328,Build predictive models and perform advanced analytics.
14579,Business Analyst,Insight Corp,Enterprise,UK,Mid,Master's,78642,"Power BI, Tableau, Excel, SQL",On-site,Jan,51,Gather requirements and improve business processes through data insights.
14580,AI Engineer,ByteWorks,Startup,Canada,Mid,Master's,164427,"AWS, Machine Learning, PyTorch",Hybrid,Oct,151,Build AI systems using deep learning and generative AI technologies.
14581,Data Analyst,Analytica,Enterprise,Canada,Senior,Master's,92254,"Excel, DAX, Power BI",Remote,Oct,75,Analyze business data and create reports and dashboards.
14582,Business Analyst,NextGen AI,Startup,Canada,Mid,Bachelor's,65144,"Power BI, Tableau, Excel",On-site,Dec,158,Gather requirements and improve business processes through data insights.
14583,Business Analyst,TechNova,Startup,UK,Senior,PhD,85848,"Tableau, SQL, Power BI, Excel",Hybrid,Feb,174,Gather requirements and improve business processes through data insights.
14584,Business Analyst,Insight Corp,Enterprise,UK,Senior,PhD,78217,"Power BI, Excel, SQL, Tableau",On-site,Oct,108,Gather requirements and improve business processes through data insights.
14585,AI Engineer,ByteWorks,Startup,UK,Mid,Master's,131432,"TensorFlow, Python, Machine Learning, AWS",Hybrid,Apr,180,Build AI systems using deep learning and generative AI technologies.
14586,AI Engineer,CloudMatrix,Medium,Singapore,Mid,Master's,131709,"Python, Machine Learning, PyTorch",Remote,Dec,206,Build AI systems using deep learning and generative AI technologies.
14587,ML Engineer,ByteWorks,Startup,Germany,Mid,Master's,134493,"AWS, Machine Learning, Python, PyTorch, TensorFlow",On-site,Feb,249,Deploy and optimize machine learning models in production.
14588,Data Engineer,DataSphere,Medium,India,Mid,Bachelor's,60859,"AWS, Spark, SQL",Hybrid,Sep,178,Design and maintain data pipelines and data warehouses.
14589,ML Engineer,Analytica,Enterprise,Singapore,Entry,Bachelor's,94932,"AWS, PyTorch, Python, TensorFlow, Machine Learning",Hybrid,Oct,295,Deploy and optimize machine learning models in production.
14590,Data Analyst,Insight Corp,Enterprise,Singapore,Senior,PhD,100114,"Power BI, Excel, SQL",On-site,Feb,218,Analyze business data and create reports and dashboards.
14591,BI Developer,InnoSoft,Enterprise,USA,Senior,Master's,112536,"Power BI, SQL, Excel",Remote,Nov,57,Develop interactive dashboards and business intelligence solutions.
14592,Data Scientist,TechNova,Startup,UK,Entry,Bachelor's,90827,"Python, PyTorch, SQL",Hybrid,May,353,Build predictive models and perform advanced analytics.
14593,ML Engineer,InnoSoft,Enterprise,Canada,Mid,Bachelor's,107095,"PyTorch, AWS, Python, TensorFlow",Hybrid,Feb,88,Deploy and optimize machine learning models in production.
14594,ML Engineer,CloudMatrix,Medium,India,Mid,Master's,48393,"PyTorch, TensorFlow, Machine Learning",Hybrid,Nov,296,Deploy and optimize machine learning models in production.
14595,Data Scientist,TechNova,Startup,USA,Entry,Master's,76038,"PyTorch, Machine Learning, Python, SQL, TensorFlow",Remote,Jul,318,Build predictive models and perform advanced analytics.
14596,Data Engineer,DataSphere,Medium,UK,Mid,Bachelor's,146110,"Spark, Python, AWS, SQL",On-site,Apr,122,Design and maintain data pipelines and data warehouses.
14597,BI Developer,ByteWorks,Startup,India,Entry,Master's,28523,"Excel, SQL, DAX",Hybrid,Mar,525,Develop interactive dashboards and business intelligence solutions.
14598,Data Scientist,Insight Corp,Enterprise,Singapore,Senior,PhD,148186,"PyTorch, SQL, Python",Remote,Aug,147,Build predictive models and perform advanced analytics.
14599,Data Analyst,ByteWorks,Startup,USA,Senior,Master's,125152,"Excel, Tableau, Power BI, Python",Hybrid,Oct,121,Analyze business data and create reports and dashboards.
14600,Data Scientist,Insight Corp,Enterprise,Germany,Entry,Master's,107277,"TensorFlow, SQL, PyTorch, Python, Machine Learning",Hybrid,Jul,367,Build predictive models and perform advanced analytics.
14601,Data Engineer,CloudMatrix,Medium,UK,Senior,PhD,186075,"Spark, Python, AWS, SQL",On-site,Jun,166,Design and maintain data pipelines and data warehouses.
14602,AI Engineer,NextGen AI,Startup,UK,Entry,Bachelor's,107772,"Machine Learning, TensorFlow, Python, AWS, PyTorch",On-site,Sep,414,Build AI systems using deep learning and generative AI technologies.
14603,ML Engineer,ByteWorks,Startup,India,Mid,Bachelor's,80133,"TensorFlow, AWS, PyTorch, Python, Machine Learning",On-site,Nov,300,Deploy and optimize machine learning models in production.
14604,Business Analyst,Analytica,Enterprise,India,Mid,Bachelor's,38473,"Tableau, SQL, Power BI",On-site,Dec,250,Gather requirements and improve business processes through data insights.
14605,Business Analyst,TechNova,Startup,Canada,Senior,Master's,84511,"Tableau, SQL, Excel, Power BI",Remote,Jul,127,Gather requirements and improve business processes through data insights.
14606,Business Analyst,DataSphere,Medium,USA,Senior,Master's,78990,"SQL, Excel, Tableau",On-site,Feb,218,Gather requirements and improve business processes through data insights.
14607,Data Analyst,NextGen AI,Startup,Germany,Mid,Bachelor's,64336,"Power BI, Tableau, SQL, DAX, Python",Remote,Mar,57,Analyze business data and create reports and dashboards.
14608,Business Analyst,NextGen AI,Startup,Canada,Mid,Bachelor's,57659,"Power BI, Tableau, Excel, SQL",Hybrid,Oct,239,Gather requirements and improve business processes through data insights.
14609,Business Analyst,InnoSoft,Enterprise,UK,Entry,Master's,37418,"Power BI, SQL, Tableau",Remote,Dec,226,Gather requirements and improve business processes through data insights.
14610,Data Analyst,CloudMatrix,Medium,India,Senior,Master's,54694,"Python, SQL, Tableau",Hybrid,Apr,317,Analyze business data and create reports and dashboards.
14611,AI Engineer,ByteWorks,Startup,UK,Mid,Bachelor's,147277,"AWS, TensorFlow, Python",Remote,Sep,209,Build AI systems using deep learning and generative AI technologies.
14612,Data Analyst,TechNova,Startup,Singapore,Mid,Master's,72873,"Power BI, DAX, SQL",Remote,Feb,193,Analyze business data and create reports and dashboards.
14613,BI Developer,TechNova,Startup,Canada,Mid,Bachelor's,81955,"Excel, SQL, Power BI, DAX",Hybrid,Nov,69,Develop interactive dashboards and business intelligence solutions.
14614,Data Analyst,TechNova,Startup,Germany,Mid,Master's,71892,"SQL, DAX, Tableau, Python, Power BI",On-site,Dec,219,Analyze business data and create reports and dashboards.
14615,ML Engineer,NextGen AI,Startup,Singapore,Mid,Master's,107459,"Machine Learning, Python, AWS",On-site,Mar,66,Deploy and optimize machine learning models in production.
14616,Business Analyst,InnoSoft,Enterprise,Singapore,Mid,Master's,86233,"SQL, Excel, Power BI, Tableau",On-site,Feb,126,Gather requirements and improve business processes through data insights.
14617,Data Analyst,NextGen AI,Startup,Canada,Mid,Master's,66572,"Power BI, Excel, SQL",Remote,Oct,114,Analyze business data and create reports and dashboards.
14618,AI Engineer,Insight Corp,Enterprise,India,Senior,Master's,112096,"AWS, Python, Machine Learning, PyTorch, TensorFlow",Remote,Feb,254,Build AI systems using deep learning and generative AI technologies.
14619,Data Analyst,DataSphere,Medium,Canada,Mid,Bachelor's,52583,"Excel, SQL, Power BI",On-site,Apr,202,Analyze business data and create reports and dashboards.
14620,BI Developer,DataSphere,Medium,India,Mid,Master's,33747,"Excel, SQL, DAX, Power BI",Remote,Mar,195,Develop interactive dashboards and business intelligence solutions.
14621,Data Scientist,Insight Corp,Enterprise,Canada,Senior,PhD,178721,"PyTorch, SQL, Python, Machine Learning",Hybrid,Nov,250,Build predictive models and perform advanced analytics.
14622,Data Engineer,Analytica,Enterprise,Singapore,Entry,Bachelor's,123178,"AWS, SQL, Python, Spark",Remote,Dec,187,Design and maintain data pipelines and data warehouses.
14623,BI Developer,DataSphere,Medium,India,Mid,Master's,47556,"Power BI, SQL, DAX, Excel",Remote,Feb,305,Develop interactive dashboards and business intelligence solutions.
14624,Data Analyst,Analytica,Enterprise,Germany,Mid,Bachelor's,74586,"Tableau, DAX, Python",Remote,May,80,Analyze business data and create reports and dashboards.
14625,Data Engineer,ByteWorks,Startup,India,Senior,Master's,79886,"Spark, AWS, SQL",Remote,Aug,279,Design and maintain data pipelines and data warehouses.
14626,ML Engineer,TechNova,Startup,Canada,Entry,Master's,77786,"Machine Learning, AWS, PyTorch",Hybrid,Jun,416,Deploy and optimize machine learning models in production.
14627,Business Analyst,ByteWorks,Startup,USA,Entry,Bachelor's,74223,"SQL, Tableau, Excel",Remote,Nov,290,Gather requirements and improve business processes through data insights.
14628,Data Analyst,TechNova,Startup,USA,Mid,Bachelor's,95292,"SQL, Excel, DAX",Remote,Jun,53,Analyze business data and create reports and dashboards.
14629,AI Engineer,TechNova,Startup,Germany,Entry,Bachelor's,117593,"AWS, Python, PyTorch, Machine Learning",Hybrid,Sep,342,Build AI systems using deep learning and generative AI technologies.
14630,Data Scientist,TechNova,Startup,Canada,Entry,Bachelor's,70631,"Machine Learning, TensorFlow, SQL, Python",Remote,May,286,Build predictive models and perform advanced analytics.
14631,AI Engineer,CloudMatrix,Medium,Singapore,Entry,Bachelor's,121155,"TensorFlow, Machine Learning, Python, PyTorch, AWS",Hybrid,Apr,423,Build AI systems using deep learning and generative AI technologies.
14632,Data Analyst,CloudMatrix,Medium,UK,Mid,Bachelor's,87553,"Excel, SQL, DAX, Python, Tableau",Hybrid,Oct,80,Analyze business data and create reports and dashboards.
14633,Business Analyst,CloudMatrix,Medium,Australia,Mid,Bachelor's,47462,"Power BI, Tableau, Excel, SQL",Hybrid,Aug,237,Gather requirements and improve business processes through data insights.
14634,Business Analyst,NextGen AI,Startup,USA,Entry,Bachelor's,53414,"Power BI, SQL, Tableau, Excel",Hybrid,Mar,463,Gather requirements and improve business processes through data insights.
14635,Data Analyst,TechNova,Startup,Canada,Entry,Bachelor's,54800,"DAX, Tableau, SQL, Power BI, Excel",On-site,Apr,469,Analyze business data and create reports and dashboards.
14636,AI Engineer,InnoSoft,Enterprise,Australia,Mid,Master's,159672,"PyTorch, Python, TensorFlow",Remote,Feb,133,Build AI systems using deep learning and generative AI technologies.
14637,ML Engineer,InnoSoft,Enterprise,India,Entry,Master's,53901,"PyTorch, Python, AWS",On-site,Aug,401,Deploy and optimize machine learning models in production.
14638,AI Engineer,DataSphere,Medium,Australia,Mid,Master's,163352,"Python, TensorFlow, Machine Learning, AWS, PyTorch",Remote,Oct,211,Build AI systems using deep learning and generative AI technologies.
14639,ML Engineer,ByteWorks,Startup,USA,Entry,Bachelor's,133245,"Machine Learning, AWS, TensorFlow",Hybrid,Feb,298,Deploy and optimize machine learning models in production.
14640,Data Scientist,CloudMatrix,Medium,USA,Senior,Master's,190774,"Machine Learning, TensorFlow, Python, SQL, PyTorch",On-site,Jun,75,Build predictive models and perform advanced analytics.
14641,Data Engineer,NextGen AI,Startup,Germany,Senior,Master's,171061,"Spark, Python, AWS",Remote,Mar,188,Design and maintain data pipelines and data warehouses.
14642,Data Engineer,Analytica,Enterprise,Singapore,Entry,Bachelor's,137309,"AWS, Spark, SQL, Python",Hybrid,Jun,426,Design and maintain data pipelines and data warehouses.
14643,Data Analyst,TechNova,Startup,Singapore,Senior,Master's,111613,"Excel, Tableau, SQL, DAX, Power BI",Remote,Jul,129,Analyze business data and create reports and dashboards.
14644,ML Engineer,NextGen AI,Startup,Singapore,Entry,Bachelor's,116294,"AWS, Machine Learning, PyTorch",Hybrid,Oct,394,Deploy and optimize machine learning models in production.
14645,ML Engineer,InnoSoft,Enterprise,India,Entry,Bachelor's,42998,"TensorFlow, Machine Learning, Python, AWS",On-site,May,412,Deploy and optimize machine learning models in production.
14646,Data Engineer,Insight Corp,Enterprise,UK,Entry,Bachelor's,127840,"Spark, Python, AWS, SQL",Hybrid,Feb,285,Design and maintain data pipelines and data warehouses.
14647,BI Developer,TechNova,Startup,USA,Mid,Bachelor's,81120,"SQL, Excel, DAX",Remote,Feb,55,Develop interactive dashboards and business intelligence solutions.
14648,ML Engineer,Insight Corp,Enterprise,India,Mid,Master's,75364,"TensorFlow, Python, Machine Learning, AWS",Hybrid,Sep,305,Deploy and optimize machine learning models in production.
14649,BI Developer,Insight Corp,Enterprise,USA,Senior,Master's,114977,"Excel, Power BI, DAX, SQL",Remote,Apr,104,Develop interactive dashboards and business intelligence solutions.
14650,Data Engineer,InnoSoft,Enterprise,UK,Mid,Master's,98746,"Python, Spark, SQL, AWS",Remote,Apr,150,Design and maintain data pipelines and data warehouses.
14651,AI Engineer,InnoSoft,Enterprise,Germany,Entry,Master's,125926,"Machine Learning, PyTorch, TensorFlow",Remote,Apr,296,Build AI systems using deep learning and generative AI technologies.
14652,AI Engineer,Analytica,Enterprise,USA,Entry,Master's,111866,"TensorFlow, AWS, Python",Remote,Oct,335,Build AI systems using deep learning and generative AI technologies.
14653,BI Developer,NextGen AI,Startup,USA,Mid,Master's,86461,"DAX, Excel, Power BI, SQL",Remote,Jun,57,Develop interactive dashboards and business intelligence solutions.
14654,Data Engineer,TechNova,Startup,USA,Entry,Master's,107486,"Spark, AWS, SQL, Python",Hybrid,Dec,187,Design and maintain data pipelines and data warehouses.
14655,ML Engineer,DataSphere,Medium,Canada,Entry,Master's,129760,"PyTorch, Python, Machine Learning, TensorFlow",Hybrid,Aug,328,Deploy and optimize machine learning models in production.
14656,Data Analyst,DataSphere,Medium,Singapore,Entry,Bachelor's,51730,"DAX, Excel, Power BI",Hybrid,Apr,234,Analyze business data and create reports and dashboards.
14657,Business Analyst,CloudMatrix,Medium,Canada,Mid,Master's,59715,"Power BI, SQL, Tableau, Excel",Remote,Nov,170,Gather requirements and improve business processes through data insights.
14658,Data Engineer,DataSphere,Medium,Canada,Entry,Bachelor's,103133,"Python, Spark, SQL, AWS",Hybrid,Mar,384,Design and maintain data pipelines and data warehouses.
14659,AI Engineer,NextGen AI,Startup,UK,Senior,Master's,207754,"PyTorch, Python, Machine Learning, TensorFlow, AWS",Remote,Sep,142,Build AI systems using deep learning and generative AI technologies.
14660,AI Engineer,InnoSoft,Enterprise,Australia,Senior,PhD,182089,"PyTorch, AWS, TensorFlow, Python",Hybrid,Jan,131,Build AI systems using deep learning and generative AI technologies.
14661,Data Scientist,ByteWorks,Startup,Australia,Entry,Bachelor's,89767,"TensorFlow, Machine Learning, SQL",Hybrid,Mar,330,Build predictive models and perform advanced analytics.
14662,Data Analyst,Insight Corp,Enterprise,Germany,Entry,Bachelor's,69934,"Tableau, SQL, Python, DAX",Hybrid,Sep,179,Analyze business data and create reports and dashboards.
14663,Data Scientist,NextGen AI,Startup,USA,Entry,Master's,76513,"SQL, TensorFlow, Machine Learning, PyTorch",Hybrid,Oct,298,Build predictive models and perform advanced analytics.
14664,Business Analyst,ByteWorks,Startup,Germany,Mid,Bachelor's,69015,"SQL, Tableau, Excel",Remote,Sep,86,Gather requirements and improve business processes through data insights.
14665,Data Engineer,Analytica,Enterprise,Australia,Entry,Master's,67945,"SQL, AWS, Spark, Python",On-site,Oct,362,Design and maintain data pipelines and data warehouses.
14666,Business Analyst,CloudMatrix,Medium,USA,Mid,Master's,77521,"Power BI, SQL, Excel",Remote,Mar,149,Gather requirements and improve business processes through data insights.
14667,AI Engineer,ByteWorks,Startup,Germany,Senior,Master's,228800,"TensorFlow, AWS, PyTorch, Machine Learning, Python",Hybrid,Apr,187,Build AI systems using deep learning and generative AI technologies.
14668,Data Scientist,DataSphere,Medium,UK,Entry,Master's,108702,"Python, SQL, TensorFlow",Remote,Jun,318,Build predictive models and perform advanced analytics.
14669,Data Engineer,Insight Corp,Enterprise,Australia,Entry,Bachelor's,98800,"Spark, SQL, Python",Hybrid,Aug,396,Design and maintain data pipelines and data warehouses.
14670,ML Engineer,ByteWorks,Startup,UK,Mid,Master's,162919,"TensorFlow, AWS, Machine Learning, Python",Remote,Apr,203,Deploy and optimize machine learning models in production.
14671,Data Engineer,ByteWorks,Startup,Singapore,Senior,PhD,193871,"SQL, Python, Spark, AWS",Remote,Sep,106,Design and maintain data pipelines and data warehouses.
14672,Data Scientist,NextGen AI,Startup,Singapore,Mid,Bachelor's,148299,"Python, SQL, TensorFlow",Hybrid,Dec,106,Build predictive models and perform advanced analytics.
14673,Data Scientist,InnoSoft,Enterprise,Germany,Mid,Bachelor's,156304,"Python, PyTorch, Machine Learning, TensorFlow",Hybrid,May,172,Build predictive models and perform advanced analytics.
14674,BI Developer,ByteWorks,Startup,UK,Entry,Master's,45117,"DAX, Power BI, SQL, Excel",Hybrid,Nov,234,Develop interactive dashboards and business intelligence solutions.
14675,Data Analyst,ByteWorks,Startup,Australia,Mid,Master's,61992,"Python, Tableau, Power BI, Excel, DAX",Hybrid,Sep,237,Analyze business data and create reports and dashboards.
14676,Data Scientist,NextGen AI,Startup,Singapore,Senior,PhD,191445,"SQL, Machine Learning, TensorFlow, PyTorch",Hybrid,Apr,237,Build predictive models and perform advanced analytics.
14677,AI Engineer,CloudMatrix,Medium,USA,Mid,Bachelor's,178531,"PyTorch, Machine Learning, Python, TensorFlow",Remote,Nov,52,Build AI systems using deep learning and generative AI technologies.
14678,Data Engineer,Insight Corp,Enterprise,India,Mid,Master's,79815,"Python, AWS, SQL",Hybrid,Mar,258,Design and maintain data pipelines and data warehouses.
14679,AI Engineer,InnoSoft,Enterprise,India,Senior,PhD,109073,"Machine Learning, AWS, Python, PyTorch",On-site,Jul,253,Build AI systems using deep learning and generative AI technologies.
14680,ML Engineer,DataSphere,Medium,Germany,Mid,Bachelor's,101542,"TensorFlow, Python, AWS",Hybrid,Mar,93,Deploy and optimize machine learning models in production.
14681,ML Engineer,Insight Corp,Enterprise,Canada,Senior,PhD,192807,"PyTorch, Python, TensorFlow, Machine Learning",On-site,Jul,71,Deploy and optimize machine learning models in production.
14682,Data Scientist,InnoSoft,Enterprise,Australia,Mid,Bachelor's,152163,"PyTorch, Machine Learning, Python",Remote,Apr,63,Build predictive models and perform advanced analytics.
14683,ML Engineer,Insight Corp,Enterprise,India,Mid,Master's,56541,"Python, AWS, TensorFlow, PyTorch, Machine Learning",Hybrid,Aug,246,Deploy and optimize machine learning models in production.
14684,BI Developer,InnoSoft,Enterprise,Germany,Entry,Master's,63585,"Excel, SQL, Power BI",On-site,Aug,436,Develop interactive dashboards and business intelligence solutions.
14685,Business Analyst,TechNova,Startup,Australia,Mid,Master's,76948,"Power BI, Excel, SQL, Tableau",On-site,Aug,118,Gather requirements and improve business processes through data insights.
14686,Data Analyst,DataSphere,Medium,Singapore,Mid,Master's,56824,"Python, DAX, Tableau, Power BI, SQL",Remote,Aug,175,Analyze business data and create reports and dashboards.
14687,Data Scientist,ByteWorks,Startup,Singapore,Entry,Bachelor's,88777,"SQL, TensorFlow, Python",Remote,Sep,193,Build predictive models and perform advanced analytics.
14688,Business Analyst,InnoSoft,Enterprise,USA,Entry,Master's,51840,"SQL, Tableau, Power BI",Hybrid,Mar,193,Gather requirements and improve business processes through data insights.
14689,ML Engineer,DataSphere,Medium,USA,Mid,Master's,110048,"Python, PyTorch, Machine Learning, AWS, TensorFlow",Hybrid,Jun,93,Deploy and optimize machine learning models in production.
14690,BI Developer,CloudMatrix,Medium,USA,Entry,Master's,70522,"Excel, DAX, SQL, Power BI",On-site,Oct,287,Develop interactive dashboards and business intelligence solutions.
14691,BI Developer,TechNova,Startup,Australia,Mid,Bachelor's,69280,"Excel, Power BI, DAX, SQL",Remote,Dec,154,Develop interactive dashboards and business intelligence solutions.
14692,ML Engineer,NextGen AI,Startup,Singapore,Senior,Master's,186329,"AWS, Python, TensorFlow",Remote,Mar,227,Deploy and optimize machine learning models in production.
14693,Data Engineer,CloudMatrix,Medium,UK,Mid,Bachelor's,127141,"Python, SQL, AWS, Spark",Remote,Aug,165,Design and maintain data pipelines and data warehouses.
14694,Data Analyst,TechNova,Startup,Canada,Entry,Master's,41527,"DAX, Power BI, Excel",Hybrid,Sep,300,Analyze business data and create reports and dashboards.
14695,Data Engineer,TechNova,Startup,Germany,Mid,Master's,162205,"Python, AWS, Spark, SQL",Hybrid,Aug,169,Design and maintain data pipelines and data warehouses.
14696,Data Engineer,TechNova,Startup,Canada,Entry,Master's,119407,"Spark, Python, SQL, AWS",Hybrid,Nov,254,Design and maintain data pipelines and data warehouses.
14697,Data Analyst,NextGen AI,Startup,UK,Mid,Master's,84727,"SQL, DAX, Python, Power BI",On-site,Feb,237,Analyze business data and create reports and dashboards.
14698,BI Developer,NextGen AI,Startup,USA,Mid,Bachelor's,96728,"DAX, Excel, Power BI, SQL",Hybrid,May,236,Develop interactive dashboards and business intelligence solutions.
14699,AI Engineer,InnoSoft,Enterprise,USA,Senior,Master's,146942,"Machine Learning, AWS, TensorFlow, PyTorch, Python",On-site,Apr,58,Build AI systems using deep learning and generative AI technologies.
14700,BI Developer,Analytica,Enterprise,UK,Entry,Master's,58508,"DAX, Power BI, Excel",On-site,Aug,268,Develop interactive dashboards and business intelligence solutions.
14701,BI Developer,Analytica,Enterprise,USA,Entry,Bachelor's,70755,"SQL, Power BI, Excel, DAX",Remote,May,235,Develop interactive dashboards and business intelligence solutions.
14702,Business Analyst,InnoSoft,Enterprise,India,Mid,Bachelor's,39390,"Tableau, Excel, SQL, Power BI",Remote,Apr,265,Gather requirements and improve business processes through data insights.
14703,BI Developer,NextGen AI,Startup,Singapore,Entry,Bachelor's,68180,"Excel, SQL, Power BI",On-site,May,381,Develop interactive dashboards and business intelligence solutions.
14704,Data Analyst,ByteWorks,Startup,UK,Senior,Master's,111078,"SQL, Power BI, DAX",Remote,Nov,134,Analyze business data and create reports and dashboards.
14705,Data Analyst,CloudMatrix,Medium,India,Senior,Master's,38620,"Tableau, SQL, DAX",Hybrid,Apr,211,Analyze business data and create reports and dashboards.
14706,Business Analyst,Analytica,Enterprise,India,Entry,Master's,27493,"Tableau, Excel, SQL, Power BI",Hybrid,Apr,416,Gather requirements and improve business processes through data insights.
14707,Data Analyst,ByteWorks,Startup,USA,Mid,Bachelor's,71628,"SQL, Tableau, Excel",Remote,Oct,247,Analyze business data and create reports and dashboards.
14708,Data Scientist,InnoSoft,Enterprise,UK,Mid,Master's,127875,"Machine Learning, Python, PyTorch, SQL, TensorFlow",Hybrid,Sep,188,Build predictive models and perform advanced analytics.
14709,Data Scientist,NextGen AI,Startup,Singapore,Mid,Master's,151788,"SQL, Python, PyTorch, TensorFlow",On-site,Oct,157,Build predictive models and perform advanced analytics.
14710,AI Engineer,CloudMatrix,Medium,Canada,Mid,Bachelor's,117618,"Machine Learning, PyTorch, Python, AWS, TensorFlow",Remote,Jun,81,Build AI systems using deep learning and generative AI technologies.
14711,Data Scientist,ByteWorks,Startup,Germany,Mid,Bachelor's,128506,"Machine Learning, TensorFlow, Python",Hybrid,Mar,207,Build predictive models and perform advanced analytics.
14712,Data Engineer,InnoSoft,Enterprise,Singapore,Mid,Bachelor's,169946,"SQL, Spark, AWS",Remote,May,67,Design and maintain data pipelines and data warehouses.
14713,Data Scientist,ByteWorks,Startup,Canada,Mid,Master's,124188,"PyTorch, TensorFlow, Machine Learning",On-site,Sep,124,Build predictive models and perform advanced analytics.
14714,Data Engineer,CloudMatrix,Medium,UK,Mid,Master's,90847,"SQL, Spark, AWS, Python",Hybrid,May,149,Design and maintain data pipelines and data warehouses.
14715,AI Engineer,TechNova,Startup,Germany,Entry,Bachelor's,126789,"Machine Learning, PyTorch, Python, TensorFlow",Hybrid,Feb,306,Build AI systems using deep learning and generative AI technologies.
14716,Data Engineer,TechNova,Startup,USA,Senior,Master's,224236,"Python, SQL, AWS",Hybrid,Mar,169,Design and maintain data pipelines and data warehouses.
14717,Data Engineer,NextGen AI,Startup,USA,Entry,Master's,125774,"AWS, Spark, Python",Remote,Apr,383,Design and maintain data pipelines and data warehouses.
14718,Data Engineer,Insight Corp,Enterprise,India,Mid,Bachelor's,52819,"SQL, Python, AWS",Hybrid,Apr,335,Design and maintain data pipelines and data warehouses.
14719,Business Analyst,CloudMatrix,Medium,UK,Mid,Bachelor's,82546,"Excel, SQL, Tableau, Power BI",Remote,Aug,250,Gather requirements and improve business processes through data insights.
14720,BI Developer,InnoSoft,Enterprise,USA,Entry,Bachelor's,57345,"DAX, Excel, Power BI, SQL",Remote,Nov,255,Develop interactive dashboards and business intelligence solutions.
14721,BI Developer,ByteWorks,Startup,Singapore,Entry,Master's,51891,"Excel, SQL, DAX",Remote,Aug,385,Develop interactive dashboards and business intelligence solutions.
14722,ML Engineer,Analytica,Enterprise,USA,Entry,Bachelor's,128890,"Python, AWS, Machine Learning, TensorFlow",Hybrid,Jan,251,Deploy and optimize machine learning models in production.
14723,BI Developer,TechNova,Startup,USA,Mid,Master's,86941,"SQL, Excel, DAX",Remote,Sep,52,Develop interactive dashboards and business intelligence solutions.
14724,BI Developer,ByteWorks,Startup,Singapore,Senior,PhD,96444,"Excel, SQL, Power BI",On-site,Jun,217,Develop interactive dashboards and business intelligence solutions.
14725,AI Engineer,TechNova,Startup,India,Entry,Master's,41433,"AWS, Machine Learning, TensorFlow, PyTorch, Python",On-site,Jul,335,Build AI systems using deep learning and generative AI technologies.
14726,BI Developer,ByteWorks,Startup,UK,Senior,PhD,119335,"Power BI, SQL, DAX, Excel",Hybrid,Sep,247,Develop interactive dashboards and business intelligence solutions.
14727,ML Engineer,DataSphere,Medium,Germany,Mid,Bachelor's,147922,"Machine Learning, Python, PyTorch, TensorFlow, AWS",Remote,May,98,Deploy and optimize machine learning models in production.
14728,Data Scientist,DataSphere,Medium,UK,Mid,Bachelor's,87131,"SQL, Machine Learning, TensorFlow",Hybrid,May,250,Build predictive models and perform advanced analytics.
14729,AI Engineer,ByteWorks,Startup,Germany,Mid,Bachelor's,135343,"AWS, PyTorch, Python, TensorFlow, Machine Learning",Remote,Apr,72,Build AI systems using deep learning and generative AI technologies.
14730,Business Analyst,Insight Corp,Enterprise,Singapore,Entry,Bachelor's,63582,"Power BI, Tableau, SQL, Excel",On-site,Mar,406,Gather requirements and improve business processes through data insights.
14731,Business Analyst,Analytica,Enterprise,USA,Entry,Bachelor's,50792,"SQL, Excel, Tableau",Hybrid,Jul,346,Gather requirements and improve business processes through data insights.
14732,Data Analyst,ByteWorks,Startup,Singapore,Mid,Master's,75895,"Tableau, SQL, Power BI, DAX",Remote,Jan,153,Analyze business data and create reports and dashboards.
14733,BI Developer,ByteWorks,Startup,UK,Entry,Bachelor's,75897,"SQL, Excel, Power BI, DAX",Remote,Mar,289,Develop interactive dashboards and business intelligence solutions.
14734,AI Engineer,CloudMatrix,Medium,UK,Senior,PhD,164593,"Python, AWS, TensorFlow",On-site,Jul,131,Build AI systems using deep learning and generative AI technologies.
14735,Data Analyst,Insight Corp,Enterprise,Singapore,Entry,Master's,61260,"DAX, Power BI, Excel",Remote,Mar,255,Analyze business data and create reports and dashboards.
14736,Data Scientist,DataSphere,Medium,Australia,Entry,Master's,93243,"Python, SQL, PyTorch, Machine Learning, TensorFlow",Remote,Jul,329,Build predictive models and perform advanced analytics.
14737,ML Engineer,TechNova,Startup,Canada,Mid,Master's,120657,"AWS, TensorFlow, Machine Learning, PyTorch, Python",On-site,Jul,68,Deploy and optimize machine learning models in production.
14738,AI Engineer,NextGen AI,Startup,Germany,Mid,Bachelor's,172251,"TensorFlow, PyTorch, Python, Machine Learning, AWS",Remote,Mar,97,Build AI systems using deep learning and generative AI technologies.
14739,AI Engineer,Analytica,Enterprise,Singapore,Mid,Master's,123370,"TensorFlow, AWS, Python, PyTorch, Machine Learning",On-site,Aug,84,Build AI systems using deep learning and generative AI technologies.
14740,Data Engineer,Insight Corp,Enterprise,Singapore,Senior,PhD,214611,"Python, SQL, AWS, Spark",Hybrid,Jun,68,Design and maintain data pipelines and data warehouses.
14741,Data Scientist,DataSphere,Medium,Singapore,Entry,Master's,71083,"Machine Learning, TensorFlow, SQL",Hybrid,Sep,401,Build predictive models and perform advanced analytics.
14742,BI Developer,DataSphere,Medium,India,Entry,Master's,27210,"DAX, Power BI, SQL, Excel",On-site,Feb,396,Develop interactive dashboards and business intelligence solutions.
14743,Business Analyst,TechNova,Startup,Canada,Entry,Bachelor's,53765,"Tableau, SQL, Power BI, Excel",Remote,Feb,310,Gather requirements and improve business processes through data insights.
14744,Data Scientist,ByteWorks,Startup,USA,Senior,PhD,143657,"Machine Learning, SQL, Python, PyTorch",Remote,Apr,219,Build predictive models and perform advanced analytics.
14745,ML Engineer,DataSphere,Medium,USA,Senior,Master's,249256,"TensorFlow, Machine Learning, AWS, PyTorch",Remote,Jun,201,Deploy and optimize machine learning models in production.
14746,ML Engineer,DataSphere,Medium,USA,Mid,Bachelor's,109385,"AWS, TensorFlow, PyTorch, Machine Learning, Python",Hybrid,May,129,Deploy and optimize machine learning models in production.
14747,AI Engineer,TechNova,Startup,Canada,Senior,PhD,132590,"Python, AWS, PyTorch",On-site,Jul,121,Build AI systems using deep learning and generative AI technologies.
14748,Data Analyst,CloudMatrix,Medium,UK,Mid,Bachelor's,73901,"SQL, Tableau, Python, DAX",Remote,Mar,195,Analyze business data and create reports and dashboards.
14749,Business Analyst,CloudMatrix,Medium,Australia,Mid,Bachelor's,57426,"Tableau, SQL, Excel, Power BI",Remote,Sep,78,Gather requirements and improve business processes through data insights.
14750,AI Engineer,DataSphere,Medium,Canada,Mid,Bachelor's,180014,"Machine Learning, Python, PyTorch, TensorFlow",On-site,Jun,150,Build AI systems using deep learning and generative AI technologies.
14751,BI Developer,NextGen AI,Startup,Germany,Senior,PhD,78505,"Power BI, Excel, DAX",Remote,May,130,Develop interactive dashboards and business intelligence solutions.
14752,Data Engineer,NextGen AI,Startup,Canada,Mid,Master's,118956,"SQL, AWS, Spark, Python",Remote,Jul,108,Design and maintain data pipelines and data warehouses.
14753,Data Scientist,DataSphere,Medium,India,Mid,Master's,65188,"Python, SQL, Machine Learning, PyTorch",Hybrid,Aug,273,Build predictive models and perform advanced analytics.
14754,Data Engineer,Analytica,Enterprise,Australia,Mid,Master's,88423,"AWS, Spark, Python",On-site,Feb,245,Design and maintain data pipelines and data warehouses.
14755,AI Engineer,Insight Corp,Enterprise,Singapore,Mid,Master's,142287,"Python, TensorFlow, AWS, PyTorch, Machine Learning",Hybrid,Apr,54,Build AI systems using deep learning and generative AI technologies.
14756,Data Analyst,DataSphere,Medium,Australia,Mid,Master's,82131,"Excel, Power BI, DAX, Python, Tableau",On-site,May,209,Analyze business data and create reports and dashboards.
14757,AI Engineer,CloudMatrix,Medium,Singapore,Entry,Master's,154717,"Machine Learning, AWS, PyTorch",Hybrid,May,437,Build AI systems using deep learning and generative AI technologies.
14758,AI Engineer,NextGen AI,Startup,Singapore,Mid,Master's,167851,"PyTorch, AWS, Machine Learning, TensorFlow",Remote,Dec,183,Build AI systems using deep learning and generative AI technologies.
14759,AI Engineer,Analytica,Enterprise,USA,Mid,Master's,123251,"AWS, Machine Learning, PyTorch, Python, TensorFlow",Hybrid,Jul,137,Build AI systems using deep learning and generative AI technologies.
14760,Data Analyst,NextGen AI,Startup,Singapore,Entry,Master's,56862,"SQL, Tableau, Python, DAX",On-site,Oct,314,Analyze business data and create reports and dashboards.
14761,Data Scientist,NextGen AI,Startup,Australia,Senior,PhD,185892,"SQL, TensorFlow, PyTorch, Machine Learning, Python",Hybrid,Feb,150,Build predictive models and perform advanced analytics.
14762,Data Engineer,DataSphere,Medium,Singapore,Senior,Master's,185003,"AWS, Python, SQL, Spark",Remote,Feb,108,Design and maintain data pipelines and data warehouses.
14763,AI Engineer,Analytica,Enterprise,Canada,Mid,Bachelor's,126005,"AWS, Python, Machine Learning",On-site,Jan,122,Build AI systems using deep learning and generative AI technologies.
14764,Data Engineer,DataSphere,Medium,Germany,Senior,Master's,142463,"AWS, SQL, Python, Spark",Hybrid,Apr,160,Design and maintain data pipelines and data warehouses.
14765,Business Analyst,InnoSoft,Enterprise,Germany,Senior,Master's,104042,"SQL, Tableau, Excel, Power BI",Remote,Mar,101,Gather requirements and improve business processes through data insights.
14766,Data Analyst,TechNova,Startup,Germany,Mid,Master's,83709,"Excel, Power BI, Python",Hybrid,Dec,90,Analyze business data and create reports and dashboards.
14767,ML Engineer,Analytica,Enterprise,Australia,Senior,Master's,136159,"TensorFlow, PyTorch, AWS, Machine Learning, Python",Hybrid,Jul,90,Deploy and optimize machine learning models in production.
14768,BI Developer,ByteWorks,Startup,India,Mid,Bachelor's,32087,"Excel, Power BI, SQL, DAX",Remote,Jan,194,Develop interactive dashboards and business intelligence solutions.
14769,Data Analyst,Insight Corp,Enterprise,Canada,Entry,Bachelor's,66615,"Tableau, SQL, DAX, Python",On-site,Dec,388,Analyze business data and create reports and dashboards.
14770,Data Analyst,TechNova,Startup,Australia,Entry,Bachelor's,60934,"DAX, Python, Excel, SQL",Hybrid,Nov,456,Analyze business data and create reports and dashboards.
14771,Data Analyst,DataSphere,Medium,UK,Mid,Bachelor's,50809,"Python, Power BI, Tableau",On-site,Feb,103,Analyze business data and create reports and dashboards.
14772,Data Scientist,TechNova,Startup,Canada,Senior,Master's,171682,"Python, PyTorch, Machine Learning, TensorFlow",Hybrid,Feb,156,Build predictive models and perform advanced analytics.
14773,Data Analyst,ByteWorks,Startup,Germany,Entry,Bachelor's,54372,"Tableau, SQL, Power BI, DAX",Hybrid,Dec,227,Analyze business data and create reports and dashboards.
14774,ML Engineer,DataSphere,Medium,Germany,Mid,Bachelor's,148408,"TensorFlow, AWS, Machine Learning",On-site,Mar,189,Deploy and optimize machine learning models in production.
14775,AI Engineer,InnoSoft,Enterprise,Australia,Senior,PhD,232119,"Python, TensorFlow, Machine Learning, PyTorch, AWS",On-site,Jan,146,Build AI systems using deep learning and generative AI technologies.
14776,AI Engineer,ByteWorks,Startup,Australia,Entry,Master's,148666,"Machine Learning, Python, PyTorch, TensorFlow",Hybrid,Jan,340,Build AI systems using deep learning and generative AI technologies.
14777,AI Engineer,InnoSoft,Enterprise,Canada,Mid,Master's,137680,"Machine Learning, PyTorch, Python, TensorFlow",On-site,May,53,Build AI systems using deep learning and generative AI technologies.
14778,AI Engineer,DataSphere,Medium,Singapore,Senior,Master's,210308,"Python, AWS, Machine Learning, PyTorch",Hybrid,Mar,146,Build AI systems using deep learning and generative AI technologies.
14779,Business Analyst,InnoSoft,Enterprise,UK,Entry,Bachelor's,42755,"Excel, Tableau, Power BI, SQL",Hybrid,Jul,472,Gather requirements and improve business processes through data insights.
14780,BI Developer,TechNova,Startup,UK,Mid,Bachelor's,84154,"DAX, Excel, SQL",Hybrid,Oct,221,Develop interactive dashboards and business intelligence solutions.
14781,Business Analyst,NextGen AI,Startup,Singapore,Entry,Bachelor's,39153,"Tableau, Power BI, SQL",Hybrid,Oct,306,Gather requirements and improve business processes through data insights.
14782,AI Engineer,DataSphere,Medium,UK,Senior,Master's,131450,"Python, PyTorch, AWS",Remote,Jun,119,Build AI systems using deep learning and generative AI technologies.
14783,Business Analyst,Analytica,Enterprise,USA,Entry,Bachelor's,68738,"SQL, Excel, Tableau, Power BI",On-site,Sep,339,Gather requirements and improve business processes through data insights.
14784,Data Scientist,CloudMatrix,Medium,Singapore,Entry,Bachelor's,97427,"PyTorch, TensorFlow, SQL",Remote,Mar,361,Build predictive models and perform advanced analytics.
14785,Business Analyst,Insight Corp,Enterprise,UK,Entry,Bachelor's,52004,"Tableau, SQL, Excel, Power BI",Remote,Dec,282,Gather requirements and improve business processes through data insights.
14786,Business Analyst,InnoSoft,Enterprise,India,Senior,PhD,51953,"Tableau, Excel, Power BI, SQL",Hybrid,Jun,287,Gather requirements and improve business processes through data insights.
14787,ML Engineer,DataSphere,Medium,Canada,Entry,Bachelor's,80534,"AWS, Python, TensorFlow, Machine Learning",Remote,Jan,302,Deploy and optimize machine learning models in production.
14788,Data Engineer,TechNova,Startup,UK,Mid,Master's,151007,"Python, AWS, SQL, Spark",Remote,Aug,181,Design and maintain data pipelines and data warehouses.
14789,AI Engineer,NextGen AI,Startup,USA,Senior,PhD,176500,"PyTorch, AWS, Python, Machine Learning, TensorFlow",On-site,Oct,65,Build AI systems using deep learning and generative AI technologies.
14790,AI Engineer,CloudMatrix,Medium,UK,Entry,Master's,137407,"Machine Learning, TensorFlow, PyTorch, Python",Hybrid,Dec,282,Build AI systems using deep learning and generative AI technologies.
14791,Data Scientist,DataSphere,Medium,Australia,Entry,Master's,114611,"SQL, Python, PyTorch",Hybrid,Dec,207,Build predictive models and perform advanced analytics.
14792,Data Analyst,ByteWorks,Startup,Germany,Entry,Bachelor's,68518,"DAX, Excel, Python",Remote,Mar,323,Analyze business data and create reports and dashboards.
14793,Data Scientist,InnoSoft,Enterprise,India,Entry,Bachelor's,43678,"PyTorch, Python, Machine Learning",On-site,Nov,369,Build predictive models and perform advanced analytics.
14794,Data Analyst,NextGen AI,Startup,UK,Senior,Master's,88884,"Python, DAX, SQL",On-site,Jan,67,Analyze business data and create reports and dashboards.
14795,Data Scientist,NextGen AI,Startup,India,Entry,Bachelor's,58788,"PyTorch, SQL, Machine Learning",Hybrid,Apr,450,Build predictive models and perform advanced analytics.
14796,ML Engineer,TechNova,Startup,Canada,Entry,Master's,98142,"Python, Machine Learning, AWS, TensorFlow, PyTorch",Hybrid,May,399,Deploy and optimize machine learning models in production.
14797,Business Analyst,Analytica,Enterprise,Germany,Mid,Bachelor's,79099,"Power BI, Excel, Tableau",On-site,Sep,185,Gather requirements and improve business processes through data insights.
14798,BI Developer,Insight Corp,Enterprise,India,Entry,Master's,36081,"DAX, Excel, SQL, Power BI",Hybrid,May,458,Develop interactive dashboards and business intelligence solutions.
14799,Business Analyst,NextGen AI,Startup,USA,Entry,Bachelor's,42716,"Power BI, SQL, Excel, Tableau",Hybrid,Nov,289,Gather requirements and improve business processes through data insights.
14800,AI Engineer,DataSphere,Medium,Germany,Entry,Master's,81163,"TensorFlow, Python, Machine Learning, PyTorch",Remote,Nov,398,Build AI systems using deep learning and generative AI technologies.
14801,AI Engineer,ByteWorks,Startup,Singapore,Entry,Master's,141354,"PyTorch, AWS, TensorFlow, Machine Learning",On-site,Apr,358,Build AI systems using deep learning and generative AI technologies.
14802,Data Engineer,DataSphere,Medium,Singapore,Mid,Bachelor's,156748,"SQL, AWS, Spark",Remote,Dec,187,Design and maintain data pipelines and data warehouses.
14803,Data Analyst,TechNova,Startup,Australia,Senior,PhD,75970,"Tableau, DAX, Power BI, SQL, Excel",Remote,Oct,159,Analyze business data and create reports and dashboards.
14804,AI Engineer,NextGen AI,Startup,India,Mid,Bachelor's,57176,"AWS, PyTorch, Machine Learning",Hybrid,Dec,322,Build AI systems using deep learning and generative AI technologies.
14805,Data Engineer,TechNova,Startup,Germany,Entry,Bachelor's,99457,"AWS, SQL, Python, Spark",Remote,Jul,308,Design and maintain data pipelines and data warehouses.
14806,ML Engineer,ByteWorks,Startup,India,Senior,PhD,62490,"PyTorch, TensorFlow, AWS, Python, Machine Learning",Hybrid,Aug,190,Deploy and optimize machine learning models in production.
14807,Data Analyst,NextGen AI,Startup,India,Entry,Bachelor's,28992,"Power BI, Excel, SQL, DAX, Python",Hybrid,Dec,462,Analyze business data and create reports and dashboards.
14808,BI Developer,NextGen AI,Startup,Canada,Mid,Master's,78283,"SQL, DAX, Power BI",Remote,May,79,Develop interactive dashboards and business intelligence solutions.
14809,Business Analyst,InnoSoft,Enterprise,USA,Entry,Bachelor's,67216,"Tableau, Power BI, SQL",Hybrid,Nov,351,Gather requirements and improve business processes through data insights.
14810,Data Scientist,Analytica,Enterprise,Germany,Mid,Master's,86644,"SQL, Python, TensorFlow, Machine Learning, PyTorch",Remote,Feb,128,Build predictive models and perform advanced analytics.
14811,ML Engineer,ByteWorks,Startup,Singapore,Mid,Master's,150174,"PyTorch, TensorFlow, Machine Learning, Python",Remote,Jan,156,Deploy and optimize machine learning models in production.
14812,AI Engineer,NextGen AI,Startup,Canada,Mid,Master's,178874,"PyTorch, Machine Learning, Python, TensorFlow",Remote,Sep,152,Build AI systems using deep learning and generative AI technologies.
14813,Data Engineer,Insight Corp,Enterprise,USA,Entry,Bachelor's,96171,"Python, Spark, AWS",Hybrid,Feb,329,Design and maintain data pipelines and data warehouses.
14814,ML Engineer,Analytica,Enterprise,USA,Entry,Master's,109876,"Python, TensorFlow, Machine Learning, PyTorch, AWS",Hybrid,Nov,434,Deploy and optimize machine learning models in production.
14815,ML Engineer,CloudMatrix,Medium,Germany,Senior,Master's,153424,"Python, AWS, PyTorch, Machine Learning",Remote,Sep,220,Deploy and optimize machine learning models in production.
14816,AI Engineer,ByteWorks,Startup,India,Mid,Master's,68607,"PyTorch, Python, Machine Learning, TensorFlow",On-site,Sep,389,Build AI systems using deep learning and generative AI technologies.
14817,Data Analyst,CloudMatrix,Medium,Singapore,Senior,Master's,119408,"Power BI, DAX, SQL, Tableau, Python",Remote,Feb,129,Analyze business data and create reports and dashboards.
14818,Data Engineer,Insight Corp,Enterprise,UK,Mid,Master's,127620,"SQL, Spark, AWS",Hybrid,Jul,66,Design and maintain data pipelines and data warehouses.
14819,AI Engineer,NextGen AI,Startup,Australia,Senior,Master's,209321,"Python, TensorFlow, Machine Learning, AWS, PyTorch",On-site,Aug,154,Build AI systems using deep learning and generative AI technologies.
14820,ML Engineer,InnoSoft,Enterprise,India,Entry,Bachelor's,71169,"PyTorch, Python, AWS",Remote,Aug,453,Deploy and optimize machine learning models in production.
14821,Data Analyst,TechNova,Startup,Canada,Senior,PhD,107630,"Tableau, Power BI, Python, Excel, SQL",Remote,Mar,72,Analyze business data and create reports and dashboards.
14822,Business Analyst,NextGen AI,Startup,India,Mid,Bachelor's,39409,"Tableau, Power BI, SQL, Excel",On-site,May,341,Gather requirements and improve business processes through data insights.
14823,AI Engineer,ByteWorks,Startup,Australia,Senior,Master's,181280,"PyTorch, Machine Learning, TensorFlow, Python, AWS",Hybrid,Apr,133,Build AI systems using deep learning and generative AI technologies.
14824,Business Analyst,TechNova,Startup,India,Entry,Master's,18202,"SQL, Excel, Tableau, Power BI",Hybrid,Apr,397,Gather requirements and improve business processes through data insights.
14825,ML Engineer,TechNova,Startup,India,Senior,Master's,110868,"Python, Machine Learning, AWS",Hybrid,Oct,272,Deploy and optimize machine learning models in production.
14826,BI Developer,InnoSoft,Enterprise,India,Mid,Master's,46655,"DAX, SQL, Power BI, Excel",Hybrid,Jul,194,Develop interactive dashboards and business intelligence solutions.
14827,AI Engineer,ByteWorks,Startup,Singapore,Entry,Bachelor's,91031,"TensorFlow, AWS, Python, Machine Learning, PyTorch",Hybrid,May,285,Build AI systems using deep learning and generative AI technologies.
14828,Business Analyst,CloudMatrix,Medium,USA,Senior,PhD,100859,"SQL, Excel, Power BI, Tableau",Remote,Jul,239,Gather requirements and improve business processes through data insights.
14829,Data Scientist,TechNova,Startup,India,Mid,Master's,61999,"Python, Machine Learning, SQL, PyTorch, TensorFlow",Hybrid,Sep,399,Build predictive models and perform advanced analytics.
14830,Data Analyst,CloudMatrix,Medium,India,Entry,Master's,31186,"Tableau, Power BI, Excel, SQL, Python",Remote,Jul,442,Analyze business data and create reports and dashboards.
14831,Data Engineer,CloudMatrix,Medium,Canada,Mid,Master's,123401,"AWS, SQL, Spark, Python",Hybrid,Feb,146,Design and maintain data pipelines and data warehouses.
14832,Business Analyst,NextGen AI,Startup,Canada,Entry,Master's,38561,"Excel, SQL, Tableau, Power BI",Remote,Jan,426,Gather requirements and improve business processes through data insights.
14833,Data Scientist,ByteWorks,Startup,USA,Mid,Bachelor's,131787,"Python, SQL, PyTorch",Remote,Jan,93,Build predictive models and perform advanced analytics.
14834,Data Engineer,Insight Corp,Enterprise,USA,Entry,Master's,99566,"Python, Spark, SQL, AWS",On-site,Dec,288,Design and maintain data pipelines and data warehouses.
14835,Data Engineer,Analytica,Enterprise,USA,Entry,Bachelor's,106385,"AWS, Python, SQL, Spark",Remote,Nov,302,Design and maintain data pipelines and data warehouses.
14836,Business Analyst,ByteWorks,Startup,Singapore,Entry,Master's,65682,"Power BI, Excel, SQL, Tableau",Hybrid,Sep,334,Gather requirements and improve business processes through data insights.
14837,BI Developer,NextGen AI,Startup,Australia,Entry,Bachelor's,78651,"DAX, SQL, Power BI",Remote,May,267,Develop interactive dashboards and business intelligence solutions.
14838,Business Analyst,Analytica,Enterprise,USA,Senior,PhD,88670,"Power BI, Tableau, SQL, Excel",On-site,May,50,Gather requirements and improve business processes through data insights.
14839,ML Engineer,DataSphere,Medium,Canada,Entry,Master's,89430,"AWS, TensorFlow, Python, Machine Learning, PyTorch",Hybrid,Oct,254,Deploy and optimize machine learning models in production.
14840,ML Engineer,TechNova,Startup,India,Entry,Master's,59216,"TensorFlow, PyTorch, AWS, Machine Learning",Remote,May,408,Deploy and optimize machine learning models in production.
14841,BI Developer,TechNova,Startup,Singapore,Entry,Bachelor's,58761,"SQL, Power BI, DAX, Excel",Remote,Oct,403,Develop interactive dashboards and business intelligence solutions.
14842,Data Engineer,CloudMatrix,Medium,Australia,Entry,Bachelor's,95270,"SQL, AWS, Spark, Python",Hybrid,Aug,243,Design and maintain data pipelines and data warehouses.
14843,BI Developer,CloudMatrix,Medium,Canada,Mid,Bachelor's,56807,"DAX, SQL, Excel",On-site,Jul,81,Develop interactive dashboards and business intelligence solutions.
14844,Data Engineer,NextGen AI,Startup,Germany,Mid,Master's,128485,"Python, AWS, SQL",Remote,May,59,Design and maintain data pipelines and data warehouses.
14845,AI Engineer,TechNova,Startup,Singapore,Mid,Bachelor's,151656,"TensorFlow, PyTorch, AWS, Python",Remote,Oct,149,Build AI systems using deep learning and generative AI technologies.
14846,Data Scientist,ByteWorks,Startup,Australia,Mid,Master's,107849,"SQL, Python, Machine Learning, TensorFlow",Hybrid,Aug,129,Build predictive models and perform advanced analytics.
14847,Business Analyst,TechNova,Startup,Canada,Entry,Bachelor's,50475,"SQL, Excel, Power BI",On-site,Dec,305,Gather requirements and improve business processes through data insights.
14848,Business Analyst,DataSphere,Medium,Singapore,Entry,Master's,45742,"Tableau, Excel, Power BI, SQL",Remote,Dec,190,Gather requirements and improve business processes through data insights.
14849,Data Scientist,DataSphere,Medium,Australia,Mid,Master's,138165,"Python, SQL, Machine Learning, TensorFlow",On-site,Apr,191,Build predictive models and perform advanced analytics.
14850,AI Engineer,NextGen AI,Startup,India,Mid,Bachelor's,53019,"Python, TensorFlow, AWS, Machine Learning, PyTorch",Remote,Feb,321,Build AI systems using deep learning and generative AI technologies.
14851,AI Engineer,Insight Corp,Enterprise,India,Entry,Bachelor's,52251,"Machine Learning, PyTorch, TensorFlow, Python, AWS",Hybrid,Oct,445,Build AI systems using deep learning and generative AI technologies.
14852,BI Developer,NextGen AI,Startup,Australia,Mid,Master's,83345,"DAX, SQL, Power BI",Hybrid,Oct,234,Develop interactive dashboards and business intelligence solutions.
14853,Data Scientist,InnoSoft,Enterprise,Australia,Entry,Master's,87120,"Python, Machine Learning, SQL",Remote,Jan,253,Build predictive models and perform advanced analytics.
14854,AI Engineer,DataSphere,Medium,Germany,Entry,Bachelor's,122859,"PyTorch, Python, Machine Learning",Hybrid,Dec,325,Build AI systems using deep learning and generative AI technologies.
14855,Data Scientist,ByteWorks,Startup,Australia,Entry,Bachelor's,81782,"Machine Learning, SQL, PyTorch, TensorFlow",Remote,May,355,Build predictive models and perform advanced analytics.
14856,ML Engineer,DataSphere,Medium,India,Entry,Master's,40625,"Machine Learning, Python, AWS, TensorFlow",On-site,May,340,Deploy and optimize machine learning models in production.
14857,AI Engineer,CloudMatrix,Medium,Germany,Entry,Bachelor's,124868,"Python, AWS, TensorFlow",Remote,Jan,313,Build AI systems using deep learning and generative AI technologies.
14858,BI Developer,NextGen AI,Startup,Germany,Entry,Bachelor's,66122,"Excel, SQL, Power BI",Hybrid,May,342,Develop interactive dashboards and business intelligence solutions.
14859,Data Engineer,DataSphere,Medium,UK,Entry,Master's,71154,"Python, AWS, SQL",Remote,Jul,199,Design and maintain data pipelines and data warehouses.
14860,AI Engineer,TechNova,Startup,Germany,Senior,Master's,154673,"AWS, Machine Learning, TensorFlow, PyTorch",Hybrid,Feb,145,Build AI systems using deep learning and generative AI technologies.
14861,Business Analyst,Insight Corp,Enterprise,UK,Entry,Master's,41512,"Power BI, Tableau, Excel, SQL",On-site,Jan,317,Gather requirements and improve business processes through data insights.
14862,ML Engineer,Insight Corp,Enterprise,Australia,Mid,Master's,178689,"AWS, Python, TensorFlow, Machine Learning",Remote,Sep,221,Deploy and optimize machine learning models in production.
14863,BI Developer,DataSphere,Medium,Singapore,Entry,Bachelor's,62163,"Excel, DAX, Power BI",Hybrid,May,461,Develop interactive dashboards and business intelligence solutions.
14864,BI Developer,CloudMatrix,Medium,India,Mid,Bachelor's,36944,"Excel, SQL, DAX",Remote,Dec,322,Develop interactive dashboards and business intelligence solutions.
14865,BI Developer,InnoSoft,Enterprise,UK,Mid,Master's,67740,"Excel, DAX, SQL, Power BI",Remote,May,177,Develop interactive dashboards and business intelligence solutions.
14866,AI Engineer,ByteWorks,Startup,USA,Senior,Master's,205769,"Machine Learning, AWS, TensorFlow, Python",Remote,Feb,148,Build AI systems using deep learning and generative AI technologies.
14867,Data Analyst,TechNova,Startup,India,Senior,Master's,49968,"Tableau, Python, Excel, Power BI, SQL",Hybrid,Mar,153,Analyze business data and create reports and dashboards.
14868,Business Analyst,ByteWorks,Startup,Australia,Senior,PhD,107313,"SQL, Excel, Power BI, Tableau",Hybrid,Feb,155,Gather requirements and improve business processes through data insights.
14869,Data Analyst,NextGen AI,Startup,Singapore,Mid,Bachelor's,66281,"Tableau, Excel, DAX, SQL",Remote,Apr,94,Analyze business data and create reports and dashboards.
14870,Data Analyst,Analytica,Enterprise,Germany,Mid,Master's,58197,"DAX, SQL, Tableau",On-site,Aug,64,Analyze business data and create reports and dashboards.
14871,Data Analyst,Analytica,Enterprise,USA,Entry,Master's,51482,"Power BI, Excel, DAX",Remote,Dec,244,Analyze business data and create reports and dashboards.
14872,BI Developer,Insight Corp,Enterprise,Australia,Mid,Master's,65278,"Power BI, SQL, DAX",On-site,Jun,163,Develop interactive dashboards and business intelligence solutions.
14873,ML Engineer,Insight Corp,Enterprise,Australia,Mid,Master's,153442,"PyTorch, Python, TensorFlow",Hybrid,Jun,144,Deploy and optimize machine learning models in production.
14874,BI Developer,DataSphere,Medium,Australia,Mid,Bachelor's,97368,"Power BI, Excel, SQL",Remote,Aug,149,Develop interactive dashboards and business intelligence solutions.
14875,AI Engineer,DataSphere,Medium,Canada,Senior,Master's,150946,"Machine Learning, PyTorch, TensorFlow",On-site,Feb,94,Build AI systems using deep learning and generative AI technologies.
14876,Data Engineer,ByteWorks,Startup,Singapore,Senior,PhD,130204,"Python, Spark, AWS, SQL",Remote,Jan,148,Design and maintain data pipelines and data warehouses.
14877,Data Analyst,CloudMatrix,Medium,Singapore,Entry,Bachelor's,43593,"Power BI, Tableau, DAX",On-site,Dec,389,Analyze business data and create reports and dashboards.
14878,Data Engineer,TechNova,Startup,Australia,Mid,Bachelor's,152652,"AWS, SQL, Python, Spark",Hybrid,Feb,201,Design and maintain data pipelines and data warehouses.
14879,Data Engineer,Analytica,Enterprise,India,Senior,PhD,103393,"AWS, SQL, Python, Spark",Hybrid,Feb,283,Design and maintain data pipelines and data warehouses.
14880,Data Scientist,CloudMatrix,Medium,Germany,Mid,Bachelor's,156305,"PyTorch, TensorFlow, Python, Machine Learning, SQL",Hybrid,Apr,160,Build predictive models and perform advanced analytics.
14881,Data Engineer,CloudMatrix,Medium,USA,Mid,Bachelor's,153700,"Python, SQL, Spark",Hybrid,Nov,169,Design and maintain data pipelines and data warehouses.
14882,BI Developer,TechNova,Startup,Germany,Mid,Master's,99391,"SQL, Excel, Power BI",Remote,Sep,192,Develop interactive dashboards and business intelligence solutions.
14883,Data Scientist,NextGen AI,Startup,Canada,Mid,Master's,82120,"TensorFlow, SQL, Machine Learning",On-site,Jun,193,Build predictive models and perform advanced analytics.
14884,Data Scientist,DataSphere,Medium,Singapore,Senior,PhD,169448,"Python, Machine Learning, TensorFlow",Remote,Mar,124,Build predictive models and perform advanced analytics.
14885,ML Engineer,ByteWorks,Startup,UK,Entry,Bachelor's,121635,"Machine Learning, PyTorch, TensorFlow",Hybrid,Jan,388,Deploy and optimize machine learning models in production.
14886,Data Analyst,ByteWorks,Startup,UK,Senior,Master's,97607,"DAX, Excel, Python",Hybrid,Apr,66,Analyze business data and create reports and dashboards.
14887,Data Engineer,Analytica,Enterprise,Australia,Senior,PhD,143690,"Spark, AWS, SQL",Remote,Jan,61,Design and maintain data pipelines and data warehouses.
14888,BI Developer,TechNova,Startup,UK,Entry,Bachelor's,55850,"Power BI, SQL, Excel, DAX",Remote,Aug,446,Develop interactive dashboards and business intelligence solutions.
14889,Data Scientist,InnoSoft,Enterprise,India,Senior,PhD,84342,"SQL, Machine Learning, Python",Hybrid,Jul,174,Build predictive models and perform advanced analytics.
14890,Data Scientist,CloudMatrix,Medium,Canada,Senior,PhD,97856,"Machine Learning, Python, SQL, PyTorch",On-site,Nov,143,Build predictive models and perform advanced analytics.
14891,Business Analyst,Analytica,Enterprise,Australia,Entry,Bachelor's,39582,"Tableau, Power BI, Excel, SQL",Remote,Aug,411,Gather requirements and improve business processes through data insights.
14892,Data Analyst,Insight Corp,Enterprise,UK,Mid,Bachelor's,86612,"Power BI, Tableau, Python",Hybrid,Jul,88,Analyze business data and create reports and dashboards.
14893,AI Engineer,NextGen AI,Startup,Germany,Mid,Bachelor's,178373,"PyTorch, AWS, Python",On-site,Mar,249,Build AI systems using deep learning and generative AI technologies.
14894,ML Engineer,InnoSoft,Enterprise,USA,Mid,Bachelor's,198410,"AWS, Machine Learning, Python, PyTorch, TensorFlow",Remote,Dec,174,Deploy and optimize machine learning models in production.
14895,BI Developer,InnoSoft,Enterprise,Canada,Entry,Bachelor's,47361,"Power BI, SQL, DAX",Hybrid,Jul,193,Develop interactive dashboards and business intelligence solutions.
14896,Data Scientist,Insight Corp,Enterprise,Australia,Entry,Bachelor's,84750,"TensorFlow, Machine Learning, SQL, Python, PyTorch",On-site,Dec,423,Build predictive models and perform advanced analytics.
14897,AI Engineer,DataSphere,Medium,UK,Entry,Master's,113859,"PyTorch, TensorFlow, Python",On-site,Dec,205,Build AI systems using deep learning and generative AI technologies.
14898,BI Developer,CloudMatrix,Medium,India,Mid,Master's,48375,"Excel, DAX, Power BI, SQL",Hybrid,May,196,Develop interactive dashboards and business intelligence solutions.
14899,Data Engineer,Insight Corp,Enterprise,Germany,Mid,Master's,122458,"SQL, Python, AWS",On-site,Mar,189,Design and maintain data pipelines and data warehouses.
14900,AI Engineer,CloudMatrix,Medium,India,Entry,Master's,56935,"AWS, PyTorch, Python, TensorFlow, Machine Learning",On-site,Jan,430,Build AI systems using deep learning and generative AI technologies.
14901,Data Scientist,ByteWorks,Startup,Australia,Entry,Bachelor's,80709,"SQL, Python, PyTorch",Remote,Nov,307,Build predictive models and perform advanced analytics.
14902,BI Developer,DataSphere,Medium,Australia,Mid,Master's,63713,"Excel, SQL, DAX, Power BI",Hybrid,Oct,226,Develop interactive dashboards and business intelligence solutions.
14903,ML Engineer,InnoSoft,Enterprise,Germany,Mid,Master's,109243,"TensorFlow, Python, AWS, PyTorch",Hybrid,Apr,146,Deploy and optimize machine learning models in production.
14904,Data Analyst,Insight Corp,Enterprise,India,Senior,PhD,38571,"Excel, DAX, Python, Tableau, SQL",Remote,Sep,203,Analyze business data and create reports and dashboards.
14905,ML Engineer,ByteWorks,Startup,Canada,Entry,Master's,116125,"TensorFlow, PyTorch, Machine Learning, Python",Hybrid,Nov,371,Deploy and optimize machine learning models in production.
14906,Business Analyst,DataSphere,Medium,UK,Senior,Master's,103917,"Power BI, SQL, Tableau",Hybrid,Jan,59,Gather requirements and improve business processes through data insights.
14907,Business Analyst,Analytica,Enterprise,Canada,Senior,Master's,85937,"Excel, Power BI, SQL, Tableau",Remote,May,171,Gather requirements and improve business processes through data insights.
14908,ML Engineer,InnoSoft,Enterprise,Australia,Mid,Bachelor's,133114,"PyTorch, Python, TensorFlow",On-site,Apr,87,Deploy and optimize machine learning models in production.
14909,Data Scientist,ByteWorks,Startup,Australia,Entry,Master's,78556,"PyTorch, Machine Learning, TensorFlow",Hybrid,Mar,303,Build predictive models and perform advanced analytics.
14910,Data Scientist,DataSphere,Medium,Australia,Mid,Bachelor's,117824,"SQL, TensorFlow, PyTorch",Remote,Mar,86,Build predictive models and perform advanced analytics.
14911,AI Engineer,InnoSoft,Enterprise,Canada,Mid,Bachelor's,109169,"Python, Machine Learning, TensorFlow, PyTorch",Hybrid,May,157,Build AI systems using deep learning and generative AI technologies.
14912,Data Analyst,Insight Corp,Enterprise,USA,Mid,Bachelor's,86047,"SQL, Tableau, Power BI, Python",Remote,Feb,159,Analyze business data and create reports and dashboards.
14913,Business Analyst,TechNova,Startup,Germany,Entry,Master's,56871,"Tableau, Power BI, SQL, Excel",Hybrid,Jul,367,Gather requirements and improve business processes through data insights.
14914,Data Scientist,CloudMatrix,Medium,Germany,Entry,Bachelor's,112789,"TensorFlow, Python, SQL, Machine Learning",Hybrid,Jul,372,Build predictive models and perform advanced analytics.
14915,Data Engineer,Insight Corp,Enterprise,India,Entry,Bachelor's,51547,"Spark, AWS, SQL, Python",Remote,Nov,455,Design and maintain data pipelines and data warehouses.
14916,BI Developer,Insight Corp,Enterprise,Singapore,Mid,Master's,68712,"SQL, Power BI, Excel",Hybrid,Oct,128,Develop interactive dashboards and business intelligence solutions.
14917,Data Analyst,TechNova,Startup,Canada,Senior,PhD,70133,"SQL, Power BI, Excel, Python, DAX",Hybrid,Oct,245,Analyze business data and create reports and dashboards.
14918,Data Analyst,CloudMatrix,Medium,UK,Mid,Bachelor's,67353,"Tableau, Power BI, Python",Hybrid,Jun,173,Analyze business data and create reports and dashboards.
14919,Data Scientist,NextGen AI,Startup,Australia,Entry,Bachelor's,65007,"PyTorch, TensorFlow, Python",Hybrid,Jun,300,Build predictive models and perform advanced analytics.
14920,BI Developer,CloudMatrix,Medium,India,Entry,Master's,35175,"DAX, SQL, Excel, Power BI",Hybrid,Oct,295,Develop interactive dashboards and business intelligence solutions.
14921,BI Developer,TechNova,Startup,USA,Senior,PhD,90446,"SQL, Power BI, DAX, Excel",On-site,Oct,87,Develop interactive dashboards and business intelligence solutions.
14922,AI Engineer,InnoSoft,Enterprise,Canada,Entry,Bachelor's,125456,"TensorFlow, AWS, Python, PyTorch",Hybrid,Feb,288,Build AI systems using deep learning and generative AI technologies.
14923,ML Engineer,Analytica,Enterprise,Australia,Entry,Bachelor's,91815,"PyTorch, TensorFlow, Machine Learning",Hybrid,Jul,301,Deploy and optimize machine learning models in production.
14924,Data Analyst,Insight Corp,Enterprise,Canada,Senior,Master's,71994,"DAX, Power BI, Excel",Hybrid,May,170,Analyze business data and create reports and dashboards.
14925,AI Engineer,DataSphere,Medium,Australia,Entry,Master's,115711,"AWS, Python, Machine Learning",Hybrid,Apr,395,Build AI systems using deep learning and generative AI technologies.
14926,Data Scientist,TechNova,Startup,USA,Entry,Master's,97391,"TensorFlow, PyTorch, SQL",Hybrid,Aug,354,Build predictive models and perform advanced analytics.
14927,Business Analyst,DataSphere,Medium,USA,Mid,Master's,62436,"SQL, Tableau, Excel",Remote,Dec,80,Gather requirements and improve business processes through data insights.
14928,ML Engineer,ByteWorks,Startup,Germany,Mid,Master's,114519,"AWS, TensorFlow, Python",Remote,Apr,204,Deploy and optimize machine learning models in production.
14929,Data Engineer,Insight Corp,Enterprise,Australia,Entry,Bachelor's,112800,"AWS, Spark, Python, SQL",On-site,Jun,169,Design and maintain data pipelines and data warehouses.
14930,ML Engineer,Insight Corp,Enterprise,UK,Mid,Master's,133636,"TensorFlow, AWS, Python, PyTorch, Machine Learning",Hybrid,Sep,165,Deploy and optimize machine learning models in production.
14931,Data Analyst,NextGen AI,Startup,Australia,Mid,Master's,77864,"SQL, Power BI, Excel, Python, DAX",Remote,Feb,110,Analyze business data and create reports and dashboards.
14932,Data Engineer,TechNova,Startup,Singapore,Entry,Master's,114810,"Spark, SQL, Python, AWS",Hybrid,Feb,342,Design and maintain data pipelines and data warehouses.
14933,Business Analyst,NextGen AI,Startup,Singapore,Entry,Bachelor's,70448,"Tableau, Excel, Power BI",On-site,Aug,274,Gather requirements and improve business processes through data insights.
14934,AI Engineer,InnoSoft,Enterprise,UK,Entry,Master's,143384,"AWS, Machine Learning, TensorFlow",On-site,Apr,328,Build AI systems using deep learning and generative AI technologies.
14935,Data Analyst,NextGen AI,Startup,Australia,Mid,Master's,80439,"Power BI, SQL, Tableau, Excel, DAX",Remote,May,241,Analyze business data and create reports and dashboards.
14936,Data Scientist,TechNova,Startup,India,Mid,Bachelor's,52762,"TensorFlow, Machine Learning, PyTorch, Python, SQL",Remote,Aug,157,Build predictive models and perform advanced analytics.
14937,Business Analyst,InnoSoft,Enterprise,Australia,Mid,Master's,82690,"Power BI, Tableau, SQL, Excel",On-site,Jan,80,Gather requirements and improve business processes through data insights.
14938,Business Analyst,Analytica,Enterprise,Canada,Entry,Master's,59891,"SQL, Excel, Tableau",Remote,Sep,252,Gather requirements and improve business processes through data insights.
14939,Business Analyst,InnoSoft,Enterprise,Canada,Senior,Master's,79709,"Excel, SQL, Power BI, Tableau",Remote,Oct,83,Gather requirements and improve business processes through data insights.
14940,AI Engineer,NextGen AI,Startup,Singapore,Senior,Master's,214374,"AWS, TensorFlow, PyTorch",Hybrid,Apr,56,Build AI systems using deep learning and generative AI technologies.
14941,Data Engineer,DataSphere,Medium,UK,Entry,Master's,102378,"Spark, SQL, AWS, Python",Hybrid,Dec,398,Design and maintain data pipelines and data warehouses.
14942,ML Engineer,TechNova,Startup,Australia,Entry,Bachelor's,90866,"PyTorch, TensorFlow, AWS, Machine Learning",Hybrid,Nov,454,Deploy and optimize machine learning models in production.
14943,Business Analyst,ByteWorks,Startup,Canada,Entry,Bachelor's,49854,"Power BI, Tableau, Excel",Hybrid,Oct,316,Gather requirements and improve business processes through data insights.
14944,ML Engineer,Insight Corp,Enterprise,India,Senior,Master's,82650,"AWS, TensorFlow, PyTorch, Python",Remote,Sep,240,Deploy and optimize machine learning models in production.
14945,Data Engineer,Insight Corp,Enterprise,Australia,Entry,Master's,81213,"SQL, Python, Spark",On-site,Feb,329,Design and maintain data pipelines and data warehouses.
14946,Data Scientist,InnoSoft,Enterprise,Canada,Mid,Bachelor's,92971,"TensorFlow, Machine Learning, SQL, Python",Hybrid,May,224,Build predictive models and perform advanced analytics.
14947,BI Developer,CloudMatrix,Medium,UK,Senior,PhD,88585,"DAX, SQL, Excel, Power BI",On-site,May,188,Develop interactive dashboards and business intelligence solutions.
14948,AI Engineer,Insight Corp,Enterprise,Australia,Mid,Master's,156431,"TensorFlow, AWS, Machine Learning, Python, PyTorch",On-site,Jan,158,Build AI systems using deep learning and generative AI technologies.
14949,BI Developer,Analytica,Enterprise,India,Mid,Bachelor's,35233,"Power BI, Excel, SQL, DAX",Remote,Feb,313,Develop interactive dashboards and business intelligence solutions.
14950,ML Engineer,InnoSoft,Enterprise,India,Senior,PhD,81866,"Machine Learning, AWS, PyTorch",Remote,Feb,259,Deploy and optimize machine learning models in production.
14951,Data Engineer,ByteWorks,Startup,Singapore,Entry,Bachelor's,104117,"Spark, AWS, SQL, Python",Remote,Jun,283,Design and maintain data pipelines and data warehouses.
14952,Data Engineer,DataSphere,Medium,Australia,Senior,PhD,204792,"SQL, Python, Spark, AWS",On-site,Jan,182,Design and maintain data pipelines and data warehouses.
14953,Business Analyst,CloudMatrix,Medium,Singapore,Mid,Bachelor's,69560,"Power BI, SQL, Excel, Tableau",Hybrid,Jun,140,Gather requirements and improve business processes through data insights.
14954,BI Developer,Analytica,Enterprise,USA,Senior,PhD,140588,"Excel, Power BI, SQL, DAX",Remote,Nov,78,Develop interactive dashboards and business intelligence solutions.
14955,AI Engineer,NextGen AI,Startup,Germany,Entry,Bachelor's,131542,"Python, Machine Learning, TensorFlow",Remote,Oct,396,Build AI systems using deep learning and generative AI technologies.
14956,AI Engineer,CloudMatrix,Medium,Canada,Senior,Master's,207427,"PyTorch, Python, TensorFlow, Machine Learning, AWS",Remote,Jun,160,Build AI systems using deep learning and generative AI technologies.
14957,ML Engineer,ByteWorks,Startup,Singapore,Senior,Master's,223385,"AWS, TensorFlow, Machine Learning, PyTorch, Python",On-site,Apr,119,Deploy and optimize machine learning models in production.
14958,ML Engineer,TechNova,Startup,USA,Mid,Master's,146118,"Python, TensorFlow, AWS, PyTorch, Machine Learning",Hybrid,Jun,182,Deploy and optimize machine learning models in production.
14959,Data Engineer,Insight Corp,Enterprise,India,Entry,Bachelor's,37687,"SQL, Python, AWS, Spark",Remote,Aug,529,Design and maintain data pipelines and data warehouses.
14960,Business Analyst,Analytica,Enterprise,Canada,Senior,PhD,59563,"Excel, Tableau, SQL, Power BI",Remote,Jan,52,Gather requirements and improve business processes through data insights.
14961,AI Engineer,NextGen AI,Startup,Canada,Entry,Bachelor's,86127,"Machine Learning, AWS, TensorFlow, PyTorch, Python",Remote,Oct,450,Build AI systems using deep learning and generative AI technologies.
14962,Data Scientist,TechNova,Startup,Germany,Entry,Master's,93421,"Machine Learning, TensorFlow, Python",Hybrid,Jul,283,Build predictive models and perform advanced analytics.
14963,Data Analyst,DataSphere,Medium,Canada,Senior,Master's,90487,"DAX, Python, SQL, Power BI",Remote,Jan,210,Analyze business data and create reports and dashboards.
14964,Data Analyst,CloudMatrix,Medium,UK,Entry,Bachelor's,54012,"Tableau, Excel, SQL",On-site,Feb,288,Analyze business data and create reports and dashboards.
14965,AI Engineer,ByteWorks,Startup,Singapore,Mid,Bachelor's,126079,"TensorFlow, PyTorch, Machine Learning",On-site,Sep,140,Build AI systems using deep learning and generative AI technologies.
14966,Data Engineer,ByteWorks,Startup,India,Mid,Master's,77594,"AWS, SQL, Spark",On-site,Jan,309,Design and maintain data pipelines and data warehouses.
14967,ML Engineer,TechNova,Startup,Germany,Mid,Bachelor's,158734,"Python, AWS, TensorFlow, Machine Learning, PyTorch",On-site,Feb,63,Deploy and optimize machine learning models in production.
14968,Data Engineer,NextGen AI,Startup,USA,Mid,Bachelor's,138886,"Python, Spark, SQL, AWS",On-site,Aug,55,Design and maintain data pipelines and data warehouses.
14969,Data Engineer,TechNova,Startup,Canada,Entry,Master's,121255,"AWS, Python, Spark",Remote,Jul,343,Design and maintain data pipelines and data warehouses.
14970,Data Analyst,CloudMatrix,Medium,Singapore,Entry,Master's,52404,"Python, Excel, DAX, Power BI",Remote,Dec,244,Analyze business data and create reports and dashboards.
14971,Data Engineer,InnoSoft,Enterprise,Australia,Senior,PhD,177818,"SQL, AWS, Python, Spark",Hybrid,Sep,188,Design and maintain data pipelines and data warehouses.
14972,Data Engineer,CloudMatrix,Medium,Germany,Entry,Bachelor's,115778,"Spark, SQL, Python, AWS",Remote,Oct,374,Design and maintain data pipelines and data warehouses.
14973,BI Developer,Analytica,Enterprise,UK,Mid,Master's,87874,"Power BI, DAX, Excel",Hybrid,Nov,134,Develop interactive dashboards and business intelligence solutions.
14974,AI Engineer,Insight Corp,Enterprise,UK,Entry,Bachelor's,135604,"Machine Learning, PyTorch, TensorFlow, Python",Remote,Apr,457,Build AI systems using deep learning and generative AI technologies.
14975,Data Analyst,Analytica,Enterprise,Australia,Senior,PhD,75607,"Excel, Python, SQL, DAX",Remote,Jan,250,Analyze business data and create reports and dashboards.
14976,AI Engineer,DataSphere,Medium,India,Mid,Bachelor's,83402,"Machine Learning, Python, PyTorch",On-site,Dec,282,Build AI systems using deep learning and generative AI technologies.
14977,ML Engineer,NextGen AI,Startup,Germany,Mid,Master's,112218,"Python, PyTorch, TensorFlow, AWS",Remote,Jun,78,Deploy and optimize machine learning models in production.
14978,AI Engineer,NextGen AI,Startup,Australia,Senior,PhD,154918,"Python, Machine Learning, PyTorch",Hybrid,Feb,139,Build AI systems using deep learning and generative AI technologies.
14979,Data Analyst,TechNova,Startup,UK,Entry,Master's,48276,"DAX, SQL, Python, Tableau, Excel",On-site,Feb,342,Analyze business data and create reports and dashboards.
14980,BI Developer,ByteWorks,Startup,USA,Mid,Bachelor's,63396,"Excel, DAX, Power BI, SQL",Remote,May,50,Develop interactive dashboards and business intelligence solutions.
14981,Business Analyst,Analytica,Enterprise,Germany,Entry,Master's,46542,"SQL, Excel, Tableau, Power BI",Remote,May,373,Gather requirements and improve business processes through data insights.
14982,Data Engineer,DataSphere,Medium,Singapore,Entry,Master's,132544,"Python, Spark, AWS, SQL",Hybrid,Aug,237,Design and maintain data pipelines and data warehouses.
14983,Data Scientist,NextGen AI,Startup,India,Entry,Bachelor's,41526,"TensorFlow, Machine Learning, Python, SQL, PyTorch",Hybrid,Dec,430,Build predictive models and perform advanced analytics.
14984,BI Developer,DataSphere,Medium,Singapore,Entry,Bachelor's,64563,"Excel, SQL, DAX, Power BI",Hybrid,Feb,165,Develop interactive dashboards and business intelligence solutions.
14985,Data Engineer,InnoSoft,Enterprise,India,Mid,Master's,45650,"Python, SQL, Spark, AWS",On-site,Jan,260,Design and maintain data pipelines and data warehouses.
14986,BI Developer,InnoSoft,Enterprise,Canada,Entry,Master's,66898,"Excel, DAX, SQL, Power BI",Hybrid,May,373,Develop interactive dashboards and business intelligence solutions.
14987,Data Engineer,ByteWorks,Startup,Germany,Entry,Bachelor's,124812,"AWS, Python, SQL, Spark",Remote,Sep,351,Design and maintain data pipelines and data warehouses.
14988,Data Analyst,CloudMatrix,Medium,Germany,Entry,Bachelor's,49691,"Power BI, SQL, DAX, Excel, Tableau",On-site,Aug,282,Analyze business data and create reports and dashboards.
14989,Business Analyst,Insight Corp,Enterprise,USA,Mid,Master's,54811,"Tableau, Power BI, SQL",On-site,May,217,Gather requirements and improve business processes through data insights.
14990,Data Scientist,TechNova,Startup,Singapore,Mid,Bachelor's,145884,"PyTorch, Machine Learning, Python, TensorFlow",Hybrid,Nov,179,Build predictive models and perform advanced analytics.
14991,AI Engineer,NextGen AI,Startup,USA,Mid,Master's,158033,"Machine Learning, PyTorch, Python, TensorFlow",Remote,Jul,126,Build AI systems using deep learning and generative AI technologies.
14992,BI Developer,CloudMatrix,Medium,Singapore,Entry,Bachelor's,66936,"DAX, SQL, Power BI, Excel",Remote,Jul,299,Develop interactive dashboards and business intelligence solutions.
14993,ML Engineer,ByteWorks,Startup,Australia,Mid,Bachelor's,109665,"TensorFlow, Machine Learning, AWS",Remote,May,174,Deploy and optimize machine learning models in production.
14994,AI Engineer,Analytica,Enterprise,Canada,Mid,Master's,111885,"AWS, Machine Learning, Python",Hybrid,Nov,83,Build AI systems using deep learning and generative AI technologies.
14995,AI Engineer,TechNova,Startup,Singapore,Senior,PhD,201740,"TensorFlow, Python, PyTorch",Hybrid,Jan,157,Build AI systems using deep learning and generative AI technologies.
14996,Data Engineer,TechNova,Startup,Germany,Senior,PhD,159999,"Spark, Python, AWS, SQL",On-site,Mar,88,Design and maintain data pipelines and data warehouses.
14997,Business Analyst,ByteWorks,Startup,Australia,Mid,Bachelor's,73866,"Power BI, Tableau, SQL, Excel",Remote,Dec,163,Gather requirements and improve business processes through data insights.
14998,BI Developer,TechNova,Startup,India,Mid,Master's,48600,"DAX, Excel, Power BI",Remote,Feb,279,Develop interactive dashboards and business intelligence solutions.
14999,Data Scientist,Analytica,Enterprise,Australia,Senior,PhD,132608,"PyTorch, TensorFlow, Python",Remote,Feb,78,Build predictive models and perform advanced analytics.
15000,Data Scientist,DataSphere,Medium,UK,Mid,Master's,87615,"Machine Learning, SQL, Python, TensorFlow, PyTorch",Hybrid,May,220,Build predictive models and perform advanced analytics.
